date,pm25,pm10,o3,no2,so2,co,psi
31/12/2013, , 29, 18, 6, 2, 3, 29
01/01/2014, 68, 29, 20, 7, 3, 3, 35
02/01/2014, 69, 30, 17, 7, 2, 3, 30
03/01/2014, 72, 24, 14, 11, 2, 4, 24
04/01/2014, 61, 20, 7, 8, 3, 5, 13
05/01/2014, 48, 15, 8, 10, 2, 4, 20
06/01/2014, 40, 29, 13, 11, 2, 4, 34
07/01/2014, 66, 29, 15, 9, 2, 4, 28
08/01/2014, 67, 20, 10, 12, 2, 4, 19
09/01/2014, 53, 22, 20, 15, 5, 5, 24
10/01/2014, 58, 21, 14, 8, 8, 4, 16
11/01/2014, 53, 18, 12, 4, 1, 5, 20
12/01/2014, 48, 21, 17, 5, 1, 4, 27
13/01/2014, 52, 26, 14, 7, 2, 4, 33
14/01/2014, 57, 27, 21, 8, 1, 2, 36
15/01/2014, 60, 31, 29, 8, 1, 2, 37
16/01/2014, 69, 31, 28, 6, 2, 3, 31
17/01/2014, 68, 26, 20, 5, 1, 2, 28
18/01/2014, 58, 27, 21, 3, 1, 2, 29
19/01/2014, 56, 27, 20, 6, 2, 2, 30
20/01/2014, 60, 29, 26, 7, , 3, 34
21/01/2014, 65, 33, 25, 7, , 4, 33
22/01/2014, 70, 35, 31, 7, 2, 6, 45
23/01/2014, 78, 41, 29, 7, 1, 4, 47
24/01/2014, 87, 39, 23, 6, 1, 4, 42
25/01/2014, 81, 34, 31, 4, 2, 5, 38
26/01/2014, 72, 29, 26, 5, 2, 4, 31
27/01/2014, 69, 26, 20, 5, 2, 3, 32
28/01/2014, 61, 24, 19, 5, , 3, 26
29/01/2014, 53, 25, 21, 6, 2, 5, 24
30/01/2014, 56, 23, 21, 3, 2, 5, 26
31/01/2014, 54, 22, 26, 3, 3, 4, 24
01/02/2014, 55, 19, 22, 3, 3, 5, 23
02/02/2014, 52, 19, 24, 6, 3, 5, 21
03/02/2014, 52, 21, 27, 6, 2, 3, 30
04/02/2014, 57, 28, 26, 6, 2, 4, 32
05/02/2014, 68, 22, 19, 5, 2, 4, 24
06/02/2014, 58, 19, 18, 5, 2, 3, 25
07/02/2014, 52, 27, 23, 7, 2, 5, 39
08/02/2014, 66, 28, 31, 7, 2, 5, 30
09/02/2014, 68, 27, 27, 8, 4, 5, 31
10/02/2014, 65, 24, 16, 5, 3, 5, 29
11/02/2014, 59, 24, 18, 5, 2, 4, 29
12/02/2014, 60, 29, 16, 5, 2, 3, 34
13/02/2014, 67, 27, 18, 4, 2, 3, 31
14/02/2014, 62, 29, 25, 4, , 3, 35
15/02/2014, 62, 30, 24, 2, , 4, 31
16/02/2014, 63, 26, 21, 4, 1, 4, 34
17/02/2014, 60, 25, 19, 4, 1, 4, 34
18/02/2014, 58, 24, 19, 5, 2, 4, 32
19/02/2014, 56, 23, 19, 5, 2, 4, 26
20/02/2014, 56, 23, 14, 5, 2, 4, 30
21/02/2014, 54, 27, 21, 4, 2, 4, 33
22/02/2014, 58, 31, 25, 4, 2, 4, 32
23/02/2014, 63, 30, 27, 5, 2, 4, 35
24/02/2014, 66, 30, 21, 6, 2, 4, 35
25/02/2014, 66, 30, 19, 5, 3, 2, 32
26/02/2014, 64, 30, 17, 5, 3, 4, 30
27/02/2014, 66, 32, 19, 4, 3, 5, 33
28/02/2014, 71, 28, 18, 5, 4, 3, 32
01/03/2014, 61, 27, 23, 4, 4, 3, 28
02/03/2014, 57, 24, 25, 5, 4, 3, 31
03/03/2014, 60, 36, 27, 6, 3, 4, 46
04/03/2014, 80, 35, 19, 5, 1, 3, 29
05/03/2014, 79, 26, 18, 6, , 1, 31
06/03/2014, 59, 34, 18, 7, 2, 7, 44
07/03/2014, 75, 42, 24, 5, 3, 8, 46
08/03/2014, 97, 43, 25, 4, 3, 5, 40
09/03/2014, 99, 42, 21, 5, 3, 6, 44
10/03/2014, 97, 44, 25, 5, 3, 5, 46
11/03/2014, 100, 52, 23, 6, 3, 4, 58
12/03/2014, 117, 57, 26, 6, 3, 6, 56
13/03/2014, 126, 54, 26, 7, 3, 8, 56
14/03/2014, 129, 58, 10, 5, 5, 5, 38
15/03/2014, 138, 32, 6, 6, 4, 4, 24
16/03/2014, 72, 21, 5, 7, 4, 3, 19
17/03/2014, 57, 19, 9, 7, 4, 3, 26
18/03/2014, 52, 27, 14, 10, 4, 4, 31
19/03/2014, 61, 27, 13, 9, 4, 5, 33
20/03/2014, 65, 28, 21, 11, 4, 5, 33
21/03/2014, 64, 28, 23, 5, 4, 4, 39
22/03/2014, 71, 31, 21, 4, 3, 4, 28
23/03/2014, 73, 28, 18, 5, 3, 5, 32
24/03/2014, 67, 30, 16, 5, 3, 4, 35
25/03/2014, 70, 33, 15, 4, , 4, 35
26/03/2014, 74, 30, 15, 4, , 4, 35
27/03/2014, 71, 33, 17, 6, 3, 5, 38
28/03/2014, 76, 22, 14, 11, 3, 2, 25
29/03/2014, 60, 28, 17, 11, 4, 5, 31
30/03/2014, 65, 20, 19, 9, 5, 3, 23
31/03/2014, 59, 22, 28, 11, 4, 3, 
01/04/2014, 61, 21, 27, 11, 6, 3, 
02/04/2014, 58, 18, 19, 9, 5, 2, 
03/04/2014, 53, 21, 29, 17, 4, 4, 
04/04/2014, 58, 28, 9, 17, 6, 3, 
05/04/2014, 70, 20, 20, 9, 4, 4, 
06/04/2014, 58, 18, 23, 11, 3, 3, 
07/04/2014, 51, 20, 21, 12, 4, 4, 
08/04/2014, 55, 26, 35, 15, 5, 4, 
09/04/2014, 63, 25, 15, 12, 4, 4, 
10/04/2014, 64, 27, 23, 18, 5, 6, 
11/04/2014, 65, 27, 24, 16, 4, 5, 55
12/04/2014, 68, 22, 27, 10, 3, 2, 57
13/04/2014, 61, 20, 11, 10, 2, 2, 55
14/04/2014, 57, 24, 12, 31, 2, 5, 
15/04/2014, 61, 35, 18, 12, 6, 4, 
16/04/2014, 82, 26, 11, 25, 7, 4, 
17/04/2014, 65, 37, 26, 21, 11, 5, 
18/04/2014, 89, 21, 15, 21, 5, 6, 
19/04/2014, 61, 30, 19, 13, 15, 4, 
20/04/2014, 76, 20, 4, 26, 12, 7, 
21/04/2014, 55, 29, 2, 21, 11, 8, 
22/04/2014, 70, 33, 6, 27, 14, 9, 
23/04/2014, 80, 27, 15, 19, 8, 6, 
24/04/2014, 65, 19, 13, 21, 8, 7, 
25/04/2014, 57, 32, 19, 17, 10, 7, 
26/04/2014, 82, 26, 11, 13, 9, 6, 
27/04/2014, 72, 20, 20, 22, 9, 7, 
28/04/2014, 59, 27, 22, 22, 23, 5, 
29/04/2014, 70, 30, 10, 31, 14, 8, 
30/04/2014, 76, 34, 10, 16, 11, 7, 
01/05/2014, 80, 17, 13, 20, 17, 7, 
02/05/2014, 53, 16, 11, 13, 9, 6, 
03/05/2014, 46, 14, 7, 11, 8, 7, 
04/05/2014, 38, 20, 23, 8, 9, 7, 
05/05/2014, 57, 18, 5, 11, 8, 6, 
06/05/2014, 50, 19, 14, 16, 7, 3, 50
07/05/2014, 52, 19, 21, 20, 8, 5, 46
08/05/2014, 52, 29, 22, 22, 15, 8, 66
09/05/2014, 71, 19, 17, 10, 10, 4, 45
10/05/2014, 51, 21, 21, 16, 10, 6, 56
11/05/2014, 51, 25, 9, 16, 7, 6, 56
12/05/2014, 64, 23, 27, 15, 12, 8, 61
13/05/2014, 61, 25, 14, 17, 19, 5, 55
14/05/2014, 68, 18, 17, 12, 20, 3, 52
15/05/2014, 54, 14, 16, 10, 10, 2, 46
16/05/2014, 42, 16, 15, 11, 11, 3, 44
17/05/2014, 40, 13, 8, 12, 10, 3, 37
18/05/2014, 35, 15, 8, 11, 9, 5, 48
19/05/2014, 44, 13, 13, 14, 9, 4, 43
20/05/2014, 38, 23, 18, 27, 12, 6, 62
21/05/2014, 62, 28, 16, 15, 15, 5, 55
22/05/2014, 70, 13, 8, 11, 11, 3, 38
23/05/2014, 44, 19, 16, 11, 10, 6, 52
24/05/2014, 51, 14, 19, 11, 10, 4, 40
25/05/2014, 40, 11, 10, 12, 9, 4, 42
26/05/2014, 34, 26, 14, 16, 14, 9, 59
27/05/2014, 64, 18, 21, 8, 17, 4, 36
28/05/2014, 46, 20, 23, 18, 11, 7, 57
29/05/2014, 53, 23, 11, 16, 17, 5, 57
30/05/2014, 62, 20, 13, 11, 21, 5, 43
31/05/2014, 55, 11, 11, 6, 12, 5, 32
01/06/2014, 32, 13, 15, 10, 10, 5, 51
02/06/2014, 40, 16, 17, 8, 11, 5, 48
03/06/2014, 45, 16, 5, 10, 11, 6, 45
04/06/2014, 43, 16, 5, 10, 13, 7, 48
05/06/2014, 42, 15, 6, 9, 12, 6, 41
06/06/2014, 43, 21, 14, 7, 15, 9, 49
07/06/2014, 57, 13, 14, 7, 11, 5, 39
08/06/2014, 39, 14, 18, 10, 11, 5, 46
09/06/2014, 41, 20, 13, 11, 12, 5, 56
10/06/2014, 52, 19, 14, 8, 3, 1, 48
11/06/2014, 48, 16, 12, 8, 2, 3, 46
12/06/2014, 45, 20, 15, 8, 5, 4, 52
13/06/2014, 56, 18, 5, 12, 6, 5, 44
14/06/2014, 51, 15, 14, 10, 7, 5, 42
15/06/2014, 41, 18, 12, 7, 5, 4, 51
16/06/2014, 52, 17, 18, 7, 4, 4, 44
17/06/2014, 48, 15, 16, 9, 3, 4, 44
18/06/2014, 44, 16, 16, 9, 5, 5, 46
19/06/2014, 44, 17, 18, 7, 4, 4, 49
20/06/2014, 49, 16, 21, 7, 4, 2, 50
21/06/2014, 44, 23, 29, 9, 6, 4, 59
22/06/2014, 61, 26, 25, 12, 9, 6, 58
23/06/2014, 70, 29, 17, 12, 15, 6, 61
24/06/2014, 74, 20, 20, 8, 10, 4, 43
25/06/2014, 55, 14, 18, 8, 9, 5, 47
26/06/2014, 41, 18, 8, 10, 13, 5, 49
27/06/2014, 51, 18, 13, 11, 14, 3, 55
28/06/2014, 52, 17, 19, 11, 10, 4, 44
29/06/2014, 47, 20, 11, 14, 8, 5, 50
30/06/2014, 55, 15, 16, 11, 6, 3, 48
01/07/2014, 43, 19, 15, 10, 4, 4, 55
02/07/2014, 52, 24, 15, 11, 5, 3, 60
03/07/2014, 62, 24, 10, 11, 5, 5, 59
04/07/2014, 61, 23, 9, 11, 3, 4, 53
05/07/2014, 61, 19, 10, 9, 6, 3, 52
06/07/2014, 54, 17, 11, 10, 5, 2, 51
07/07/2014, 51, 17, 16, 9, 6, 2, 52
08/07/2014, 50, 18, 10, 7, 6, 1, 42
09/07/2014, 47, 14, 11, 5, 4, 2, 48
10/07/2014, 41, 17, 10, 10, 6, 4, 54
11/07/2014, 52, 19, 9, 17, 9, 5, 52
12/07/2014, 57, 18, 11, 7, 16, 4, 46
13/07/2014, 53, 16, 12, 8, 4, 4, 48
14/07/2014, 46, 23, 18, 6, 4, 5, 54
15/07/2014, 57, 23, 20, 7, 2, 5, 54
16/07/2014, 56, 24, 10, 11, 4, 5, 57
17/07/2014, 60, 20, 15, 8, 6, 5, 55
18/07/2014, 56, 19, 13, 7, 3, 4, 52
19/07/2014, 53, 18, 20, 9, 4, 4, 51
20/07/2014, 49, 16, 17, 7, 3, 5, 47
21/07/2014, 48, 16, 15, 6, 3, 5, 44
22/07/2014, 44, 18, 19, 7, 3, 6, 53
23/07/2014, 51, 23, 21, 6, 3, 6, 56
24/07/2014, 59, 28, 18, 7, 3, 4, 59
25/07/2014, 65, 26, 19, 3, 1, 1, 56
26/07/2014, 61, 22, 20, 6, 3, 4, 51
27/07/2014, 56, 20, 15, 6, 4, 4, 52
28/07/2014, 54, 19, 9, 7, 4, 4, 48
29/07/2014, 49, 19, 7, 9, 4, 5, 55
30/07/2014, 52, 20, 10, 6, 5, 6, 42
31/07/2014, 52, 13, 11, 7, 5, 4, 42
01/08/2014, 35, 18, 11, 5, 4, 4, 53
02/08/2014, 49, 22, 11, 6, 3, 5, 56
03/08/2014, 60, 21, 10, 7, 5, 5, 56
04/08/2014, 60, 19, 8, 5, 4, 5, 43
05/08/2014, 51, 15, 5, 9, 6, 4, 46
06/08/2014, 42, 13, 6, 6, 4, 1, 37
07/08/2014, 38, 14, 5, 7, 3, 3, 41
08/08/2014, 39, 13, 7, 4, 7, 1, 31
09/08/2014, 34, 10, 7, 5, 8, 1, 30
10/08/2014, 30, 10, 6, 5, 11, 2, 36
11/08/2014, 31, 13, 4, 8, 12, 3, 43
12/08/2014, 36, 15, 5, 9, 16, 4, 49
13/08/2014, 46, 14, 5, 8, 12, 2, 47
14/08/2014, 43, 15, 3, 11, 5, 1, 46
15/08/2014, 44, 21, 10, 9, 6, 2, 60
16/08/2014, 58, 21, 5, 9, 6, 2, 55
17/08/2014, 57, 20, 12, 6, 3, 2, 55
18/08/2014, 55, 24, 9, 8, 4, 2, 55
19/08/2014, 59, 23, 8, 11, 7, 2, 60
20/08/2014, 59, 23, 8, 11, 6, 1, 60
21/08/2014, 62, 23, 8, 8, 7, 2, 54
22/08/2014, 61, 15, 6, 8, 4, 3, 43
23/08/2014, 41, 17, 3, 10, 7, 5, 55
24/08/2014, 51, 23, 5, 10, 8, 6, 59
25/08/2014, 61, 26, 5, 11, 7, 7, 60
26/08/2014, 65, 21, 7, 14, 13, 5, 51
27/08/2014, 58, 18, 3, 12, 13, 5, 47
28/08/2014, 54, 17, 8, 10, 8, 3, 54
29/08/2014, 49, 20, 8, 10, 6, 5, 56
30/08/2014, 59, 19, 7, 8, 6, 4, 54
31/08/2014, 53, 23, 12, 7, 4, 4, 61
01/09/2014, 62, 27, 12, 9, 5, 4, 61
02/09/2014, 68, 29, 7, 11, 6, 5, 62
03/09/2014, 73, 30, 16, 11, 8, 10, 71
04/09/2014, 77, 31, 21, 13, 9, 5, 62
05/09/2014, 77, 23, 15, 8, 9, 1, 40
06/09/2014, 60, 15, 36, 10, 6, 1, 52
07/09/2014, 43, 25, 27, 11, 4, 2, 64
08/09/2014, 67, 28, 19, 11, 3, 3, 62
09/09/2014, 70, 32, 21, 14, 5, 4, 61
10/09/2014, 73, 29, 20, 14, 3, 3, 61
11/09/2014, 66, 29, 21, 15, 3, 5, 65
12/09/2014, 71, 31, 22, 9, 4, 5, 66
13/09/2014, 75, 32, 23, 8, 4, 4, 67
14/09/2014, 78, 42, 26, 10, 4, 8, 90
15/09/2014, 102, 33, 30, 6, 4, 3, 62
16/09/2014, 82, 28, 31, 5, 3, 3, 67
17/09/2014, 66, 50, 32, 8, 3, 6, 97
18/09/2014, 120, 54, 19, 8, 3, 5, 89
19/09/2014, 141, 33, 11, 10, 4, 4, 56
20/09/2014, 83, 21, 26, 10, 6, 4, 62
21/09/2014, 62, 48, 32, 9, 6, 6, 77
22/09/2014, 109, 28, 26, 5, 7, 4, 61
23/09/2014, 74, 32, 18, 5, 4, 4, 69
24/09/2014, 77, 23, 15, 10, 4, 5, 49
25/09/2014, 65, 25, 31, 12, 6, 5, 66
26/09/2014, 68, 29, 18, 7, 6, 1, 66
27/09/2014, 74, 31, 31, 5, 4, 1, 73
28/09/2014, 80, 33, 27, 5, 5, 1, 70
29/09/2014, 86, 33, 35, 6, 5, 2, 73
30/09/2014, 86, 37, 26, 7, 7, 3, 74
01/10/2014, 92, 33, 30, 7, 5, 3, 74
02/10/2014, 85, 35, 30, 8, 5, 3, 73
03/10/2014, 89, 33, 17, 9, 11, 1, 64
04/10/2014, 79, 24, 20, 5, 16, 2, 33
05/10/2014, 65, 26, 31, 7, 14, 4, 94
06/10/2014, 108, 55, 28, 5, 12, , 86
07/10/2014, 105, 39, 28, 5, 6, 2, 82
08/10/2014, 111, 36, 27, 5, 5, 1, 65
09/10/2014, 76, 27, 30, 6, 5, 2, 59
10/10/2014, 66, 36, 29, 8, 5, 3, 87
11/10/2014, 120, 52, 30, 10, 5, 5, 89
12/10/2014, 117, 39, 34, 10, 6, 4, 69
13/10/2014, 88, 31, 28, 8, 4, 3, 67
14/10/2014, 76, 31, 29, 11, 5, 4, 74
15/10/2014, 88, 27, 20, 6, 4, 2, 61
16/10/2014, 68, 25, 13, 8, 4, 3, 62
17/10/2014, 71, 30, 28, 11, 7, 5, 72
18/10/2014, 95, 46, 42, 8, 8, 7, 92
19/10/2014, 128, 46, 34, 10, 8, 6, 81
20/10/2014, 104, 35, 15, 12, 7, 4, 71
21/10/2014, 86, 31, 12, 13, 6, 5, 63
22/10/2014, 71, 33, 26, 16, 13, 6, 75
23/10/2014, 97, 36, 46, 10, 8, 2, 74
24/10/2014, 89, 32, 31, 9, 6, 3, 69
25/10/2014, 83, 29, 19, 6, 6, 3, 59
26/10/2014, 68, 25, 9, 11, 5, 3, 56
27/10/2014, 62, 29, 24, 15, 8, 4, 68
28/10/2014, 88, 34, 31, 10, 5, 4, 69
29/10/2014, 71, 33, 25, 14, 3, 4, 68
30/10/2014, 90, 32, 32, 15, 4, 4, 67
31/10/2014, 83, 30, 21, 14, 4, 2, 68
01/11/2014, 81, 34, 31, 7, 4, 2, 88
02/11/2014, 120, 51, 31, 5, 3, 1, 89
03/11/2014, 108, 39, 33, 6, 3, 2, 75
04/11/2014, 95, 34, 24, 9, 3, 4, 69
05/11/2014, 95, 33, 17, 13, 3, 5, 65
06/11/2014, 79, 26, 15, 13, 4, 4, 51
07/11/2014, 70, 24, 20, 10, 6, 4, 56
08/11/2014, 60, 15, 14, 8, 5, 3, 36
09/11/2014, 37, 24, 19, 9, 5, 4, 64
10/11/2014, 76, 22, 11, 12, 4, 4, 61
11/11/2014, 64, 29, 19, 14, 4, 7, 68
12/11/2014, 79, 24, 22, 12, 4, 5, 50
13/11/2014, 49, 19, 28, 8, 2, 3, 36
14/11/2014, 38, 15, 20, 11, 2, 3, 34
15/11/2014, 45, 17, 18, 9, 3, 2, 36
16/11/2014, 39, 16, 18, 7, 2, 4, 44
17/11/2014, 45, 15, 4, 9, 1, 4, 43
18/11/2014, 47, 17, 22, 6, 2, 3, 42
19/11/2014, 45, 16, 12, 8, 1, 3, 37
20/11/2014, 42, 17, 14, 7, 1, 2, 45
21/11/2014, 43, 14, 15, 7, 1, 2, 51
22/11/2014, 45, 16, 15, 8, 1, 3, 42
23/11/2014, 44, 18, 11, 9, 1, 3, 49
24/11/2014, 53, 19, 14, 11, 5, 3, 43
25/11/2014, 60, 21, 13, 11, 6, 3, 47
26/11/2014, 57, 21, 17, 11, 4, 4, 47
27/11/2014, 52, 16, 22, 9, 12, 4, 46
28/11/2014, 44, 14, 16, 8, 13, 4, 32
29/11/2014, 40, 17, 24, 8, 8, 5, 46
30/11/2014, 53, 16, 15, 11, 10, 3, 43
01/12/2014, 45, 18, 21, 12, 13, 2, 50
02/12/2014, 55, 22, 33, 11, 11, 3, 56
03/12/2014, 67, 20, 16, 8, 7, 2, 51
04/12/2014, 48, 24, 47, 13, 11, 3, 64
05/12/2014, 75, 21, 14, 9, 10, 2, 44
06/12/2014, 48, 20, 22, 7, 4, 3, 37
07/12/2014, 42, 16, 15, 6, 4, 3, 42
08/12/2014, 47, 18, 18, 6, 4, 3, 47
09/12/2014, 51, 21, 20, 4, 2, 2, 
10/12/2014, 57, 22, 22, 6, 3, 2, 
11/12/2014, 52, 20, 24, 4, 2, 2, 
12/12/2014, 48, 16, 20, 5, 2, 1, 
13/12/2014, 38, 17, 20, 5, 2, 1, 
14/12/2014, 41, 17, 14, 5, 3, 1, 
15/12/2014, 43, 15, 6, 8, 4, 3, 
16/12/2014, 43, 15, 11, 8, 4, 2, 
17/12/2014, 33, 16, 15, 6, 3, 3, 
18/12/2014, 45, 13, 8, 9, 1, 3, 
19/12/2014, 38, 13, 15, 9, 1, 4, 
20/12/2014, 39, 16, 16, 6, 2, 3, 
21/12/2014, 37, 14, 11, 7, 2, 2, 
22/12/2014, 36, 15, 4, 8, 2, 3, 
23/12/2014, 42, 14, 13, 7, 3, 4, 
24/12/2014, 36, 15, 15, 7, 2, 4, 52
25/12/2014, 48, 18, 7, 10, 2, 4, 
26/12/2014, 49, 18, 9, 8, 2, 4, 
27/12/2014, 41, 12, 11, 6, 2, 4, 
28/12/2014, 31, , , , , , 
31/12/2014, , 21, 44, 5, 4, 1, 
01/01/2015, 65, 25, 25, 3, 3, 2, 
02/01/2015, 65, 32, 23, 4, 3, 3, 55
03/01/2015, 72, 23, 27, 5, 3, 2, 40
04/01/2015, 43, 15, 19, 7, 3, 2, 38
05/01/2015, 47, 20, 14, 7, 3, 3, 42
06/01/2015, 49, 15, 10, 7, 4, 3, 37
07/01/2015, 39, 15, 10, 6, 4, 1, 33
08/01/2015, 39, 13, 7, 6, 3, 1, 27
09/01/2015, 34, 13, 13, 5, 3, 2, 31
10/01/2015, 37, 18, 15, 3, 4, 1, 38
11/01/2015, 46, 17, 17, 3, 2, 1, 41
12/01/2015, 48, 19, 21, 2, 2, 1, 39
13/01/2015, 45, 17, 22, 2, 3, 2, 36
14/01/2015, 40, 23, 21, 4, 3, 3, 44
15/01/2015, 56, 23, 26, 5, 4, 3, 48
16/01/2015, 57, 25, 27, 4, 3, 3, 52
17/01/2015, 58, 22, 24, 2, 3, 3, 46
18/01/2015, 54, 24, 28, 2, 3, 3, 53
19/01/2015, 61, 25, 28, 2, 3, 3, 56
20/01/2015, 64, 29, 23, 3, 2, 4, 58
21/01/2015, 70, 29, 33, 3, 2, 4, 64
22/01/2015, 78, 30, 29, 3, 2, 3, 54
23/01/2015, 61, 24, 29, 2, 2, 3, 58
24/01/2015, 69, 34, 38, 2, 2, 5, 72
25/01/2015, 91, 33, 31, 3, 2, 4, 63
26/01/2015, 75, 27, 22, 3, 2, 5, 56
27/01/2015, 63, 21, 16, 3, 3, 4, 51
28/01/2015, 50, 17, 13, 3, 3, 5, 41
29/01/2015, 43, 14, 18, 3, 3, 4, 37
30/01/2015, 41, 17, 22, 3, 3, 5, 41
31/01/2015, 48, 19, 26, 4, 2, 5, 40
01/02/2015, 49, 21, 15, 8, 2, 4, 50
02/02/2015, 59, 25, 15, 7, 2, 3, 48
03/02/2015, 59, 17, 17, 3, 2, 3, 34
04/02/2015, 42, 19, 21, 2, 2, 2, 46
05/02/2015, 52, 17, 17, 3, 2, 3, 41
06/02/2015, 45, 23, 17, 3, 2, 4, 49
07/02/2015, 53, 29, 24, 3, 2, 3, 55
08/02/2015, 62, 23, 28, 3, 2, 5, 54
09/02/2015, 57, , , , , , 53
10/02/2015, 59, , , , , , 60
11/02/2015, 76, , , , , , 61
12/02/2015, 80, , , , , , 63
13/02/2015, 93, , , , , , 60
14/02/2015, 86, 29, 28, 4, 3, 5, 60
15/02/2015, 77, 26, 26, 3, 3, 5, 57
16/02/2015, 68, 22, 19, 3, 3, 5, 52
17/02/2015, 54, 20, 14, 1, 3, 4, 45
18/02/2015, 51, 19, 16, 2, 4, 5, 31
19/02/2015, 40, 17, 19, 2, 4, 4, 39
20/02/2015, 43, 17, 20, 1, 4, 5, 47
21/02/2015, 49, 17, 16, 2, 4, 4, 39
22/02/2015, 43, 18, 17, 3, , 2, 44
23/02/2015, 52, 18, 16, 4, 4, 3, 49
24/02/2015, 53, 19, 23, 5, 4, 4, 49
25/02/2015, 58, 18, 21, 4, 5, 4, 50
26/02/2015, 47, 18, 21, 4, 5, 4, 51
27/02/2015, 54, 18, 17, 4, 5, 4, 44
28/02/2015, 49, 18, 15, 3, 5, 3, 39
01/03/2015, 43, 16, 16, 5, 5, 3, 46
02/03/2015, 51, 21, 18, 5, 4, 3, 54
03/03/2015, 57, 23, 24, 8, 5, 4, 54
04/03/2015, 64, 24, 28, 4, 4, 4, 57
05/03/2015, 62, 26, 26, 5, 3, 4, 61
06/03/2015, 68, 24, 19, 2, 2, 3, 48
07/03/2015, 50, 17, 19, 3, 2, 4, 44
08/03/2015, 49, 17, 13, 2, 2, 3, 42
09/03/2015, 47, 18, 16, 3, 2, 4, 45
10/03/2015, 46, 16, 12, 5, , 4, 40
11/03/2015, 44, 18, 19, 3, , 4, 49
12/03/2015, 51, 18, 25, 3, 3, 4, 46
13/03/2015, 46, 18, 24, 2, 2, 3, 44
14/03/2015, 41, 17, 22, 2, 3, 4, 38
15/03/2015, 40, 18, 27, 2, 3, 4, 53
16/03/2015, 56, 20, 30, 2, 3, 3, 57
17/03/2015, 59, 21, 37, 2, 4, 4, 58
18/03/2015, 59, 24, 40, 2, 4, 4, 59
19/03/2015, 65, 34, 58, 3, 5, 5, 78
20/03/2015, 99, 36, 34, 2, 5, 4, 71
21/03/2015, 88, 34, 28, 2, 4, 3, 63
22/03/2015, 77, 29, 22, 2, 4, 4, 65
23/03/2015, 77, 25, 27, 1, 3, 3, 58
24/03/2015, 60, 19, 19, 1, 3, 3, 50
25/03/2015, 47, 18, 19, 1, 2, 3, 51
26/03/2015, 53, 19, 16, 1, 3, 3, 50
27/03/2015, 47, 19, 16, 1, 3, 2, 52
28/03/2015, 50, 21, 12, 1, 3, 1, 49
29/03/2015, 46, 18, 16, 1, 2, 1, 51
30/03/2015, 54, 20, 13, 1, 3, 3, 54
31/03/2015, 55, 20, 12, 4, 4, 4, 54
01/04/2015, 55, 22, 17, 7, 5, 6, 49
02/04/2015, 58, 24, 31, 8, 7, 7, 59
03/04/2015, 72, 28, 39, 5, 12, 5, 64
04/04/2015, 74, 21, 18, 4, 7, 3, 55
05/04/2015, 48, 19, 48, 6, 8, 4, 62
06/04/2015, 67, 23, 18, 3, 8, 3, 52
07/04/2015, 46, 14, 17, 2, 5, 3, 40
08/04/2015, 35, 13, 17, 2, 2, 2, 46
09/04/2015, 39, 14, 19, 2, 2, 3, 38
10/04/2015, 33, 13, 15, 3, 4, 4, 45
11/04/2015, 47, 21, 20, 2, 4, 4, 52
12/04/2015, 58, 19, 26, 2, 3, 3, 55
13/04/2015, 55, 18, 21, 2, 4, 3, 48
14/04/2015, 46, 15, 19, 2, 4, 4, 43
15/04/2015, 41, 13, 23, 2, 4, 3, 41
16/04/2015, 37, 15, 18, 2, 4, 3, 52
17/04/2015, 44, 18, 17, 3, 4, 4, 59
18/04/2015, 56, 18, 29, 4, 6, 4, 55
19/04/2015, 50, 23, 21, 6, 7, 5, 59
20/04/2015, 62, 27, 34, 7, 6, 6, 72
21/04/2015, 85, 27, 40, 7, 7, 6, 57
22/04/2015, 71, 28, 21, 7, 7, 6, 57
23/04/2015, 70, 24, 17, 7, 6, 6, 54
24/04/2015, 62, 22, 18, 6, 5, 7, 49
25/04/2015, 55, 16, 17, 3, 4, 5, 40
26/04/2015, 38, 18, 14, 7, 4, 5, 53
27/04/2015, 64, 27, 15, 5, 6, 5, 55
28/04/2015, 61, 24, 21, 7, 5, 5, 52
29/04/2015, 60, 22, 22, 7, 5, 4, 54
30/04/2015, 59, 24, 34, 7, 6, 5, 57
01/05/2015, 65, 23, 13, 8, 7, 5, 53
02/05/2015, 60, 17, 8, 5, 10, 3, 38
03/05/2015, 37, 15, 18, 7, 10, 3, 52
04/05/2015, 56, 34, 26, 9, 7, 6, 65
05/05/2015, 78, 20, 16, 13, 7, 3, 59
06/05/2015, 57, 18, 12, 9, 7, 3, 51
07/05/2015, 40, 16, 14, 9, 6, 2, 51
08/05/2015, 45, 11, 19, 6, 6, 3, 35
09/05/2015, 33, 13, 16, 4, 6, 3, 42
10/05/2015, 39, 16, 15, 6, 5, 3, 45
11/05/2015, 40, 14, 14, 6, 5, 3, 44
12/05/2015, 38, 15, 15, 8, 5, 5, 52
13/05/2015, 47, 13, 14, 8, 5, 4, 44
14/05/2015, 40, 19, 9, 17, 5, 8, 58
15/05/2015, 60, 14, 11, 9, 6, 5, 35
16/05/2015, 29, 10, 13, 8, 6, 5, 31
17/05/2015, 31, 16, 13, 11, 5, 5, 55
18/05/2015, 52, 16, 15, 8, 5, 4, 54
19/05/2015, 45, 16, 13, 8, 5, 4, 45
20/05/2015, 42, 19, 16, 8, 5, 3, 57
21/05/2015, 53, 18, 14, 8, 5, 2, 54
22/05/2015, 55, 19, 7, 11, 5, 3, 53
23/05/2015, 52, 21, 22, 10, 8, 5, 49
24/05/2015, 52, 15, 12, 9, 6, 3, 48
25/05/2015, 43, 15, 13, 8, 6, 4, 52
26/05/2015, 45, 19, 12, 8, 4, 4, 51
27/05/2015, 46, 16, 18, 7, 5, 4, 46
28/05/2015, 40, 11, 20, 5, 4, 3, 30
29/05/2015, 27, 12, 17, 4, 4, 3, 35
30/05/2015, 32, 13, 21, 4, 4, 3, 40
31/05/2015, 35, 18, 22, 8, 5, 5, 53
01/06/2015, 48, 14, 17, 8, 5, 3, 50
02/06/2015, 45, 18, 24, 11, 5, 5, 52
03/06/2015, 55, 14, 13, 7, 5, 3, 42
04/06/2015, 42, 17, 13, 10, 5, 5, 51
05/06/2015, 43, 16, 8, 16, , , 57
06/06/2015, 53, 17, 8, 10, 10, 7, 40
07/06/2015, 32, 10, 11, 9, 10, 6, 38
08/06/2015, 29, 21, 7, 17, 13, 7, 55
09/06/2015, 64, 16, 11, 10, 13, 5, 41
10/06/2015, 43, 11, 13, 9, 8, 7, 38
11/06/2015, 34, 13, 4, 10, 7, 7, 45
12/06/2015, 29, 11, 12, 12, 6, 3, 38
13/06/2015, 37, 15, 9, 8, 10, 4, 38
14/06/2015, 34, 12, 10, 9, 5, 4, 46
15/06/2015, 46, 19, 10, 11, 7, 7, 52
16/06/2015, 53, 21, 17, 8, 7, 7, 
17/06/2015, 58, 20, 21, 7, 7, 6, 
18/06/2015, 56, 17, 14, 6, 7, 5, 
19/06/2015, 46, 15, 14, 5, 6, 5, 
20/06/2015, 41, 16, 14, 5, 6, 6, 
21/06/2015, , 18, 18, 5, 6, 5, 
22/06/2015, , 21, 19, 4, 5, 5, 
23/06/2015, , 23, 22, 5, 5, 6, 
24/06/2015, , 26, 24, 4, 5, 6, 60
25/06/2015, , 21, 23, 4, 4, 6, 57
26/06/2015, , 19, 17, 4, 3, 6, 46
27/06/2015, , 16, 13, 4, 3, 6, 42
28/06/2015, , 18, 20, 7, 4, 6, 56
29/06/2015, , 20, 24, 5, 3, 6, 60
30/06/2015, , 24, 13, 9, 3, 6, 58
01/07/2015, , 28, 19, 4, 6, 3, 70
02/07/2015, , 29, 20, 4, 4, 3, 65
03/07/2015, , 27, 19, 7, 6, 3, 56
04/07/2015, , 24, 25, 1, 7, 2, 66
05/07/2015, , 24, 25, 1, 7, 2, 66
06/07/2015, , 28, 24, 2, 6, 3, 61
07/07/2015, , 27, 21, 3, 6, 4, 62
08/07/2015, , 28, 17, 6, 7, 4, 64
09/07/2015, , 29, 24, 5, 10, 6, 69
10/07/2015, , 34, 16, 8, 10, 6, 70
11/07/2015, , 23, 15, 7, 6, 4, 56
12/07/2015, , 22, 17, 6, 5, 5, 52
13/07/2015, , 19, 12, 5, 3, 4, 51
14/07/2015, 37, 17, 12, 6, 6, 4, 39
15/07/2015, 43, 14, 12, 6, 5, 4, 43
16/07/2015, 49, 18, 12, 6, 6, 5, 50
17/07/2015, 47, 19, 14, 5, 6, 8, 49
18/07/2015, 54, 19, 14, 4, 5, 6, 52
19/07/2015, 45, 19, 12, 5, 5, 3, 44
20/07/2015, 44, 17, 14, 4, 4, 2, 47
21/07/2015, 46, 16, 14, 5, 4, 3, 46
22/07/2015, 45, 16, 16, 5, 3, 3, 51
23/07/2015, 49, 17, 14, 5, 3, 2, 49
24/07/2015, 42, 17, 13, 7, 3, 4, 48
25/07/2015, 49, 18, 21, 7, 3, 5, 55
26/07/2015, 42, 17, 11, 6, 6, 6, 44
27/07/2015, 57, 17, 17, 8, 7, 6, 57
28/07/2015, 37, 18, 12, 7, 5, 5, 42
29/07/2015, 37, 14, 11, 5, 4, 3, 36
30/07/2015, 41, 14, 11, 6, 4, 4, 47
31/07/2015, 53, 17, 10, 10, 5, 5, 57
01/08/2015, 57, 21, 12, 10, 5, 7, 55
02/08/2015, 45, 17, 13, 8, 5, 6, 47
03/08/2015, 38, 14, 9, 8, 4, 5, 39
04/08/2015, 48, 15, 20, 11, 3, 7, 50
05/08/2015, 56, 18, 21, 8, 3, 6, 55
06/08/2015, 54, 20, 12, 10, 3, 4, 54
07/08/2015, 56, 20, 11, 9, 6, 3, 56
08/08/2015, 57, 19, 15, 8, 5, 3, 56
09/08/2015, 48, 19, 16, 7, 5, 3, 46
10/08/2015, 70, 24, 18, 5, 6, 2, 60
11/08/2015, 64, 26, 11, 7, 5, 2, 56
12/08/2015, 61, 28, 4, 12, 5, 4, 56
13/08/2015, 59, 22, 12, 13, 8, 4, 57
14/08/2015, 54, 20, 11, 7, 7, 2, 55
15/08/2015, 51, 20, 8, 6, 5, 7, 53
16/08/2015, 45, 22, 11, 5, 5, 6, 52
17/08/2015, 57, 21, 12, 5, 3, 4, 55
18/08/2015, 65, 24, 23, 5, 5, 3, 57
19/08/2015, 80, 27, 22, 5, 5, 5, 67
20/08/2015, 82, 33, 20, 5, 8, 5, 72
21/08/2015, 85, 34, 18, 8, 8, 2, 69
22/08/2015, 96, 43, 23, 7, 5, 3, 82
23/08/2015, 91, 40, 26, 3, 5, 2, 74
24/08/2015, 99, 39, 26, 4, 5, 3, 75
25/08/2015, 106, 43, 19, 5, 6, 4, 83
26/08/2015, 83, 40, 19, 6, 6, 3, 69
27/08/2015, 74, 30, 23, 5, 7, 4, 64
28/08/2015, 84, 31, 18, 6, 7, 3, 68
29/08/2015, 90, 35, 20, 3, 7, 3, 71
30/08/2015, 65, 30, 16, 3, 7, 3, 57
31/08/2015, 69, 24, 22, 3, 8, 3, 57
01/09/2015, 91, 30, 26, 4, 8, 3, 69
02/09/2015, 93, 42, 24, 4, 8, 4, 75
03/09/2015, 133, 46, 21, 5, 4, 5, 89
04/09/2015, 85, 46, 16, 8, 6, 6, 73
05/09/2015, 125, 48, 18, 8, 8, 6, 91
06/09/2015, 131, 56, 23, 8, 7, 5, 97
07/09/2015, 109, 49, 22, 8, 7, 4, 85
08/09/2015, 119, 54, 22, 6, 6, 5, 96
09/09/2015, 96, 52, 10, 10, 7, 5, 75
10/09/2015, 165, 58, 16, 11, 7, 13, 135
11/09/2015, 124, 80, 24, 7, 5, 7, 120
12/09/2015, 128, 45, 23, 5, 3, 5, 96
13/09/2015, 163, 69, 27, 4, 3, 10, 143
14/09/2015, 150, 73, 20, 7, 4, 10, 140
15/09/2015, 157, 70, 18, 10, 4, 13, 119
16/09/2015, 123, 57, 15, 7, 5, 10, 103
17/09/2015, 91, 45, 23, 6, 3, 4, 72
18/09/2015, 108, 43, 18, 7, 5, 4, 88
19/09/2015, 161, 65, 27, 6, 7, 7, 131
20/09/2015, 109, 52, 27, 5, 7, 4, 79
21/09/2015, 100, 42, 23, 6, 9, 4, 80
22/09/2015, 116, 44, 18, 7, 9, 6, 95
23/09/2015, 128, 50, 26, 8, 6, 4, 115
24/09/2015, 229, 98, 29, 6, 6, 17, 240
25/09/2015, 209, 135, 25, 6, 6, 17, 214
26/09/2015, 96, 63, 23, 4, 4, 6, 77
27/09/2015, 121, 39, 26, 4, 3, 5, 97
28/09/2015, 172, 66, 24, 8, 3, 10, 162
29/09/2015, 209, 95, 30, 9, 6, 22, 186
30/09/2015, 178, 88, 28, 6, 6, 12, 150
01/10/2015, 188, 93, 26, 7, 14, 16, 170
02/10/2015, 149, 74, 18, 11, 14, 10, 116
03/10/2015, 180, 77, 21, 8, 8, 12, 170
04/10/2015, 114, 65, 23, 5, 6, 4, 85
05/10/2015, 179, 89, 26, 10, 12, 10, 155
06/10/2015, 178, 67, 18, 8, 10, 8, 90
07/10/2015, 113, 37, 20, 10, 12, 7, 77
08/10/2015, 95, 40, 30, 7, 12, 10, 88
09/10/2015, 117, 48, 27, 5, 12, 4, 84
10/10/2015, 115, 43, 35, 5, 10, 4, 90
11/10/2015, 129, 56, 28, 6, 10, 5, 107
12/10/2015, 149, 64, 30, 8, 5, 5, 126
13/10/2015, 164, 58, 20, 7, 3, 5, 92
14/10/2015, 126, 42, 25, 7, 5, 5, 80
15/10/2015, 105, 53, 30, 7, 3, 6, 110
16/10/2015, 148, 54, 28, 7, 4, 5, 90
17/10/2015, 116, 48, 33, 5, 5, 6, 118
18/10/2015, 132, 67, 25, 6, 4, 7, 116
19/10/2015, 137, 54, 27, 6, 9, 7, 107
20/10/2015, 119, 57, 27, 6, 10, 9, 118
21/10/2015, 152, 49, 30, 7, 5, 4, 78
22/10/2015, 101, 56, 39, 6, 4, 8, 155
23/10/2015, 175, 107, 29, 8, 3, 14, 178
24/10/2015, 190, 76, 24, 9, 5, 11, 144
25/10/2015, 173, 83, 32, 10, 4, 14, 156
26/10/2015, 180, 88, 37, 8, 3, 13, 129
27/10/2015, 156, 56, 21, 10, 2, 6, 78
28/10/2015, 100, 33, 19, 7, 3, 4, 52
29/10/2015, 55, 22, 30, 8, 3, 5, 53
30/10/2015, 58, 21, 17, 7, 3, 5, 49
31/10/2015, 61, 29, 23, 8, 3, 8, 60
01/11/2015, 72, 26, 14, 10, 3, 7, 55
02/11/2015, 59, 27, 19, 11, 3, 7, 57
03/11/2015, 65, 35, 20, 15, 6, 7, 62
04/11/2015, 86, 50, 29, 15, 10, 9, 81
05/11/2015, 122, 50, 28, 15, 9, 9, 81
06/11/2015, 126, 41, 20, 13, 13, 8, 53
07/11/2015, 70, 33, 26, 15, 10, 11, 73
08/11/2015, 94, 45, 28, 14, 8, 10, 89
09/11/2015, 123, 39, 21, 7, 6, 6, 64
10/11/2015, 67, 24, 21, 12, 3, 7, 61
11/11/2015, 67, 33, 25, 12, 6, 6, 68
12/11/2015, 83, 28, 11, 10, 6, 5, 63
13/11/2015, 66, 23, 16, 5, 3, 5, 55
14/11/2015, 52, 19, 12, 6, 2, 4, 40
15/11/2015, 42, 16, 5, 9, 3, 5, 36
16/11/2015, 40, 15, 14, 11, 7, 6, 41
17/11/2015, 47, 22, 22, 6, 7, 6, 51
18/11/2015, 50, 18, 16, 6, 2, 6, 51
19/11/2015, 45, 20, 11, 7, 3, 7, 45
20/11/2015, 53, 20, 17, 11, 3, 7, 43
21/11/2015, 46, 23, 15, 13, 7, 9, 49
22/11/2015, 58, 29, 36, 11, 17, 9, 64
23/11/2015, 91, 34, 14, 13, 8, 10, 61
24/11/2015, 82, 38, 23, 13, 5, 13, 61
25/11/2015, 84, 21, 12, 7, 4, 7, 35
26/11/2015, 37, 16, 16, 5, 3, 4, 31
27/11/2015, 37, 18, 19, 5, 2, 4, 44
28/11/2015, 47, 18, 19, 5, 2, 4, 48
29/11/2015, 38, 16, 16, 10, 7, 4, 49
30/11/2015, 53, 20, 11, 8, 6, 5, 36
01/12/2015, 46, 22, 11, 7, 3, 6, 44
02/12/2015, 50, 21, 16, 4, 2, 4, 43
03/12/2015, 48, 22, 12, 6, 2, 6, 53
04/12/2015, 58, 20, 11, 7, 2, 8, 43
05/12/2015, 45, 23, 10, 6, 2, 9, 42
06/12/2015, 47, 18, 13, 5, 2, 7, 30
07/12/2015, 41, 18, 10, 6, 2, 8, 49
08/12/2015, 45, 17, 11, 6, 3, 8, 38
09/12/2015, 38, 18, 12, 8, 3, 9, 42
10/12/2015, 46, 19, 8, 9, 2, 6, 49
11/12/2015, 54, 19, 12, 6, 3, 6, 39
12/12/2015, 39, 13, 6, 6, 2, 5, 29
13/12/2015, 28, 14, 10, 7, 4, 5, 33
14/12/2015, 38, 22, 11, 9, 5, 6, 54
15/12/2015, 61, 24, 14, 9, 6, 5, 51
16/12/2015, 56, 29, 19, 6, 6, 5, 55
17/12/2015, 62, 36, 19, 6, 5, 5, 60
18/12/2015, 76, 39, 22, 4, 5, 3, 59
19/12/2015, 73, 36, 28, 5, , 4, 59
20/12/2015, 69, 27, 25, 8, 6, 4, 54
21/12/2015, 61, 35, 33, 14, 10, 5, 63
22/12/2015, 88, 36, 17, 12, 14, 3, 60
23/12/2015, 70, 22, 11, 7, 8, 3, 49
24/12/2015, 47, 23, 18, 7, 3, 4, 44
25/12/2015, 49, 22, 14, 10, 3, 4, 35
26/12/2015, 40, 26, 19, 11, 3, 5, 39
27/12/2015, 46, 26, 14, 9, 3, 5, 43
28/12/2015, 47, 20, 10, 5, 4, 4, 34
29/12/2015, 39, 22, 15, 4, 3, 7, 44
30/12/2015, 45, 22, 29, 13, 4, , 40
31/12/2015, 36, 16, 8, 18, 4, , 25
01/01/2016, 38, , , , , , 
03/01/2016, , 23, 12, 4, 2, 6, 38
04/01/2016, 38, 19, 13, 3, 2, 5, 36
05/01/2016, 35, 18, 14, 2, 2, 4, 36
06/01/2016, 36, 18, 16, 2, 2, 4, 41
07/01/2016, 38, 19, 13, 3, 2, 5, 38
08/01/2016, 40, 34, 14, 2, 2, 4, 39
09/01/2016, 40, 29, 15, 2, , 5, 41
10/01/2016, 43, 19, 13, 3, 2, 5, 44
11/01/2016, 40, 17, 13, 2, 2, 6, 40
12/01/2016, 32, 15, 13, 2, , 4, 44
13/01/2016, 38, 15, 14, 3, , 4, 41
14/01/2016, 34, 15, 8, 6, 1, 4, 43
15/01/2016, 42, 26, 10, 11, 3, 8, 57
16/01/2016, 67, 25, 9, 5, 2, 7, 49
17/01/2016, 49, 23, 14, 7, 2, 7, 53
18/01/2016, 56, 20, 11, 4, 2, 5, 52
19/01/2016, 48, 21, 10, 7, 2, 5, 48
20/01/2016, 50, 17, 10, 4, 2, 2, 40
21/01/2016, 41, 23, 9, 5, 2, 2, 48
22/01/2016, 51, 24, 9, 3, 16, 3, 37
23/01/2016, 42, 24, 13, 2, 22, 4, 40
24/01/2016, 48, 23, 11, 4, 1, 3, 43
25/01/2016, 49, 24, 11, 4, 1, 5, 44
26/01/2016, 47, 20, 13, 3, 1, 4, 44
27/01/2016, 43, 20, 11, 5, 1, 3, 45
28/01/2016, 42, 25, 10, 5, 3, 5, 48
29/01/2016, 57, 21, 12, 3, 1, 3, 38
30/01/2016, 46, 18, 12, 2, 1, 4, 40
31/01/2016, 40, 18, 13, 2, , 4, 37
01/02/2016, 43, 21, 12, 4, , 5, 39
02/02/2016, 44, 24, 15, 4, 1, 4, 47
03/02/2016, 54, 20, 13, 4, 2, 2, 37
04/02/2016, 41, 16, 8, 4, 1, 2, 40
05/02/2016, 37, 17, 13, 2, 1, 2, 40
06/02/2016, 38, 18, 25, 1, 1, 2, 44
07/02/2016, 50, 30, 24, 1, 1, , 56
08/02/2016, 65, 36, 20, 3, 1, 3, 59
09/02/2016, 72, 31, 15, 4, 1, 4, 48
10/02/2016, 54, 17, 13, 2, 1, 3, 28
11/02/2016, 31, 19, 12, 3, 1, 4, 41
12/02/2016, 40, 23, 14, 2, 1, 6, 37
13/02/2016, 43, 21, 14, 3, 2, 6, 42
14/02/2016, 44, 21, 15, 2, 2, 6, 47
15/02/2016, 50, 23, 13, 5, 1, 3, 47
16/02/2016, 50, 27, 22, 8, 2, 4, 54
17/02/2016, 52, 28, 17, 4, 2, 3, 54
18/02/2016, 57, 20, 9, 7, 1, 4, 32
19/02/2016, 35, 16, 12, 8, 1, 6, 43
20/02/2016, 50, 29, 17, 4, 1, 6, 51
21/02/2016, 60, 27, 15, 4, 2, 6, 49
22/02/2016, 51, 28, 12, 4, 2, 5, 50
23/02/2016, 56, 29, 7, 6, 2, 4, 47
24/02/2016, 53, 24, 16, 3, 1, 4, 46
25/02/2016, 54, 29, 17, 2, 1, 4, 51
26/02/2016, 51, 28, 14, 2, 1, 5, 49
27/02/2016, 56, 23, 16, 1, 1, 5, 47
28/02/2016, 52, 24, 13, 2, 1, 5, 50
29/02/2016, 51, 25, 15, 4, 1, 5, 49
01/03/2016, 53, 24, 15, 2, 1, 6, 51
02/03/2016, 53, 26, 13, 2, 1, 5, 51
03/03/2016, 57, 24, 11, 4, 1, 5, 47
04/03/2016, 44, 18, 17, 3, 2, 4, 42
05/03/2016, 44, 18, 16, 1, 5, 5, 41
06/03/2016, 40, 18, 15, 2, 4, , 45
07/03/2016, 49, 18, 14, 4, 1, , 51
08/03/2016, 52, 18, 16, 2, 2, 5, 44
09/03/2016, 33, 16, 15, 6, 2, 4, 50
10/03/2016, 47, 19, 17, 9, 1, 3, 48
11/03/2016, 47, 18, 15, 9, 1, 4, 47
12/03/2016, 50, 18, 13, 11, 1, 4, 47
13/03/2016, 42, 20, 13, 10, 1, 4, 54
14/03/2016, 56, 21, 12, 9, 1, 4, 54
15/03/2016, 55, 22, 19, 10, 1, 3, 54
16/03/2016, 55, 23, 19, 9, 1, 5, 57
17/03/2016, 63, 25, 22, 5, 1, 5, 59
18/03/2016, 64, 23, 23, 14, 2, 5, 60
19/03/2016, 60, 22, 23, 11, 1, 5, 61
20/03/2016, 63, 24, 21, 16, 1, 6, 61
21/03/2016, 63, 28, 23, 16, 1, 6, 59
22/03/2016, 68, 31, 26, 6, 3, 7, 62
23/03/2016, 78, 26, 31, 7, 4, 6, 59
24/03/2016, 63, 24, 25, 10, 2, 3, 61
25/03/2016, 67, 24, 20, 5, 1, 2, 57
26/03/2016, 58, 24, 19, 3, 1, 1, 59
27/03/2016, 63, 27, 22, 4, 1, 1, 58
28/03/2016, 62, 32, 27, 4, 1, 1, 72
29/03/2016, 77, 38, 23, 4, 1, 1, 74
30/03/2016, 80, 39, 19, 4, 1, 2, 71
31/03/2016, 90, 38, 19, 2, 1, 3, 66
01/04/2016, 73, 27, 19, 2, 1, 1, 60
02/04/2016, 60, 22, 14, 3, 1, 1, 52
03/04/2016, 48, 20, 18, 5, 1, 3, 57
04/04/2016, 59, 20, 14, 4, , 1, 53
05/04/2016, 53, 20, 21, 4, 1, 2, 57
06/04/2016, 54, 24, 28, 5, 2, 2, 60
07/04/2016, 62, 24, 25, 4, 1, 1, 61
08/04/2016, 64, 23, 18, 13, 1, 1, 60
09/04/2016, 62, 31, 25, 9, 2, 3, 64
10/04/2016, 77, 23, 17, 16, 3, 4, 60
11/04/2016, 64, 29, 23, 18, 9, 2, 68
12/04/2016, 77, 27, 22, 16, 4, 3, 62
13/04/2016, 67, 31, 18, 23, 10, 3, 63
14/04/2016, 75, 24, 10, 19, 9, 3, 51
15/04/2016, 50, 19, 21, 17, 10, 4, 57
16/04/2016, 53, 18, 21, 11, 3, 5, 51
17/04/2016, 46, 22, 24, 17, 7, 4, 62
18/04/2016, 67, 24, 17, 6, 4, 4, 59
19/04/2016, 54, 31, 12, 13, 2, 2, 62
20/04/2016, 84, 29, 20, 7, 4, 2, 59
21/04/2016, 64, 25, 13, 14, 2, 3, 56
22/04/2016, 57, 24, 13, 11, 3, 3, 52
23/04/2016, 46, 19, 19, 13, 4, 3, 53
24/04/2016, 48, 16, 10, 16, 5, 2, 48
25/04/2016, 43, 17, 17, 14, 4, 1, 53
26/04/2016, 47, 21, 24, 20, 7, 2, 62
27/04/2016, 57, 26, 19, 23, 4, 3, 64
28/04/2016, 70, 24, 12, 21, 4, 2, 63
29/04/2016, 58, 35, 26, 30, 5, 4, 73
30/04/2016, 94, 38, 19, 18, 6, 5, 63
01/05/2016, 74, 19, 16, 13, 4, 3, 47
02/05/2016, 43, 19, 16, 13, 4, 4, 53
03/05/2016, 42, 15, 21, 10, 3, 1, 42
04/05/2016, 28, 17, 15, 14, 2, 1, 53
05/05/2016, 59, 25, 16, 14, 3, 1, 57
06/05/2016, 51, 20, 10, 13, 3, 2, 56
07/05/2016, 49, 23, 19, 16, 6, 5, 55
08/05/2016, 56, 27, 14, 18, 7, 2, 59
09/05/2016, 66, 18, 13, 11, 4, 2, 39
10/05/2016, 30, 15, 9, 21, 5, 2, 52
11/05/2016, 46, 21, 15, 18, 9, 3, 54
12/05/2016, 50, 18, 6, 17, 6, 3, 51
13/05/2016, 46, 23, 15, 18, 10, 4, 53
14/05/2016, 57, 20, 17, 16, 10, 3, 54
15/05/2016, 55, 20, 22, 17, 7, 4, 48
16/05/2016, 51, 24, 20, 25, 7, 4, 66
17/05/2016, 73, 22, 12, 16, 8, 4, 54
18/05/2016, 42, 22, 9, 19, 7, 3, 55
19/05/2016, 57, 17, 13, 18, 8, 2, 47
20/05/2016, 42, 20, 19, 11, 8, 2, 41
21/05/2016, 42, 15, 22, 12, 7, 4, 37
22/05/2016, 41, 19, 32, 14, 10, 4, 45
23/05/2016, 47, 17, 17, 12, 6, 1, 46
24/05/2016, 37, 15, 18, 10, 6, 2, 43
25/05/2016, 39, 17, 12, 10, 5, 4, 39
26/05/2016, 46, 15, 14, 10, 7, 1, 36
27/05/2016, 38, 13, 20, 12, 5, 1, 40
28/05/2016, 35, 15, 19, 17, 8, 1, 46
29/05/2016, 47, 20, 16, 19, 13, 2, 45
30/05/2016, 49, 25, 38, 22, 12, 2, 50
31/05/2016, 65, 29, 23, 19, 14, 1, 59
01/06/2016, 59, 20, 14, 20, 5, 2, 58
02/06/2016, 55, 20, 14, 17, 5, 2, 60
03/06/2016, 46, 33, 4, 27, 7, 3, 62
04/06/2016, 73, 25, 20, 16, 6, 2, 59
05/06/2016, 59, 21, 20, 11, 6, 2, 51
06/06/2016, 41, 18, 15, 12, 3, 1, 53
07/06/2016, 46, 23, 8, 18, 3, 3, 59
08/06/2016, 57, 28, 11, 20, 6, 4, 65
09/06/2016, 79, 30, 11, 19, 4, 3, 60
10/06/2016, 70, 21, 7, 12, 3, 1, 49
11/06/2016, 44, 13, 9, 9, 2, 1, 34
12/06/2016, 31, 14, 9, 13, 2, 1, 44
13/06/2016, 39, 20, 9, 14, 3, 2, 55
14/06/2016, 57, 21, 8, 15, 8, 1, 52
15/06/2016, 50, 17, 5, 11, 10, 1, 46
16/06/2016, 30, 13, 2, 13, 6, 1, 38
17/06/2016, 30, 15, 8, 20, 6, 2, 42
18/06/2016, 49, 25, 21, 15, 3, 2, 51
19/06/2016, 51, 20, 20, 17, 6, 2, 53
20/06/2016, 54, 25, 19, 17, 13, 4, 52
21/06/2016, 60, 25, 6, 18, 9, 2, 55
22/06/2016, 55, 19, 13, 11, 6, 1, 49
23/06/2016, 42, 17, 7, 13, 4, 1, 44
24/06/2016, 41, 17, 10, 10, 5, 1, 47
25/06/2016, 38, 14, 9, 10, 4, 1, 39
26/06/2016, 37, 16, 10, 8, 4, 2, 38
27/06/2016, 34, 15, 13, 11, 5, 2, 43
28/06/2016, 40, 22, 16, 12, 8, 2, 52
29/06/2016, 48, 24, 20, 12, 7, 2, 55
30/06/2016, 53, 27, 17, 11, 4, 2, 57
01/07/2016, 55, 29, 19, 7, 3, 1, 57
02/07/2016, 55, 28, 19, 7, 3, , 52
03/07/2016, 45, 22, 19, 8, 3, , 48
04/07/2016, 43, 21, 13, 8, 4, 2, 45
05/07/2016, 40, 18, 10, 8, 4, 1, 46
06/07/2016, 43, 19, 12, 10, 7, 2, 53
07/07/2016, 48, 18, 11, 9, 4, 2, 43
08/07/2016, 38, 17, 13, 8, 5, 2, 47
09/07/2016, 38, 17, 12, 9, 5, 3, 42
10/07/2016, 36, 17, 6, 13, 6, 2, 50
11/07/2016, 41, 16, 15, 11, 6, 2, 48
12/07/2016, 42, 15, 6, 13, 6, 3, 44
13/07/2016, 39, 18, 6, 14, 7, 2, 55
14/07/2016, 45, 17, 4, 14, 5, 2, 48
15/07/2016, 40, 18, 4, 17, 9, 2, 54
16/07/2016, 54, 22, 5, 17, 8, 2, 50
17/07/2016, 56, 23, 3, 25, 8, 3, 56
18/07/2016, 61, 19, 7, 13, 9, 3, 36
19/07/2016, 35, 15, 11, 17, 9, 4, 44
20/07/2016, 48, 20, 5, 16, 12, 3, 50
21/07/2016, 50, 26, 4, 22, 9, 4, 59
22/07/2016, 69, 20, 9, 14, 6, 2, 44
23/07/2016, 39, 16, 7, 13, 4, 2, 38
24/07/2016, 37, 16, 5, 13, 6, 3, 43
25/07/2016, 41, 19, 4, 13, 7, 3, 52
26/07/2016, 44, 18, 18, 12, 5, 3, 56
27/07/2016, 46, 21, 16, 8, 4, 4, 56
28/07/2016, 54, 21, 13, 12, 7, 3, 50
29/07/2016, 49, 20, 13, 9, 6, 3, 51
30/07/2016, 49, 21, 16, 9, 4, 2, 48
31/07/2016, 38, 19, 15, 16, 4, 2, 56
01/08/2016, 53, 19, 23, 10, 9, 2, 52
02/08/2016, 48, 19, 14, 8, 7, 2, 50
03/08/2016, 43, 18, 16, 6, 5, 2, 45
04/08/2016, 40, 18, 24, 7, 4, 3, 55
05/08/2016, 56, 22, 19, 11, 4, 2, 56
06/08/2016, 57, 23, 20, 8, 3, 2, 59
07/08/2016, 61, 28, 23, 13, 4, 2, 61
08/08/2016, 71, 29, 20, 11, 8, 3, 64
09/08/2016, 66, 19, 16, 8, 6, 2, 44
10/08/2016, 39, 19, 13, 10, 5, 3, 53
11/08/2016, 50, 19, 14, 9, 7, 2, 52
12/08/2016, 49, 24, 22, 15, 7, 2, 61
13/08/2016, 69, 27, 18, 11, 11, 3, 58
14/08/2016, 62, 20, 18, 7, 7, 2, 48
15/08/2016, 43, 15, 17, 6, 4, , 37
16/08/2016, 35, 18, 12, 7, 3, 2, 46
17/08/2016, 44, 22, 13, 5, 4, 2, 49
18/08/2016, 41, 19, 10, 7, 3, 3, 43
19/08/2016, 39, 17, 10, 6, 4, 3, 44
20/08/2016, 40, 16, 7, 6, 3, 1, 42
21/08/2016, 35, 15, 11, 9, 5, 2, 45
22/08/2016, 47, 21, 14, 13, 8, 2, 63
23/08/2016, 59, 21, 10, 5, 7, 2, 43
24/08/2016, 40, 14, 12, 6, 4, 1, 40
25/08/2016, 35, 30, 31, 13, 7, 6, 103
26/08/2016, 102, 43, 16, 14, 11, 4, 82
27/08/2016, 78, 35, 19, 12, 11, 4, 77
28/08/2016, 91, 34, 15, 8, 5, 3, 65
29/08/2016, 59, 17, 8, 9, 4, 2, 49
30/08/2016, 43, 18, 13, 7, 6, 2, 56
31/08/2016, 44, 23, 8, 13, 6, 4, 55
01/09/2016, 57, 19, 19, 9, 7, 3, 50
02/09/2016, 42, 22, 18, 12, 9, 3, 61
03/09/2016, 61, 22, 15, 13, 8, 2, 64
04/09/2016, 66, 39, 15, 21, 13, 3, 69
05/09/2016, 89, 25, 17, 12, 15, 2, 53
06/09/2016, 52, 17, 9, 8, 8, 2, 46
07/09/2016, 41, 18, 13, 7, 5, 1, 52
08/09/2016, 50, 19, 11, 10, 4, 2, 53
09/09/2016, 49, 25, 11, 8, 4, 3, 55
10/09/2016, 60, 19, 14, 9, 6, 2, 48
11/09/2016, 43, 19, 9, 13, 8, 2, 52
12/09/2016, 54, 20, 16, 7, 5, 2, 51
13/09/2016, 45, 16, 8, 9, 5, 2, 40
14/09/2016, 39, 20, 14, 7, 6, 3, 54
15/09/2016, 51, 18, 14, 10, 8, 3, 47
16/09/2016, 45, 18, 19, 12, 12, 2, 48
17/09/2016, 47, 27, 21, 19, 11, 2, 58
18/09/2016, 72, 22, 12, 16, 20, 2, 46
19/09/2016, 49, 17, 13, 10, 14, 2, 37
20/09/2016, 37, 16, 12, 12, 6, 2, 46
21/09/2016, 45, 25, 28, 14, 6, 2, 61
22/09/2016, 69, 27, 17, 17, 9, 2, 53
23/09/2016, 58, 27, 19, 17, 14, 2, 60
24/09/2016, 66, 22, 19, 12, 14, 3, 50
25/09/2016, 47, 23, 21, 12, 10, 4, 60
26/09/2016, 63, 30, 22, 20, 8, 4, 70
27/09/2016, 83, 34, 26, 10, 11, 3, 61
28/09/2016, 65, 25, 21, 10, 4, 3, 49
29/09/2016, 47, 27, 20, 19, 6, 3, 61
30/09/2016, 73, 30, 14, 14, 7, 2, 57
01/10/2016, 58, 22, 22, 11, 9, 2, 56
02/10/2016, 49, 17, 17, 17, 14, 2, 59
03/10/2016, 61, 23, 22, 14, 11, 3, 61
04/10/2016, 62, 27, 23, 20, 10, 3, 74
05/10/2016, 80, 29, 13, 17, 12, 4, 71
06/10/2016, 77, 20, 4, 12, 8, 2, 55
07/10/2016, 48, 16, 15, 12, 9, 2, 45
08/10/2016, 45, 15, 13, 11, 10, 2, 53
09/10/2016, 41, 17, 21, 12, 8, 2, 57
10/10/2016, 51, 19, 24, 8, 2, 3, 48
11/10/2016, 41, 19, 23, 6, 2, 2, 39
12/10/2016, 38, 18, 16, 7, 2, 1, 37
13/10/2016, 32, 18, 12, 10, 8, 2, 45
14/10/2016, 43, 18, 17, 12, 12, 2, 47
15/10/2016, 46, 18, 14, 9, 14, 4, 40
16/10/2016, 41, 18, 12, 10, 11, 4, 35
17/10/2016, 37, 18, 13, 9, 8, 2, 48
18/10/2016, 43, 19, 10, 17, 7, 2, 46
19/10/2016, 48, 21, 15, 14, 16, 4, 57
20/10/2016, 60, 20, 19, 11, 7, 2, 57
21/10/2016, 51, 21, 14, 10, 6, 2, 48
22/10/2016, 47, 22, 30, 15, 3, 3, 60
23/10/2016, 60, 28, 8, 19, 7, 3, 62
24/10/2016, 67, 21, 16, 16, 6, 3, 57
25/10/2016, 54, 19, 19, 18, 6, 2, 46
26/10/2016, 50, 26, 10, 18, 8, 2, 46
27/10/2016, 50, 27, 14, 23, 5, 4, 59
28/10/2016, 67, 31, 10, 18, 7, 4, 61
29/10/2016, 64, 21, 13, 11, 11, 1, 36
30/10/2016, 36, 23, 14, 14, 8, 3, 53
31/10/2016, 58, 21, 6, 14, 11, 3, 48
01/11/2016, 45, 20, 14, 16, 5, 3, 47
02/11/2016, 50, 20, 16, 8, 5, 2, 36
03/11/2016, 35, 20, 15, 13, 6, 2, 41
04/11/2016, 42, 22, 7, 13, 9, 2, 44
05/11/2016, 46, 21, 16, 9, 13, 1, 27
06/11/2016, 33, 24, 11, 12, 6, 2, 54
07/11/2016, 55, 27, 12, 10, 9, 3, 54
08/11/2016, 50, 28, 25, 16, 12, 1, 57
09/11/2016, 61, 29, 17, 16, 10, 2, 56
10/11/2016, 57, 30, 9, 14, 4, 2, 52
11/11/2016, 49, 27, 20, 12, 2, 3, 52
12/11/2016, 50, 25, 12, 10, 3, 2, 42
13/11/2016, 41, 23, 4, 12, 4, 3, 39
14/11/2016, 43, 31, 14, 8, 1, 3, 44
15/11/2016, 43, 34, 14, 12, 5, 1, 47
16/11/2016, 53, 31, 17, 17, 11, 2, 50
17/11/2016, 61, 28, 15, 14, 5, 2, 51
18/11/2016, 57, 26, 15, 18, 5, 3, 61
19/11/2016, 62, 25, 17, 15, 8, 1, 60
20/11/2016, 67, 22, 19, 18, 9, 1, 44
21/11/2016, 44, 20, 7, 14, 8, 2, 51
22/11/2016, 41, 15, 9, 6, 12, 1, 35
23/11/2016, 33, 15, 14, 10, 8, 1, 48
24/11/2016, 50, 23, 20, 9, 6, 4, 49
25/11/2016, 48, 22, 11, 6, 3, 6, 50
26/11/2016, 55, 21, 12, 6, 3, 7, 36
27/11/2016, 45, 18, 11, 6, 2, 4, 28
28/11/2016, 37, 16, 6, 6, 1, 3, 33
29/11/2016, 35, 17, 15, 7, 1, 2, 29
30/11/2016, 37, 18, 10, 13, 2, 4, 34
01/12/2016, 39, 15, 14, 11, 5, 5, 33
02/12/2016, 38, 18, 11, 17, 8, 5, 43
03/12/2016, 54, 25, 17, 12, 12, 5, 54
04/12/2016, 50, 19, 17, 8, 5, 4, 46
05/12/2016, 43, 20, 29, 9, 5, 3, 52
06/12/2016, 56, 22, 19, 8, 3, 1, 41
07/12/2016, 47, 19, 24, 5, 2, 1, 
08/12/2016, 44, 18, 11, 9, 1, 1, 
09/12/2016, 44, 19, 19, 7, 1, 2, 
10/12/2016, 43, 18, 19, 5, 1, 1, 
11/12/2016, 36, 12, 22, 4, 1, 1, 
12/12/2016, 28, 22, 31, 9, 2, 1, 
13/12/2016, 62, 26, 28, 12, 2, 2, 
14/12/2016, 57, 27, 29, 9, 3, 1, 
15/12/2016, 70, 29, 26, 10, 3, 1, 
16/12/2016, 71, 29, 16, 6, 3, 1, 
17/12/2016, 63, 21, 18, 5, 1, 1, 
18/12/2016, 42, 19, 23, 6, 1, 1, 
19/12/2016, 49, 17, 20, 5, 1, 1, 
20/12/2016, 30, 15, 25, 7, 1, 1, 
21/12/2016, 37, 22, 14, 11, 2, 1, 
22/12/2016, 51, 27, 9, 8, 2, 2, 
23/12/2016, 46, 20, 12, 7, 1, 1, 
24/12/2016, 44, 16, 12, 4, 1, 1, 
25/12/2016, 35, 16, 12, 4, 1, , 
26/12/2016, 37, 17, 12, 5, 1, 1, 
27/12/2016, 37, 21, 11, 6, 2, 1, 
28/12/2016, 41, 21, 12, 5, 1, , 
29/12/2016, 45, 29, 19, 7, 1, 1, 
30/12/2016, 44, 16, 13, 6, 1, 1, 
31/12/2016, 37, 21, 35, 14, 3, , 
01/01/2017, 42, 20, 25, 10, 2, , 
02/01/2017, 47, 20, 11, 7, 2, 2, 
03/01/2017, 42, 15, 15, 5, 1, 1, 
04/01/2017, 34, 17, 19, 6, 2, 2, 
05/01/2017, 33, 16, 19, 12, 3, 1, 
06/01/2017, 49, 19, 21, 15, 11, 1, 
07/01/2017, 49, 20, 24, 10, 11, 2, 
08/01/2017, 44, 18, 27, 5, 5, 1, 
09/01/2017, 45, 22, 17, 4, 2, 1, 
10/01/2017, 52, 22, 16, 7, 1, 1, 
11/01/2017, 53, 24, 20, 10, 3, 2, 
12/01/2017, 61, 25, 21, 8, 4, 1, 
13/01/2017, 59, 27, 17, 13, 5, 2, 
14/01/2017, 69, 28, 24, 12, 10, 2, 
15/01/2017, 59, 22, 20, 10, 4, 2, 
16/01/2017, 53, 24, 21, 6, 5, 2, 
17/01/2017, 51, 26, 17, 5, 3, 2, 
18/01/2017, 50, 24, 16, 5, 2, 2, 
19/01/2017, 52, 23, 11, 6, 3, 3, 
20/01/2017, 50, 19, 12, 5, 9, 1, 
21/01/2017, 40, 14, 14, 5, 1, 1, 
22/01/2017, 32, 12, 9, 9, 1, , 
23/01/2017, 19, 10, 4, 10, 1, 2, 
24/01/2017, 26, 11, 10, 4, 1, 1, 
25/01/2017, 27, 17, 12, 3, 1, 1, 
26/01/2017, 39, 20, 15, 7, 1, 1, 
27/01/2017, 48, 25, 15, 4, 1, 1, 
28/01/2017, 40, 18, 13, 5, 1, , 
29/01/2017, 35, 16, 11, 3, 1, , 
30/01/2017, 32, 15, 12, 4, 1, 1, 
31/01/2017, 37, 20, 18, 3, 1, 1, 
01/02/2017, 52, 27, 21, 4, 1, 1, 
02/02/2017, 65, 26, 14, 5, 2, 2, 
03/02/2017, 47, 16, 15, 3, 1, 1, 
04/02/2017, 36, 16, 20, 4, 1, 1, 
05/02/2017, 39, 17, 18, 5, 3, 2, 
06/02/2017, 40, 18, 15, 6, 1, 5, 
07/02/2017, 43, 21, 22, 8, 1, 5, 
08/02/2017, 61, 29, 24, 6, 1, 2, 
09/02/2017, 67, 26, 22, 2, 1, 1, 
10/02/2017, 60, 26, 21, 2, 1, 1, 
11/02/2017, 49, 27, 24, 2, 1, 1, 
12/02/2017, 56, 26, 22, 2, 1, 1, 
13/02/2017, 53, 28, 20, 3, 1, 1, 
14/02/2017, 49, 20, 20, 3, 1, , 
15/02/2017, 37, 22, 19, 3, , , 
16/02/2017, 49, 29, 16, 2, 1, , 
17/02/2017, 47, 24, 16, 2, 1, 1, 
18/02/2017, 44, 22, 15, 1, , , 
19/02/2017, 49, 23, 13, 2, , 1, 
20/02/2017, 39, 16, 11, 2, 1, 1, 
21/02/2017, 37, 19, 14, 3, 1, 1, 
22/02/2017, 43, 19, 15, 8, 2, 2, 
23/02/2017, 49, 23, 5, 10, 3, 1, 
24/02/2017, 50, 17, 11, 5, 3, 2, 
25/02/2017, 40, 20, 11, 5, 1, 1, 
26/02/2017, 47, 18, 10, 5, 1, 1, 
27/02/2017, 36, 15, 10, 6, 1, , 
28/02/2017, 38, 17, 8, 4, 1, 2, 
01/03/2017, 28, 11, 14, 6, 1, 1, 
02/03/2017, 30, 21, 12, 9, 1, , 
03/03/2017, 44, 20, 10, 6, , 2, 
04/03/2017, 50, 29, 13, 9, 1, 1, 
05/03/2017, 61, 27, 12, 6, 1, 1, 
06/03/2017, 57, 25, 20, 7, 1, 1, 
07/03/2017, 60, 24, 21, 9, 2, 1, 
08/03/2017, 55, 24, 21, 7, 1, , 
09/03/2017, 61, 23, 16, 5, 1, , 
10/03/2017, 50, 25, 19, 4, 1, , 
11/03/2017, 52, 21, 24, 12, 4, 2, 
12/03/2017, 59, 27, 26, 7, 6, 1, 
13/03/2017, 73, 32, 22, 10, 4, 1, 
14/03/2017, 66, 26, 27, 19, 13, 1, 
15/03/2017, 74, 29, 22, 5, 12, 1, 
16/03/2017, 47, 28, 18, 5, 3, 2, 
17/03/2017, 67, 27, 23, 3, 2, 2, 
18/03/2017, 67, 26, 22, 3, 3, 1, 
19/03/2017, 60, 25, 14, 6, 2, 2, 
20/03/2017, 55, 23, 29, 9, 3, 2, 
21/03/2017, 63, 22, 10, 4, 5, 1, 
22/03/2017, 40, 21, 21, 6, 1, 1, 
23/03/2017, 52, 24, 31, 10, 5, 1, 
24/03/2017, 70, 29, 18, 12, 9, 2, 
25/03/2017, 60, 27, 23, 7, 2, 2, 
26/03/2017, 58, 18, 15, 8, 2, 1, 
27/03/2017, 34, 15, 11, 7, 1, 1, 
28/03/2017, 40, 22, 16, 5, 2, 2, 
29/03/2017, 56, 29, 9, 5, 4, 3, 
30/03/2017, 58, 26, 19, 12, 3, 3, 
31/03/2017, 65, 26, 9, 6, 2, 2, 
01/04/2017, 50, 20, 14, 6, 3, 2, 
02/04/2017, 55, 20, 13, 4, 5, 2, 
03/04/2017, 43, 16, 15, 6, 4, 2, 
04/04/2017, 38, 18, 14, 5, 5, 5, 
05/04/2017, 41, 16, 28, 7, 3, 5, 
06/04/2017, 46, 19, 23, 9, 2, 4, 
07/04/2017, 47, 20, 16, 9, 4, 5, 
08/04/2017, 56, 28, 39, 6, 11, 6, 
09/04/2017, 74, 27, 16, 5, 5, 6, 
10/04/2017, 61, 21, 22, 4, 9, 4, 
11/04/2017, 58, 21, 18, 5, 7, 5, 
12/04/2017, 48, 16, 11, 3, 6, 4, 
13/04/2017, 45, 26, 16, 3, 4, 5, 
14/04/2017, 47, 24, 20, 8, 3, 4, 
15/04/2017, 41, 22, 41, 4, 2, 6, 
16/04/2017, 62, 22, 19, 6, 3, 4, 
17/04/2017, 44, 21, 16, 6, 3, 5, 
18/04/2017, 51, 23, 34, 8, 4, 7, 
19/04/2017, 75, 40, 35, 11, 10, 7, 
20/04/2017, 107, 46, 20, 9, 13, 7, 
21/04/2017, 89, 23, 19, 4, 10, 5, 
22/04/2017, 51, 23, 16, 7, 6, 6, 
23/04/2017, 67, 28, 13, 4, 8, 6, 
24/04/2017, 57, 30, 16, 7, 4, 8, 
25/04/2017, 78, 38, 13, 9, 6, 5, 
26/04/2017, 89, 28, 21, 7, 15, 2, 
27/04/2017, 59, 23, 22, 9, 10, 2, 
28/04/2017, 53, 25, 12, 8, 13, 3, 
29/04/2017, 69, 29, 15, 5, 14, 2, 
30/04/2017, 63, 19, 14, 3, 6, 1, 
01/05/2017, 37, 18, 10, 5, 7, 3, 
02/05/2017, 56, 22, 10, 6, 10, 5, 
03/05/2017, 58, 22, 11, 4, 9, 4, 
04/05/2017, 47, 24, 13, 6, 9, 6, 
05/05/2017, 67, 27, 13, 6, 9, 8, 
06/05/2017, 57, 27, 18, 6, 10, 7, 
07/05/2017, 71, 25, 18, 8, 16, 7, 
08/05/2017, 66, 21, 17, 3, 13, 6, 
09/05/2017, 37, 14, 8, 3, 6, 6, 
10/05/2017, 33, 17, 12, 4, 6, 6, 
11/05/2017, 34, 16, 11, 4, 6, 7, 
12/05/2017, 45, 17, 12, 4, 6, 6, 
13/05/2017, 35, 16, 15, 3, 5, 6, 
14/05/2017, 29, 16, 9, 4, 4, 7, 
15/05/2017, 49, 17, 12, 3, 7, 6, 
16/05/2017, 38, 17, 13, 3, 6, 6, 
17/05/2017, 41, 18, 10, 4, 4, 5, 
18/05/2017, 41, 17, 12, 6, 5, , 
19/05/2017, 41, 17, 13, 6, 6, 5, 
20/05/2017, 42, 17, 13, 3, 5, 6, 
21/05/2017, 46, 15, 10, 3, 4, 6, 
22/05/2017, 38, 14, 14, 2, 5, 2, 
23/05/2017, 33, 17, 10, 3, 4, 3, 
24/05/2017, 42, 18, 9, 5, 4, 4, 
25/05/2017, 49, 20, 9, 4, 4, 2, 
26/05/2017, 48, 22, 12, 7, 5, 4, 
27/05/2017, 58, 19, 11, 4, 5, 2, 
28/05/2017, 35, 13, 14, 7, 5, , 
29/05/2017, 30, 13, 5, 11, 5, 2, 
30/05/2017, 36, 19, 9, 15, 12, 2, 
31/05/2017, 54, 17, 9, 10, 11, 1, 
01/06/2017, 40, 14, 11, 8, 9, 3, 
02/06/2017, 28, 12, 15, 8, 6, 3, 
03/06/2017, 30, 15, 18, 7, 5, 3, 
04/06/2017, 42, 17, 15, 7, 5, 3, 
05/06/2017, 43, 21, 15, 6, 5, 3, 
06/06/2017, 55, 23, 18, 7, 5, 3, 
07/06/2017, 58, 23, 14, 5, 4, 3, 
08/06/2017, 46, 20, 18, 7, 4, 3, 
09/06/2017, 46, 19, 14, 7, 4, 3, 
10/06/2017, 43, 19, 13, 7, 8, 3, 
11/06/2017, 42, 14, 13, 9, 7, 3, 
12/06/2017, 35, 15, 14, 6, 6, 3, 
13/06/2017, 36, 18, 14, 12, 7, 3, 
14/06/2017, 41, 17, 12, 8, 12, 2, 
15/06/2017, 41, 23, 9, 11, 4, 3, 
16/06/2017, 58, 20, 14, 6, 5, 2, 
17/06/2017, 44, 14, 10, 5, 6, 2, 
18/06/2017, 38, 14, 11, 8, 5, 2, 
19/06/2017, 31, 15, 20, 14, 4, 2, 
20/06/2017, 40, 19, 16, 23, 5, 3, 
21/06/2017, 45, 23, 15, 19, 3, 3, 
22/06/2017, 59, 20, 9, 14, 4, 3, 
23/06/2017, 43, 17, 13, 10, 8, 4, 
24/06/2017, 45, 17, 11, 11, 7, 3, 
25/06/2017, 46, 20, 27, 12, 7, 3, 
26/06/2017, 63, 23, 16, 13, 7, 3, 
27/06/2017, 46, 22, 19, 14, 5, 4, 
28/06/2017, 57, 21, 11, 14, 3, 4, 
29/06/2017, 45, 17, 16, 9, 8, 3, 
30/06/2017, 37, 12, 14, 7, 3, 2, 
01/07/2017, 26, 15, 11, 10, 3, 3, 
02/07/2017, 44, 18, 11, 8, 4, 2, 
03/07/2017, 39, 16, 15, 8, 5, 2, 
04/07/2017, 36, 15, 10, 10, 7, 2, 
05/07/2017, 34, 13, 13, 8, 5, 2, 
06/07/2017, 36, 16, 15, 7, 3, 1, 
07/07/2017, 40, 19, 17, 8, 3, 2, 
08/07/2017, 52, 18, 14, 7, 4, 2, 
09/07/2017, 36, 12, 16, 7, 4, 2, 
10/07/2017, 28, 13, 11, 11, 7, 2, 
11/07/2017, 41, 14, 9, 8, 6, 2, 
12/07/2017, 29, 17, 12, 10, 4, 2, 
13/07/2017, 52, 20, 6, 14, 4, 2, 
14/07/2017, 54, 20, 15, 9, 5, 2, 
15/07/2017, 58, 22, 14, 4, 4, 1, 
16/07/2017, 42, 17, 20, 7, 2, 2, 
17/07/2017, 52, 25, 17, 7, 3, 2, 
18/07/2017, 60, 21, 17, 6, 3, 1, 
19/07/2017, 44, 16, 16, 7, 4, 1, 
20/07/2017, 41, 18, 19, 7, 4, 1, 
21/07/2017, 45, 20, 17, 5, 4, 1, 
22/07/2017, 47, 22, 17, 6, 4, 1, 
23/07/2017, 48, 20, 15, 6, 4, 1, 
24/07/2017, 50, 24, 19, 7, 4, 1, 
25/07/2017, 61, 30, 19, 8, 2, 1, 
26/07/2017, 67, 30, 20, 9, 3, 2, 
27/07/2017, 68, 28, 23, 7, 4, 1, 
28/07/2017, 67, 29, 16, 7, 6, 1, 
29/07/2017, 53, 18, 14, 6, 4, , 
30/07/2017, 40, 18, 13, 7, 4, , 
31/07/2017, 42, 22, 17, 7, 5, 2, 
01/08/2017, 53, 28, 26, 6, 4, 1, 
02/08/2017, 64, 34, 21, 7, 3, 2, 
03/08/2017, 60, 27, 21, 6, 3, 1, 
04/08/2017, 54, 26, 21, 5, 3, 1, 
05/08/2017, 54, 25, 16, 6, 3, 1, 
06/08/2017, 44, 20, 9, 9, 6, 1, 
07/08/2017, 41, 19, 11, 9, 5, 1, 
08/08/2017, 43, 18, 13, 8, 5, 1, 
09/08/2017, 33, 22, 12, 11, 6, 4, 
10/08/2017, 55, 18, 10, 11, 6, 2, 
11/08/2017, 42, 19, 7, 13, 7, 4, 
12/08/2017, 43, 16, 10, 11, 13, 2, 
13/08/2017, 45, 15, 13, 9, 8, 3, 
14/08/2017, 43, 16, 10, 10, 7, 3, 
15/08/2017, 37, 19, 18, 11, 5, 3, 
16/08/2017, 50, 24, 18, 11, 4, 2, 
17/08/2017, 58, 22, 15, 13, 2, 2, 
18/08/2017, 53, 24, 12, 10, 3, 1, 
19/08/2017, 44, 20, 12, 8, 3, 1, 
20/08/2017, 38, 18, 12, 7, 4, 1, 
21/08/2017, 37, 17, 13, 9, 6, 2, 
22/08/2017, 38, 21, 23, 8, 5, 2, 
23/08/2017, 58, 25, 16, 7, 4, 2, 
24/08/2017, 49, 20, 14, 9, 4, 1, 
25/08/2017, 40, 15, 15, 7, 4, 1, 
26/08/2017, 30, 15, 12, 9, 3, , 
27/08/2017, 36, 22, 13, 10, 4, 2, 
28/08/2017, 48, 28, 10, 15, 5, 4, 
29/08/2017, 59, 19, 18, 23, 6, 2, 
30/08/2017, 38, 19, 15, 19, 4, 2, 
31/08/2017, 36, 18, 18, 14, 3, 2, 
01/09/2017, 47, 28, 24, 16, 3, 2, 
02/09/2017, 68, 28, 15, 13, 2, 2, 
03/09/2017, 49, 21, 15, 13, 3, 2, 
04/09/2017, 50, 23, 11, 12, 5, 1, 
05/09/2017, 50, 21, 3, 10, 5, 2, 
06/09/2017, 49, , , , , , 
10/09/2017, , 30, 21, 19, 7, 6, 
11/09/2017, 71, 30, 28, 14, 6, 4, 
12/09/2017, 75, 33, 27, 12, 4, 4, 
13/09/2017, 73, 29, 17, 13, 4, 4, 
14/09/2017, 60, 26, 13, 16, 7, 5, 
15/09/2017, 63, 26, 15, 17, 7, 5, 
16/09/2017, 55, 18, 12, 11, 6, 4, 
17/09/2017, 34, 14, 10, 14, 3, 3, 
18/09/2017, 29, 16, 11, 18, 4, 1, 
19/09/2017, 49, 25, 12, 19, 7, 4, 
20/09/2017, 59, 16, 8, 12, 8, 4, 
21/09/2017, 23, 13, 19, 13, 4, 3, 
22/09/2017, 42, 23, 19, 12, 3, 5, 
23/09/2017, 62, 25, 19, 13, 6, 5, 
24/09/2017, 63, 21, 21, 15, 6, 5, 
25/09/2017, 48, 19, 13, 17, 3, 5, 
26/09/2017, 41, 32, 14, 24, 5, 7, 
27/09/2017, 72, 26, 20, 17, 11, 5, 
28/09/2017, 58, 25, 10, 18, 8, 6, 
29/09/2017, 57, 20, 13, 16, 13, 6, 
30/09/2017, 52, 21, 6, 11, 12, 5, 
01/10/2017, 44, 31, 14, 12, 6, 5, 
02/10/2017, 59, 33, 10, 18, 10, 6, 
03/10/2017, 72, 23, 10, 14, 8, 5, 
04/10/2017, 39, 18, 22, 14, 8, 6, 
05/10/2017, 48, 19, 12, 15, 6, 5, 
06/10/2017, 46, 29, 25, 19, 8, 6, 
07/10/2017, 78, 29, 19, 16, 6, 7, 
08/10/2017, 65, 28, 14, 18, 6, 7, 
09/10/2017, 65, 19, 12, 13, 10, 5, 
10/10/2017, 38, 16, 19, 15, 9, 5, 
11/10/2017, 39, 20, 5, 15, 16, 5, 
12/10/2017, 41, 20, 18, 15, 10, 6, 
13/10/2017, 48, 21, 16, 14, 10, 5, 
14/10/2017, 51, 38, 26, 19, 11, 8, 
15/10/2017, 86, 31, 17, 17, 12, 5, 
16/10/2017, 60, 28, 16, 15, 12, 3, 
17/10/2017, 61, 24, 40, 14, 10, 1, 
18/10/2017, 64, 32, 36, 17, 10, 1, 
19/10/2017, 80, 48, 22, 24, 12, 2, 
20/10/2017, 99, 41, 30, 18, 13, 1, 
21/10/2017, 81, 40, 21, 15, 8, 1, 
22/10/2017, 75, 35, 16, 20, 11, 2, 
23/10/2017, 76, 42, 18, 19, 7, 2, 
24/10/2017, 92, 41, 34, 15, 7, 2, 
25/10/2017, 80, 35, 25, 17, 5, 2, 
26/10/2017, 77, 42, 14, 20, 8, 3, 
27/10/2017, 86, 39, 27, 15, 7, 3, 
28/10/2017, 65, 25, 21, 14, 4, 1, 
29/10/2017, 50, 28, 16, 15, 3, 2, 
30/10/2017, 44, 20, 11, 16, 1, 2, 
31/10/2017, 52, 33, 29, 17, 3, 3, 
01/11/2017, 77, 39, 17, 19, 8, 3, 
02/11/2017, 72, 32, 12, 16, 13, 2, 
03/11/2017, 55, 20, 17, 15, 8, 2, 
04/11/2017, 45, 19, 17, 13, 6, 1, 
05/11/2017, 50, 18, 11, 17, 7, 2, 
06/11/2017, 52, 28, 9, 18, 8, 2, 
07/11/2017, 59, 23, 17, 13, 5, 1, 
08/11/2017, 34, 22, 22, 18, 3, 3, 
09/11/2017, 63, 25, 9, 19, 5, 2, 
10/11/2017, 48, 25, 8, 19, 8, 4, 
11/11/2017, 59, 28, 17, 14, 10, 3, 
12/11/2017, 58, 21, 21, 19, 7, 1, 
13/11/2017, 61, 27, 10, 16, 9, 1, 
14/11/2017, 46, 21, 15, 19, 5, 2, 
15/11/2017, 62, 45, 27, 18, 8, 4, 
16/11/2017, 89, 28, 15, 16, 6, 1, 
17/11/2017, 50, 24, 29, 17, 9, 1, 
18/11/2017, 59, 24, 23, 15, 4, 1, 
19/11/2017, 52, 28, 16, 18, 5, 2, 
20/11/2017, 60, 29, 8, 20, 5, 3, 
21/11/2017, 63, 40, 16, 16, 6, 3, 
22/11/2017, 75, 27, 5, 15, 2, 5, 
23/11/2017, 45, 19, 9, 14, 1, 3, 
24/11/2017, 40, 21, 14, 13, 1, 1, 
25/11/2017, 41, 19, 12, 14, 1, 1, 
26/11/2017, 41, 19, 6, 14, 2, 1, 
27/11/2017, 39, 18, 23, 13, 1, 1, 
28/11/2017, 42, 18, 23, 13, 1, 1, 
29/11/2017, 38, 16, 22, 10, 1, 1, 
30/11/2017, 32, 20, 22, 15, 4, 1, 
01/12/2017, 44, 26, 27, 15, 4, , 
02/12/2017, 59, 25, 29, 14, 6, , 
03/12/2017, 50, 24, 20, 16, 6, 2, 
04/12/2017, 55, 28, 18, 15, 4, 1, 
05/12/2017, 63, 27, 24, 19, 6, 1, 
06/12/2017, 54, 25, 12, 15, 4, 1, 
07/12/2017, 50, 27, 10, 15, 2, 1, 
08/12/2017, 39, 19, 17, 14, 1, 1, 
09/12/2017, 44, 38, 23, 13, 1, 2, 
10/12/2017, 72, 36, 20, 13, 1, 1, 
11/12/2017, 60, 37, 18, 17, 1, 2, 
12/12/2017, 70, 38, 21, 18, 2, 3, 
13/12/2017, 67, 34, 30, 16, 2, 2, 
14/12/2017, 70, 31, 17, 14, 2, 1, 
15/12/2017, 58, 25, 18, 10, 1, 1, 
16/12/2017, 55, 27, 19, 9, 1, , 
17/12/2017, 47, 31, 26, 9, 1, , 
18/12/2017, 52, 31, 25, 9, , 1, 
19/12/2017, 48, 28, 25, 11, 1, 2, 
20/12/2017, 60, 35, 27, 11, 1, 2, 
21/12/2017, 65, 33, 25, 15, 1, 2, 
22/12/2017, 60, 21, 31, 12, 4, 2, 
23/12/2017, 43, 16, 18, 11, 1, 2, 
24/12/2017, 30, 21, 18, 12, 1, 1, 
25/12/2017, 47, 20, 18, 18, 4, 1, 
26/12/2017, 48, 22, 20, 16, 5, 1, 
27/12/2017, 44, 18, 17, 11, 1, 1, 
28/12/2017, 39, 21, 14, 10, 1, 1, 
29/12/2017, 48, 21, 14, 9, , , 
30/12/2017, 46, 22, 8, 12, 1, , 
31/12/2017, 39, 15, 25, 17, 1, 1, 
01/01/2018, 31, 12, 10, 12, 1, , 
02/01/2018, 25, 20, 14, 13, 1, 2, 
03/01/2018, 44, 20, 11, 11, 1, 2, 
04/01/2018, 37, 21, 9, 16, 3, 2, 
05/01/2018, 56, 28, 19, 15, 5, 2, 
06/01/2018, 56, 25, 17, 15, 5, 1, 
07/01/2018, 52, 20, 18, 15, 3, 2, 
08/01/2018, 44, 21, 17, 13, 2, , 
09/01/2018, 50, 24, 5, 17, 2, 2, 
10/01/2018, 49, 18, 6, 14, 1, 2, 
11/01/2018, 32, 12, 10, 13, 1, 2, 
12/01/2018, 19, 10, 14, 13, , 2, 
13/01/2018, 28, 16, 17, 12, , , 
14/01/2018, 34, 16, 16, 14, , 2, 
15/01/2018, 37, 20, 16, 14, 1, 1, 
16/01/2018, 45, 21, 17, 10, 1, , 
17/01/2018, 42, 23, 15, 10, 1, 3, 
18/01/2018, 47, 32, 15, 15, 1, 4, 
19/01/2018, 58, 30, 23, 18, 3, 5, 
20/01/2018, 54, 29, 19, 17, 4, 4, 
21/01/2018, 50, 21, 23, 15, 5, 4, 
22/01/2018, 44, 23, 10, 17, 1, 4, 
23/01/2018, 49, 23, 13, 16, 2, 5, 
24/01/2018, 42, 20, 15, 13, 2, 4, 
25/01/2018, 42, 27, 9, 13, 2, 2, 
26/01/2018, 42, 22, 15, 12, 1, 2, 
27/01/2018, 47, 19, 13, 12, 2, 2, 
28/01/2018, 41, 20, 16, 14, 2, 3, 
29/01/2018, 46, 22, 20, 14, 4, 2, 
30/01/2018, 52, 23, 16, 11, 2, 2, 
31/01/2018, 53, 19, 15, 11, 1, 2, 
01/02/2018, 37, 18, 10, 10, 1, 2, 
02/02/2018, 31, 20, 18, 10, 1, 3, 
03/02/2018, 53, 29, 24, 7, 1, 3, 
04/02/2018, 56, 30, 23, 9, , 3, 
05/02/2018, 53, 29, 23, 10, , 3, 
06/02/2018, 56, 30, 25, 10, , 3, 
07/02/2018, 56, 31, 27, 10, , 3, 
08/02/2018, 64, 36, 32, 9, , 3, 
09/02/2018, 78, 34, 24, 9, 1, 3, 
10/02/2018, 67, 31, 33, 8, 1, 3, 
11/02/2018, 78, 35, 29, 8, , 2, 
12/02/2018, 63, 25, 18, 9, , 2, 
13/02/2018, 43, 22, 18, 9, , 2, 
14/02/2018, 52, 30, 17, 10, , 3, 
15/02/2018, 61, 29, 24, 10, 2, 3, 
16/02/2018, 63, 25, 21, 8, 2, 3, 
17/02/2018, 58, 28, 24, 8, 1, 4, 
18/02/2018, 76, 28, 18, 8, 1, 2, 
19/02/2018, 50, 20, 18, 9, , 2, 
20/02/2018, 45, 19, 17, 8, , 2, 
21/02/2018, 48, 18, 15, 8, , , 
22/02/2018, 40, 18, 12, 11, , 4, 
23/02/2018, 38, 17, 11, 10, 1, 7, 
24/02/2018, 29, 17, 14, 10, 1, 4, 
25/02/2018, 47, 24, 14, 9, , 3, 
26/02/2018, 52, 24, 13, 9, , 3, 
27/02/2018, 54, 25, 13, 9, , 3, 
28/02/2018, 44, 20, 11, 9, , 4, 
01/03/2018, 37, 16, 13, 10, 1, 6, 
02/03/2018, 35, 13, 16, 6, 1, 4, 
03/03/2018, 24, 16, 17, 10, 2, 5, 
04/03/2018, 39, 15, 15, 5, 2, 4, 
05/03/2018, 40, 22, 15, 10, 2, 3, 
06/03/2018, 54, 21, 9, 12, 2, 2, 
07/03/2018, 40, 16, 8, 11, 2, 3, 
08/03/2018, 34, 22, 12, 7, 1, 2, 
09/03/2018, 46, 26, 12, 7, 1, 2, 
10/03/2018, 44, 36, 18, 7, , 3, 
11/03/2018, 54, 37, 17, 8, , 3, 
12/03/2018, 58, 38, 16, 8, , 3, 
13/03/2018, 56, 32, 17, 8, 1, 3, 
14/03/2018, 55, 28, 21, 9, 2, 3, 
15/03/2018, 55, 29, 19, 8, 3, 3, 
16/03/2018, 49, 22, 19, 7, 2, 2, 
17/03/2018, 42, 19, 17, 7, 2, 2, 
18/03/2018, 41, 18, 18, 7, 1, , 
19/03/2018, 40, 20, 19, 8, 2, 3, 
20/03/2018, 49, 33, 16, 18, 4, 4, 
21/03/2018, 76, 32, 15, 9, 5, 3, 
22/03/2018, 42, 22, 14, 8, 1, 2, 
23/03/2018, 42, 24, 17, 9, 1, 3, 
24/03/2018, 53, 32, 16, 10, 1, 4, 
25/03/2018, 51, 24, 14, 10, 1, 4, 
26/03/2018, 45, 21, 9, 14, 1, 4, 
27/03/2018, 37, 22, 18, 19, 3, 5, 
28/03/2018, 51, 28, 6, 16, 2, 4, 
29/03/2018, 54, , , , , , 
31/03/2018, , 49, 24, , 2, 5, 
01/04/2018, 73, 48, 22, , 2, 6, 
02/04/2018, 79, 44, 25, , 1, 4, 
03/04/2018, 69, 43, 27, , 2, 4, 
04/04/2018, 69, 36, 20, , 3, 5, 
05/04/2018, 59, 33, 18, , 2, 6, 
06/04/2018, 60, 34, 16, , 2, 6, 
07/04/2018, 58, 31, 17, , 1, 6, 
08/04/2018, 53, 31, 18, , 1, 6, 
09/04/2018, 47, 34, 18, , 2, 4, 
10/04/2018, 61, 32, 20, , 3, 2, 
11/04/2018, 56, 28, 18, , 2, 2, 
12/04/2018, 45, 23, 17, , 1, 2, 
13/04/2018, 37, 26, 13, , 1, 2, 
14/04/2018, 47, 31, 24, , 6, 5, 
15/04/2018, 58, 24, 6, , 2, 4, 
16/04/2018, 40, 28, 13, , 2, 5, 
17/04/2018, 49, 25, 15, , 1, 3, 
18/04/2018, 37, 29, 13, , 2, 3, 
19/04/2018, 47, 25, 14, , 2, 3, 
20/04/2018, 38, 21, 12, , 2, 5, 
21/04/2018, 45, 28, 16, , 3, 4, 
22/04/2018, 54, 26, 14, , 2, 4, 
23/04/2018, 48, 30, 24, , 5, 5, 
24/04/2018, 65, 29, 22, , 6, 4, 
25/04/2018, 52, 24, 19, , 6, 3, 
26/04/2018, 49, 26, 12, , 5, 4, 
27/04/2018, 57, 35, 16, , 3, 5, 
28/04/2018, 67, 29, 17, , 2, 3, 
29/04/2018, 37, 19, 9, , 1, 4, 
30/04/2018, 39, 24, 11, , 2, 3, 
01/05/2018, 40, 27, 11, , , 6, 
02/05/2018, 63, 37, 16, , , 7, 
03/05/2018, 70, 37, 16, , 3, 6, 
04/05/2018, 73, 26, 16, , 4, 3, 
05/05/2018, 42, 25, 15, , 4, 3, 
06/05/2018, 50, 34, 18, , 4, 5, 
07/05/2018, 65, 30, 13, , 3, 3, 
08/05/2018, 48, 25, 13, , 1, 3, 
09/05/2018, 40, 22, 9, , 2, 3, 
10/05/2018, 34, 21, 8, , 3, 3, 
11/05/2018, 36, 22, 10, , 3, 3, 
12/05/2018, 35, 20, 13, , 3, 4, 
13/05/2018, 32, 18, 12, , 3, 4, 
14/05/2018, 36, 19, 10, , 5, 3, 
15/05/2018, 29, 18, 14, , 4, 3, 
16/05/2018, 34, 29, 12, , 4, 7, 
17/05/2018, 57, 24, 10, , 5, 3, 
18/05/2018, 36, 26, 12, , 5, 6, 
19/05/2018, 69, 49, 8, , 10, 8, 
20/05/2018, 95, 39, 23, , 11, 4, 
21/05/2018, 70, 25, 8, , 5, 3, 
22/05/2018, 37, 34, 9, , 7, 5, 
23/05/2018, 69, 26, 16, , 11, 3, 
24/05/2018, 39, 26, 13, , 4, 3, 
25/05/2018, 47, 24, 9, , 2, 3, 
26/05/2018, 40, 22, 10, , 4, 4, 
27/05/2018, 51, 23, 7, , 12, 4, 
28/05/2018, 37, 21, 11, , 6, 6, 
29/05/2018, 39, 25, 12, , 13, 4, 
30/05/2018, 45, 29, 3, , 7, 5, 
31/05/2018, 55, 32, 9, , 11, 5, 
01/06/2018, 60, 39, 16, , 22, 5, 
02/06/2018, 62, 40, 22, , 13, 4, 
03/06/2018, 74, 24, 14, , 7, 3, 
04/06/2018, 35, 21, 14, , 6, 3, 
05/06/2018, 46, 29, 16, , 3, 3, 
06/06/2018, 56, 32, 19, , 3, 4, 
07/06/2018, 62, 35, 13, , 5, 3, 
08/06/2018, 60, 31, 18, , 12, 4, 
09/06/2018, 76, 35, 14, , 6, 4, 
10/06/2018, 63, 28, 14, , 3, 3, 
11/06/2018, 57, 32, 11, , 3, 3, 
12/06/2018, 59, 28, 8, , 4, 3, 
13/06/2018, 38, 23, 9, , 6, 3, 
14/06/2018, 39, 20, 5, , 7, 4, 
15/06/2018, 36, 21, 14, , 5, 4, 
16/06/2018, 38, 23, 15, , 2, 4, 
17/06/2018, 43, 23, 7, , 3, 4, 
18/06/2018, 32, 20, 9, , 8, 18, 
19/06/2018, 32, 25, 5, , 4, 3, 
20/06/2018, 40, 28, 6, , 3, 4, 
21/06/2018, 55, 45, 11, , 3, 6, 
22/06/2018, 64, 27, 5, , 3, 3, 
23/06/2018, 35, 30, 12, , 4, 4, 
24/06/2018, 49, 25, 10, , 7, 22, 
25/06/2018, 34, 25, 9, , 8, 4, 
26/06/2018, 46, 27, 4, , 4, 3, 
27/06/2018, 35, 21, 8, , 3, 2, 
28/06/2018, 28, 19, 4, , 2, 3, 
29/06/2018, 28, 20, 9, , 3, , 
30/06/2018, 24, 20, 6, , 2, , 
01/07/2018, 30, 17, 8, , 2, 4, 
02/07/2018, 28, 18, 7, , 3, 3, 
03/07/2018, 27, 18, 13, , 2, 3, 
04/07/2018, 37, 22, 15, , 2, 4, 
05/07/2018, 53, 33, 17, , 2, 3, 
06/07/2018, 63, 32, 17, , 2, 3, 
07/07/2018, 61, 30, 12, , 2, 7, 
08/07/2018, 51, 25, 12, , 2, 4, 
09/07/2018, 49, 23, 8, , 4, 3, 
10/07/2018, 35, 18, 10, , 6, 17, 
11/07/2018, 32, 22, 19, , 5, 3, 
12/07/2018, 57, 38, 18, , 3, 3, 
13/07/2018, 76, 44, 17, , 2, , 
14/07/2018, 79, 39, 17, , 3, 3, 
15/07/2018, 68, 36, 20, , 3, 4, 
16/07/2018, 77, 39, 17, , 2, , 
17/07/2018, 70, 41, 18, , 2, , 
18/07/2018, 75, 40, 15, , 2, 4, 
19/07/2018, 68, 39, 16, , 3, 6, 
20/07/2018, 69, 34, 9, , 5, 3, 
21/07/2018, 52, 27, 14, , 7, 3, 
22/07/2018, 57, 33, 17, , 3, 3, 
23/07/2018, 67, 36, 15, , 2, 3, 
24/07/2018, 67, 34, 9, , 2, 2, 
25/07/2018, 47, 22, 16, , 8, 2, 
26/07/2018, 46, 30, 20, , 4, 2, 
27/07/2018, 57, 41, 22, , 2, 2, 
28/07/2018, 73, 41, 21, , 2, 4, 
29/07/2018, 70, 35, 10, , 3, 10, 
30/07/2018, 58, 30, 12, , 7, 4, 
31/07/2018, 68, 30, 4, , 7, 3, 
01/08/2018, 49, 18, 14, , 4, 2, 
02/08/2018, 38, 27, 17, , 2, 3, 
03/08/2018, 58, 35, 17, , 1, 19, 
04/08/2018, 59, 36, 18, , 2, , 
05/08/2018, 63, 36, 15, , 2, 3, 
06/08/2018, 72, 44, 16, , 3, 5, 
07/08/2018, 81, 36, 11, , 5, 11, 
08/08/2018, 54, 32, 14, , 6, 3, 
09/08/2018, 67, 33, 15, , 3, 4, 
10/08/2018, 63, 36, 18, , 4, 3, 
11/08/2018, 72, 38, 17, , 4, 3, 
12/08/2018, 73, 40, 17, , 3, 9, 
13/08/2018, 67, 36, 15, , 2, 3, 
14/08/2018, 61, 39, 18, , 3, 3, 
15/08/2018, 71, 46, 20, , 2, 4, 
16/08/2018, 78, 41, 13, , 2, 3, 
17/08/2018, 67, 41, 23, , 1, 4, 
18/08/2018, 78, 48, 21, , 1, , 
19/08/2018, 76, 40, 18, , 1, 3, 
20/08/2018, 66, 36, 17, , 2, 9, 
21/08/2018, 60, 38, 10, , 2, 4, 
22/08/2018, 63, 33, 11, , 4, 4, 
23/08/2018, 56, 28, 9, , 4, 4, 
24/08/2018, 52, 25, 10, , 4, 5, 
25/08/2018, 49, 18, 17, , 4, 4, 
26/08/2018, 37, 28, 15, , 3, , 
27/08/2018, 63, 40, 14, , 2, 4, 
28/08/2018, 68, 35, 12, , 7, 5, 
29/08/2018, 54, 24, 13, , 5, 4, 
30/08/2018, 43, 22, 11, , 4, 3, 
31/08/2018, 40, 23, 19, , 9, 4, 
01/09/2018, 57, 27, 9, , 7, 5, 
02/09/2018, 48, 24, 12, , 9, 3, 
03/09/2018, 40, 23, 6, , 5, 4, 
04/09/2018, 47, 27, 9, , 7, 4, 
05/09/2018, 55, 28, 19, , 4, 3, 
06/09/2018, 68, 35, 8, , 3, 4, 
07/09/2018, 67, 29, 10, , 3, 5, 
08/09/2018, 48, 21, 10, , 3, 4, 
09/09/2018, 45, 23, 10, , 4, 5, 
10/09/2018, 59, 34, 7, , 4, 5, 
11/09/2018, 62, 23, 12, , 4, 3, 
12/09/2018, 32, 27, 19, , 4, 4, 
13/09/2018, 61, 36, 19, , 4, 4, 
14/09/2018, 71, 38, 19, , 2, 4, 
15/09/2018, 71, 40, 19, , 3, 13, 
16/09/2018, 69, 37, 19, , 2, 3, 
17/09/2018, 62, 36, 14, , 3, 4, 
18/09/2018, 68, 33, 15, , 3, 4, 
19/09/2018, 57, 40, 12, , 3, 6, 
20/09/2018, 74, 27, 10, , 5, 4, 
21/09/2018, 43, 18, 11, , 6, , 
22/09/2018, 33, 22, 16, , 4, 4, 
23/09/2018, 53, 41, 18, , 5, 5, 
24/09/2018, 75, 44, 20, , 4, 4, 
25/09/2018, 64, 35, 14, , 5, 4, 
26/09/2018, 64, 36, 17, , 4, 5, 
27/09/2018, 64, 34, 17, , 3, 4, 
28/09/2018, 64, 40, 23, , 2, 3, 
29/09/2018, 66, 38, 20, , 1, 3, 
30/09/2018, 65, 37, 19, , 1, 27, 
01/10/2018, 66, 37, 19, , 3, 3, 
02/10/2018, 62, 37, 19, , 3, 4, 
03/10/2018, 71, 37, 15, , 3, 3, 
04/10/2018, 62, 39, 18, , 4, 3, 
05/10/2018, 67, 42, 15, , 3, 4, 
06/10/2018, 69, 31, 11, , 3, 4, 
07/10/2018, 52, 31, 8, , 3, 4, 
08/10/2018, 59, 31, 10, , 5, 5, 
09/10/2018, 64, 33, 10, , 7, 6, 
10/10/2018, 62, 31, 17, , 5, 6, 
11/10/2018, 57, 25, 6, , 4, 3, 
12/10/2018, 42, 21, 5, , 8, 3, 
13/10/2018, 43, 33, 3, , 9, 4, 
14/10/2018, 55, 30, 16, , 9, 4, 
15/10/2018, 56, 39, 11, , 6, 4, 
16/10/2018, 68, 51, 8, , 8, 5, 
17/10/2018, 80, 48, 7, , 9, 4, 
18/10/2018, 55, 26, 14, , 12, 3, 
19/10/2018, 50, 24, 14, , 8, 3, 
20/10/2018, 43, 28, 13, , 5, 3, 
21/10/2018, 68, 39, 14, , 5, 4, 
22/10/2018, 66, 29, 9, , 4, 2, 
23/10/2018, 47, 29, 13, , 5, 4, 
24/10/2018, 61, 50, 14, , 6, 5, 
25/10/2018, 86, 51, 30, , 8, 5, 
26/10/2018, 94, 43, 13, , 6, 3, 
27/10/2018, 66, 30, 17, , 4, 3, 
28/10/2018, 57, 31, 10, , 3, 5, 
29/10/2018, 54, 30, 10, , 2, 5, 
30/10/2018, 55, 31, 11, , 2, 3, 
31/10/2018, 39, 29, 12, , 1, 3, 
01/11/2018, 50, 24, 12, , 1, 3, 
02/11/2018, 41, 26, 14, , 8, 4, 
03/11/2018, 53, 36, 10, , 7, 4, 
04/11/2018, 50, 25, 22, , 6, 4, 
05/11/2018, 54, 27, 13, , 7, 4, 
06/11/2018, 47, 23, 13, , 5, 3, 
07/11/2018, 39, 21, 15, , 7, 3, 
08/11/2018, 33, 25, 6, , 6, 4, 
09/11/2018, 57, 38, 18, , 9, 5, 
10/11/2018, 69, 40, 9, , 5, 4, 
11/11/2018, 60, 26, 18, , 3, 4, 
12/11/2018, 45, 21, 7, , 8, 4, 
13/11/2018, 50, 26, 5, , 15, 3, 
14/11/2018, 55, 35, 6, , 10, 3, 
15/11/2018, 49, 33, 14, , 3, 5, 
16/11/2018, 67, 20, 13, , 2, 3, 
17/11/2018, 39, 27, 12, , 4, 4, 
18/11/2018, 50, 25, 16, , 5, 11, 
19/11/2018, 42, 34, 12, , 7, 7, 
20/11/2018, 72, 30, 14, , 11, 4, 
21/11/2018, 45, 22, 14, , 3, 5, 
22/11/2018, 44, 24, 8, , 2, 4, 
23/11/2018, 51, 25, 20, , 2, 4, 
24/11/2018, 50, 25, 9, , 6, 4, 
25/11/2018, 56, 29, 11, , 12, 4, 
26/11/2018, 55, 25, 8, , 8, 4, 
27/11/2018, 48, 25, 16, , 5, 4, 
28/11/2018, 52, 24, 8, , 2, 4, 
29/11/2018, 53, 25, 9, , 3, 4, 
30/11/2018, 45, 20, 8, , 2, 4, 
01/12/2018, 37, 19, 10, , 1, 3, 
02/12/2018, 30, 20, 6, , 1, 4, 
03/12/2018, 44, 27, 13, , 1, 4, 
04/12/2018, 44, 23, 8, , 2, 3, 
05/12/2018, 43, 28, 8, , 2, 5, 
06/12/2018, 49, 24, 10, , 3, 4, 
07/12/2018, 49, 26, 8, , 4, 4, 
08/12/2018, 42, 30, 13, , 3, 5, 
09/12/2018, 49, 24, 8, , 2, 4, 
10/12/2018, 49, 27, 6, , 2, 4, 
11/12/2018, 41, 22, 12, , 2, 5, 
12/12/2018, 46, 24, 6, , 4, 4, 
13/12/2018, 37, 21, 11, , 2, 4, 
14/12/2018, 36, 25, 11, , 1, 4, 
15/12/2018, 49, 24, 19, , 3, 4, 
16/12/2018, 34, 18, 14, , 4, 4, 
17/12/2018, 37, 21, 14, , 4, 3, 
18/12/2018, 45, 24, 14, , 1, 3, 
19/12/2018, 50, 32, 12, , 1, 3, 
20/12/2018, 50, 29, 8, , 1, 3, 
21/12/2018, 47, 32, 14, , 1, 4, 
22/12/2018, 61, 41, 20, , 1, 4, 
23/12/2018, 76, 42, 27, , 2, 5, 
24/12/2018, 78, 38, 19, , 3, 4, 
25/12/2018, 59, 29, 17, , 2, 4, 
26/12/2018, 47, 23, 17, , 2, 4, 
27/12/2018, 51, 26, 21, , 1, 5, 
28/12/2018, 61, 25, 20, , 1, 4, 
29/12/2018, 59, 30, 18, , 3, 4, 
30/12/2018, 53, , , , , , 
31/12/2018, , 20, 16, , 1, 5, 
01/01/2019, 37, 24, 24, , 1, 5, 
02/01/2019, 57, 31, 24, , 2, 11, 
03/01/2019, 64, 29, 19, , 1, 4, 
04/01/2019, 49, 35, 22, , 2, 5, 
05/01/2019, 77, 28, 14, , 1, 3, 
06/01/2019, 47, 26, 11, , , 2, 
07/01/2019, 37, 26, 10, , , 2, 
08/01/2019, 44, 27, 11, , 1, 2, 
09/01/2019, 45, 28, 11, , 1, 2, 
10/01/2019, 43, 24, 12, , , 2, 
11/01/2019, 44, 28, 12, , , 2, 
12/01/2019, 42, 27, 10, , , 2, 
13/01/2019, 44, 29, 9, , , 3, 
14/01/2019, 51, 34, 11, , 2, 3, 
15/01/2019, 51, 29, 13, , 1, 3, 
16/01/2019, 47, 26, 7, , 2, 3, 
17/01/2019, 37, 17, 8, , 1, 3, 
18/01/2019, 37, 37, 10, , 1, 3, 
19/01/2019, 54, 39, 10, , 1, 3, 
20/01/2019, 51, 36, 10, , 1, 3, 
21/01/2019, 47, 29, 10, , 1, 3, 
22/01/2019, 39, 28, 17, , , 4, 
23/01/2019, 49, 40, 19, , , 4, 
24/01/2019, 59, 42, 16, , , 4, 
25/01/2019, 55, 40, 15, , , 12, 
26/01/2019, 55, 34, 13, , , 21, 
27/01/2019, 46, 27, 11, , , 3, 
28/01/2019, 42, 28, 12, , , 3, 
29/01/2019, 48, 32, 12, , , 3, 
30/01/2019, 54, 35, 13, , , 3, 
31/01/2019, 59, 36, 11, , , 3, 
01/02/2019, 45, 27, 10, , , , 
02/02/2019, 37, 25, 10, , , 27, 
03/02/2019, 41, 28, 10, , , 3, 
04/02/2019, 45, 28, 10, , , 3, 
05/02/2019, 42, 26, 12, , , 3, 
06/02/2019, 41, 25, 11, , , 3, 
07/02/2019, 46, 37, 12, , 1, 5, 
08/02/2019, 77, 37, 11, , 1, 5, 
09/02/2019, 63, 31, 9, , 1, 3, 
10/02/2019, 57, 31, 13, , 1, 3, 
11/02/2019, 52, 26, 10, , 1, 3, 
12/02/2019, 47, 23, 10, , 1, 3, 
13/02/2019, 42, 23, 11, , 1, 27, 
14/02/2019, 37, 27, 9, , 1, , 
15/02/2019, 42, 25, 11, , 1, 3, 
16/02/2019, 41, 26, 12, , 1, 3, 
17/02/2019, 50, 28, 16, , 1, 4, 
18/02/2019, 52, 21, 10, , 1, 2, 
19/02/2019, 43, 25, 11, , 1, 2, 
20/02/2019, 45, 26, 12, , 1, 2, 
21/02/2019, 46, 33, 11, , 1, 2, 
22/02/2019, 51, 28, 12, , 1, 2, 
23/02/2019, 44, 29, 14, , 1, 2, 
24/02/2019, 54, 27, 12, , 1, 2, 
25/02/2019, 50, 24, 9, , 1, 2, 
26/02/2019, 44, 30, 11, , 1, 2, 
27/02/2019, 47, 38, 12, , 1, 3, 
28/02/2019, 58, 37, 13, , 2, 3, 
01/03/2019, 57, 34, 15, , 2, 3, 
02/03/2019, 48, 32, 16, , 2, 3, 
03/03/2019, 54, 30, 17, , 1, 13, 
04/03/2019, 60, 30, 17, , 1, 3, 
05/03/2019, 64, 35, 11, , 2, 3, 
06/03/2019, 55, 27, 13, , 1, 3, 
07/03/2019, 52, 33, 16, , 1, 4, 
08/03/2019, 74, 32, 14, , 1, 3, 
09/03/2019, 47, 23, 10, , 1, , 
10/03/2019, 41, 26, 8, , 2, 4, 
11/03/2019, 55, 39, 16, , 3, 5, 
12/03/2019, 66, 32, 12, , 2, 3, 
13/03/2019, 56, 25, 14, , , 3, 
14/03/2019, 54, 31, 14, , , 3, 
15/03/2019, 58, 31, 11, , , 3, 
16/03/2019, 59, 31, 15, , , 3, 
17/03/2019, 61, 36, 15, , 1, 4, 
18/03/2019, 68, 35, 14, , , 3, 
19/03/2019, 67, 32, 13, , , 3, 
20/03/2019, 59, 30, 14, , , 3, 
21/03/2019, 57, 31, 20, , , 5, 
22/03/2019, 73, 41, 16, , , 5, 
23/03/2019, 75, 32, 11, , 1, 4, 
24/03/2019, 60, 35, 8, , 1, 4, 
25/03/2019, 73, 28, 9, , 1, 3, 
26/03/2019, 47, 27, 9, , 1, 3, 
27/03/2019, 54, 36, 9, , 1, 4, 
28/03/2019, 65, 37, 11, , 2, 5, 
29/03/2019, 58, 33, 10, , 4, 4, 
30/03/2019, 66, 47, 13, , 11, 5, 
31/03/2019, 85, 36, 9, , 6, 4, 
01/04/2019, 60, 37, 15, , 4, 5, 
02/04/2019, 67, 32, 11, , 3, 4, 
03/04/2019, 47, 29, 9, , 1, 4, 
04/04/2019, 48, 29, 11, , 1, 3, 
05/04/2019, 46, 27, 14, , 1, 3, 
06/04/2019, 49, 27, 13, , 2, 3, 
07/04/2019, 46, 24, 12, , 2, 3, 
08/04/2019, 48, 26, 11, , 2, 4, 
09/04/2019, 51, 30, 13, , 1, 4, 
10/04/2019, 68, 43, 7, , 2, 6, 
11/04/2019, 76, 33, 12, , 2, 4, 
12/04/2019, 58, 36, 13, , 8, 4, 
13/04/2019, 45, 19, 10, , 5, 3, 
14/04/2019, 35, 18, 9, , 4, 4, 
15/04/2019, 39, 20, 14, , 6, 2, 
16/04/2019, 38, 28, 18, , 5, 3, 
17/04/2019, 58, 32, 14, , 4, 3, 
18/04/2019, 59, 27, 13, , 3, 4, 
19/04/2019, 57, 37, 9, , 6, 5, 
20/04/2019, 72, 31, 18, , 4, 3, 
21/04/2019, 56, 25, 13, , 5, 3, 
22/04/2019, 49, 32, 10, , 4, 4, 
23/04/2019, 64, 31, 10, , 7, 5, 
24/04/2019, 65, 35, 20, , 9, 3, 
25/04/2019, 57, 31, 10, , 4, 4, 
26/04/2019, 52, 25, 10, , 3, 4, 
27/04/2019, 31, 23, 44, , 11, 4, 
28/04/2019, 54, 31, 17, , 12, 2, 
29/04/2019, 39, 30, 12, , 4, 4, 
30/04/2019, 36, 47, 28, , 11, 5, 
01/05/2019, 57, 45, 23, , 14, 4, 
02/05/2019, 54, 46, 22, , 9, 4, 
03/05/2019, 80, 39, 16, , 7, 4, 
04/05/2019, 67, 32, 19, , 9, 4, 
05/05/2019, 59, 23, 15, , 7, 2, 
06/05/2019, 41, 24, 22, , 8, 3, 
07/05/2019, 56, 27, 9, , 12, 4, 
08/05/2019, 45, 28, 17, , 13, 4, 
09/05/2019, 62, 29, 11, , 13, 3, 
10/05/2019, 57, 42, 9, , 12, 5, 
11/05/2019, 74, 38, 21, , 15, 4, 
12/05/2019, 69, 30, 13, , 8, 3, 
13/05/2019, 54, 34, 15, , 7, 5, 
14/05/2019, 62, 30, 11, , 7, 5, 
15/05/2019, 57, 26, 12, , 10, 3, 
16/05/2019, 53, 26, 11, , 16, 11, 
17/05/2019, 46, 22, 14, , 12, 3, 
18/05/2019, 49, 19, 14, , 8, 3, 
19/05/2019, 37, 21, 16, , 9, 4, 
20/05/2019, 52, 21, 14, , 8, 5, 
21/05/2019, 45, 26, 9, , 10, 7, 
22/05/2019, 45, 18, 13, , 10, 3, 
23/05/2019, 31, 20, 16, , 6, 3, 
24/05/2019, 36, 18, 11, , 6, 3, 
25/05/2019, 29, 16, 14, , 6, , 
26/05/2019, 30, 16, 11, , 6, 3, 
27/05/2019, 29, 19, 10, , 4, 3, 
28/05/2019, 31, 20, 13, , 5, 3, 
29/05/2019, 38, 24, 8, , 8, 3, 
30/05/2019, 39, 17, 10, , 6, 3, 
31/05/2019, 31, 14, 9, , 8, 4, 
01/06/2019, 34, 16, 13, , 7, 3, 
02/06/2019, 30, 17, 7, , 8, 4, 
03/06/2019, 37, 19, 10, , 11, 5, 
04/06/2019, 37, 16, 10, , 8, 3, 
05/06/2019, 29, 16, 5, , 7, 4, 
06/06/2019, 34, 18, 4, , 5, 4, 
07/06/2019, 36, 26, 5, , 7, 6, 
08/06/2019, 54, 19, 8, , 7, 3, 
09/06/2019, 35, 19, 11, , 7, 3, 
10/06/2019, 43, 20, 9, , 6, 3, 
11/06/2019, 32, 18, 7, , 5, 3, 
12/06/2019, 25, 15, 6, , 5, , 
13/06/2019, 30, 17, 6, , 5, 3, 
14/06/2019, 33, 18, 9, , 6, 3, 
15/06/2019, 34, 18, 12, , 7, 3, 
16/06/2019, 41, 16, 9, , 5, 3, 
17/06/2019, 32, 18, 4, , 5, 3, 
18/06/2019, 35, 18, 4, , 6, 3, 
19/06/2019, 40, 17, 10, , 7, 12, 
20/06/2019, 27, 19, 11, , 4, 3, 
21/06/2019, 35, 17, 8, , 4, 3, 
22/06/2019, 38, 17, 11, , 5, 3, 
23/06/2019, 30, 17, 11, , 5, 3, 
24/06/2019, 44, 30, 15, , 5, 3, 
25/06/2019, 60, 33, 7, , 6, 3, 
26/06/2019, 54, 29, 13, , 9, 9, 
27/06/2019, 57, 26, 12, , 6, 3, 
28/06/2019, 48, 31, 13, , 5, 4, 
29/06/2019, 58, 29, 13, , 5, 7, 
30/06/2019, 49, 28, 14, , 7, 3, 
01/07/2019, 55, 33, 17, , 5, 4, 
02/07/2019, 62, 39, 14, , 5, 5, 
03/07/2019, 68, 39, 15, , 6, 4, 
04/07/2019, 64, 27, 10, , 5, 9, 
05/07/2019, 44, 26, 9, , 5, 6, 
06/07/2019, 50, 22, 14, , 5, 3, 
07/07/2019, 41, 23, 8, , 7, 3, 
08/07/2019, 43, 27, 10, , 6, 4, 
09/07/2019, 57, 27, 17, , 6, 5, 
10/07/2019, 51, 27, 16, , 2, 2, 
11/07/2019, 40, 25, 12, , 4, 3, 
12/07/2019, 47, 25, 14, , 5, 3, 
13/07/2019, 45, 26, 18, , 4, 15, 
14/07/2019, 49, 31, 17, , 4, 4, 
15/07/2019, 57, 28, 17, , 4, 3, 
16/07/2019, 60, 35, 21, , 3, 3, 
17/07/2019, 64, 34, 21, , 3, 3, 
18/07/2019, 58, 35, 17, , 4, 2, 
19/07/2019, 50, 31, 16, , 4, , 
20/07/2019, 52, 31, 13, , 6, 2, 
21/07/2019, 59, 25, 13, , 7, 2, 
22/07/2019, 48, 21, 7, , 6, 2, 
23/07/2019, 32, 22, 12, , 5, 2, 
24/07/2019, 49, 31, 18, , 5, 10, 
25/07/2019, 55, 31, 18, , 5, 2, 
26/07/2019, 57, 31, 14, , 4, 2, 
27/07/2019, 49, 27, 14, , 3, 3, 
28/07/2019, 49, 27, 20, , 4, 3, 
29/07/2019, 55, 37, 20, , 4, 3, 
30/07/2019, 67, 41, 20, , 4, , 
31/07/2019, 65, 38, 22, , 4, 3, 
01/08/2019, 60, 33, 19, , 4, 2, 
02/08/2019, 63, 35, 15, , 3, 6, 
03/08/2019, 58, 35, 16, , 4, 11, 
04/08/2019, 54, 37, 22, , 3, 27, 
05/08/2019, 69, 49, 23, , 4, 3, 
06/08/2019, 78, 50, 22, , 5, 3, 
07/08/2019, 73, 50, 24, , 4, 4, 
08/08/2019, 81, 48, 25, , 3, 36, 
09/08/2019, 79, 46, 20, , 3, 3, 
10/08/2019, 74, 42, 19, , 4, 4, 
11/08/2019, 70, 39, 20, , 4, 3, 
12/08/2019, 64, 38, 17, , 4, 4, 
13/08/2019, 65, 36, 18, , 3, 3, 
14/08/2019, 57, 37, 14, , 5, 3, 
15/08/2019, 61, 40, 17, , 5, 3, 
16/08/2019, 68, 43, 17, , 4, 3, 
17/08/2019, 70, 44, 16, , 3, 3, 
18/08/2019, 60, 35, 17, , 4, 7, 
19/08/2019, 64, 40, 18, , 4, 4, 
20/08/2019, 68, 39, 17, , 3, 3, 
21/08/2019, 63, 36, 13, , 4, 3, 
22/08/2019, 53, 33, 16, , 4, 3, 
23/08/2019, 59, 43, 19, , 3, 3, 
24/08/2019, 67, 45, 15, , 4, 10, 
25/08/2019, 65, 48, 17, , 5, 5, 
26/08/2019, 75, 34, 10, , 4, 6, 
27/08/2019, 63, 30, 10, , 9, 22, 
28/08/2019, 63, 28, 14, , 7, 5, 
29/08/2019, 61, 37, 14, , 5, 4, 
30/08/2019, 67, 45, 19, , 4, 4, 
31/08/2019, 68, 51, 19, , 5, 4, 
01/09/2019, 78, 45, 17, , 5, 4, 
02/09/2019, 72, 44, 17, , 5, 4, 
03/09/2019, 70, 39, 16, , 4, 4, 
04/09/2019, 65, 44, 23, , 5, 4, 
05/09/2019, 79, 48, 23, , 4, 4, 
06/09/2019, 79, 51, 23, , 4, 4, 
07/09/2019, 77, 50, 22, , 4, 4, 
08/09/2019, 83, 56, 20, , 4, 5, 
09/09/2019, 120, 63, 20, , 3, 6, 
10/09/2019, 124, 56, 17, , 3, 5, 
11/09/2019, 88, 56, 22, , 4, 6, 
12/09/2019, 124, 65, 26, , 5, 7, 
13/09/2019, 127, 63, 23, , 5, 7, 
14/09/2019, 124, 73, 27, , 4, 6, 
15/09/2019, 114, 59, 23, , 5, 5, 
16/09/2019, 101, 63, 25, , 4, 6, 
17/09/2019, 124, 78, 21, , 4, 10, 
18/09/2019, 165, 84, 20, , 3, 7, 
19/09/2019, 99, 51, 18, , 2, 5, 
20/09/2019, 83, 65, 22, , 1, 7, 
21/09/2019, 139, 73, 25, , 2, 9, 
22/09/2019, 158, 75, 16, , 2, 8, 
23/09/2019, 137, 59, 15, , 3, 8, 
24/09/2019, 111, 45, 6, , 4, 6, 
25/09/2019, 71, 41, 30, , 6, 8, 
26/09/2019, 92, 48, 20, , 7, 5, 
27/09/2019, 90, 44, 21, , 5, 7, 
28/09/2019, 92, 42, 15, , 7, 6, 
29/09/2019, 71, 30, 15, , 4, 7, 
30/09/2019, 63, 37, 9, , 5, 6, 
01/10/2019, 70, 39, 9, , 4, 5, 
02/10/2019, 62, 37, 12, , 5, 4, 
03/10/2019, 71, 24, 11, , 6, 5, 
04/10/2019, 40, 21, 12, , 4, 4, 
05/10/2019, 47, 26, 15, , 5, 4, 
06/10/2019, 52, 25, 8, , 5, 4, 
07/10/2019, 46, 24, 8, , 6, 7, 
08/10/2019, 51, 27, 9, , 6, 7, 
09/10/2019, 51, 31, 18, , 5, 8, 
10/10/2019, 74, 39, 10, , 5, 8, 
11/10/2019, 62, 23, 10, , 4, 7, 
12/10/2019, 51, 28, 10, , 4, 7, 
13/10/2019, 54, 24, 12, , 4, 8, 
14/10/2019, 57, 37, 11, , 4, 8, 
15/10/2019, 71, 32, 13, , 3, 7, 
16/10/2019, 48, 21, 6, , 2, 6, 
17/10/2019, 39, 31, 13, , 3, 7, 
18/10/2019, 64, 34, 14, , 4, 5, 
19/10/2019, 74, 42, 11, , 3, 5, 
20/10/2019, 61, 23, 7, , 2, 5, 
21/10/2019, 45, 22, 5, , 4, 8, 
22/10/2019, 45, 27, 18, , 9, 10, 
23/10/2019, 69, 46, 11, , 12, 10, 
24/10/2019, 83, 38, 13, , 6, 8, 
25/10/2019, 57, 31, 12, , 4, 9, 
26/10/2019, 51, 28, 26, , 3, 9, 
27/10/2019, 56, 24, 14, , 5, 8, 
28/10/2019, 43, 31, 36, , 5, 11, 
29/10/2019, 83, 44, 20, , 12, 9, 
30/10/2019, 76, 42, 18, , 8, 12, 
31/10/2019, 88, 46, 19, , 11, 11, 
01/11/2019, 67, 38, 18, , 9, 9, 
02/11/2019, 80, 35, 16, , 9, 9, 
03/11/2019, 59, 32, 9, , 16, 10, 
04/11/2019, 100, 56, 15, , 14, 11, 
05/11/2019, 117, 46, 19, , 10, 10, 
06/11/2019, 84, 50, 23, , 6, 10, 
07/11/2019, 106, 41, 13, , 3, 9, 
08/11/2019, 51, 26, 20, , 7, 10, 
09/11/2019, 74, 41, 20, , 14, 9, 
10/11/2019, 70, 44, 18, , 19, 10, 
11/11/2019, 98, 47, 20, , 10, 11, 
12/11/2019, 105, 66, 25, , 8, 14, 
13/11/2019, 127, 48, 15, , 5, 10, 
14/11/2019, 61, 26, 17, , 1, 10, 
15/11/2019, 52, 28, 16, , 2, 12, 
16/11/2019, 54, 34, 18, , 3, 9, 
17/11/2019, 58, 32, 15, , 3, 23, 
18/11/2019, 60, 34, 9, , 2, 10, 
19/11/2019, 52, 29, 7, , 3, 10, 
20/11/2019, 49, 29, 8, , 6, 9, 
21/11/2019, 50, 22, 10, , 3, 8, 
22/11/2019, 30, 22, 10, , 2, 8, 
23/11/2019, 36, 22, 13, , 1, 9, 
24/11/2019, 40, 29, 18, , 3, 9, 
25/11/2019, 59, 25, 10, , 5, 6, 
26/11/2019, 32, 24, 8, , 3, 6, 
27/11/2019, 41, 23, 8, , 3, 7, 
28/11/2019, 39, 24, 8, , 2, 7, 
29/11/2019, 41, 24, 11, , 2, 8, 
30/11/2019, 39, 28, 14, , 3, 8, 
01/12/2019, 41, 22, 11, , 3, 8, 
02/12/2019, 32, 22, 13, , 1, 7, 
03/12/2019, 43, 41, 18, , 1, 7, 
04/12/2019, 58, 44, 17, , 1, 9, 
05/12/2019, 57, 40, 22, , 1, 8, 
06/12/2019, 56, 37, 25, , 1, 8, 
07/12/2019, 51, 33, 19, , 1, , 
08/12/2019, 34, 16, 14, , 1, 8, 
09/12/2019, 27, 27, 10, , 1, 9, 
10/12/2019, 52, 28, 9, , 1, 8, 
11/12/2019, 33, 21, 15, , 1, 7, 
12/12/2019, 41, 33, 13, , 1, 8, 
13/12/2019, 45, 18, 6, , 2, 9, 
14/12/2019, 23, 14, 5, , 2, 8, 
15/12/2019, 28, 14, 9, , 2, 3, 
16/12/2019, 21, 16, 5, , 2, 8, 
17/12/2019, 38, 26, 12, , 2, 8, 
18/12/2019, 46, 23, 12, , 2, 8, 
19/12/2019, 35, 20, 13, , 2, 7, 
20/12/2019, 39, 20, 11, , 2, 7, 
21/12/2019, 34, 19, 11, , 2, 7, 
22/12/2019, 31, 22, 10, , 2, 6, 
23/12/2019, 43, 24, 10, , , 7, 
24/12/2019, 36, 23, 13, , , 7, 
25/12/2019, 42, 24, 12, , , 7, 
26/12/2019, 41, 23, 12, , , , 
27/12/2019, 40, 27, 16, , 2, 7, 
28/12/2019, 50, 32, 16, , 2, 7, 
29/12/2019, 47, , , , , , 
31/12/2019, , 23, 15, , 2, 7, 
01/01/2020, 39, 30, 13, , 2, 7, 
02/01/2020, 44, 33, 14, , 2, 8, 
03/01/2020, 44, 29, 13, , 2, 8, 
04/01/2020, 41, 29, 14, , 2, 7, 
05/01/2020, 44, 31, 12, , 2, 9, 
06/01/2020, 39, 18, 10, , 2, 8, 
07/01/2020, 27, 21, 11, , 2, 10, 
08/01/2020, 34, 26, 12, , 2, 8, 
09/01/2020, 42, 31, 10, , 1, 7, 
10/01/2020, 41, 33, 14, , 1, 6, 
11/01/2020, 48, 34, 20, , 1, 6, 
12/01/2020, 53, 33, 16, , 1, 6, 
13/01/2020, 52, 30, 13, , 1, 6, 
14/01/2020, 42, 31, 15, , 1, 6, 
15/01/2020, 46, 34, 14, , 1, 6, 
16/01/2020, 69, 46, 10, , 1, 6, 
17/01/2020, 78, 34, 12, , 1, 7, 
18/01/2020, 46, 22, 13, , 1, 6, 
19/01/2020, 42, 28, 12, , 1, 6, 
20/01/2020, 46, 23, 10, , 1, 6, 
21/01/2020, 35, 29, 12, , 1, 7, 
22/01/2020, 45, 26, 13, , 1, 7, 
23/01/2020, 39, 25, 15, , 1, 7, 
24/01/2020, 37, 24, 17, , 1, 6, 
25/01/2020, 35, 25, 18, , 1, 7, 
26/01/2020, 45, 21, 15, , 1, 7, 
27/01/2020, 37, 20, 18, , 1, 6, 
28/01/2020, 35, 18, 15, , 1, 5, 
29/01/2020, 31, 13, 13, , 1, 5, 
30/01/2020, 26, 17, 19, , 1, 5, 
31/01/2020, 36, 23, 19, , 2, 5, 
01/02/2020, 37, 33, 19, , 1, 6, 
02/02/2020, 65, 42, 18, , 1, 5, 
03/02/2020, 61, 37, 17, , 2, 7, 
04/02/2020, 59, 33, 15, , 1, 7, 
05/02/2020, 49, 27, 16, , 1, 6, 
06/02/2020, 43, 30, 15, , , 6, 
07/02/2020, 48, 32, 15, , , 6, 
08/02/2020, 48, 28, 11, , , 6, 
09/02/2020, 38, 15, 15, , , 7, 
10/02/2020, 26, 18, 9, , , 7, 
11/02/2020, 36, 22, 14, , , 8, 
12/02/2020, 37, 23, 13, , 1, 8, 
13/02/2020, 37, 24, 14, , 1, 7, 
14/02/2020, 38, 20, 19, , , , 
15/02/2020, 37, 22, 27, , 2, 9, 
16/02/2020, 47, 23, 14, , 1, 7, 
17/02/2020, 44, 21, 10, , 1, 2, 
18/02/2020, 31, 25, 11, , 3, 4, 
19/02/2020, 52, 27, 12, , 1, 5, 
20/02/2020, 48, 28, 15, , 1, 4, 
21/02/2020, 42, 32, 13, , 2, 2, 
22/02/2020, 52, 34, 5, , 2, 5, 
23/02/2020, 61, 29, 4, , 2, 5, 
24/02/2020, 47, 35, 4, , 2, 5, 
25/02/2020, 51, 30, 12, , 2, 4, 
26/02/2020, 47, 25, 11, , , 5, 
27/02/2020, 44, 25, 7, , 1, 3, 
28/02/2020, 41, 26, 6, , 1, 5, 
29/02/2020, 49, 27, 5, , 2, 6, 
01/03/2020, 48, 22, 10, , 2, 5, 
02/03/2020, 37, 21, 12, , 2, 6, 
03/03/2020, 51, 21, 12, , 2, 7, 
04/03/2020, 41, 23, 11, , 3, 7, 
05/03/2020, 46, 28, 16, , 8, 6, 
06/03/2020, 49, 23, 10, , 3, 7, 
07/03/2020, 35, 25, 13, , 2, 7, 
08/03/2020, 47, 29, 27, , 2, 8, 
09/03/2020, 64, 30, 31, , 3, 5, 
10/03/2020, 45, 30, 20, , 2, 8, 
11/03/2020, 61, 33, 17, , 1, 8, 
12/03/2020, 64, 26, 11, , 1, 7, 
13/03/2020, 40, 16, 13, , 2, 7, 
14/03/2020, 33, 18, 12, , 2, 7, 
15/03/2020, 32, 19, 10, , 1, 6, 
16/03/2020, 38, 26, 14, , 1, 5, 
17/03/2020, 43, 29, 11, , 1, 5, 
18/03/2020, 48, 26, 15, , 1, 5, 
19/03/2020, 40, 23, 16, , 1, , 
20/03/2020, 39, 28, 12, , 1, 5, 
21/03/2020, 42, 40, 12, , 1, 5, 
22/03/2020, 42, 26, 7, , 1, 5, 
23/03/2020, 40, 21, 10, , 1, 7, 
24/03/2020, 37, 22, 11, , 1, 6, 
25/03/2020, 44, 22, 11, , 1, 6, 
26/03/2020, 37, 23, 9, , 1, 7, 
27/03/2020, 45, 24, 13, , 1, 1, 
28/03/2020, 46, 25, 11, , 1, 1, 
29/03/2020, 51, , , , , , 
31/03/2020, , 26, 15, , 1, 5, 
01/04/2020, 49, 26, 12, , 1, 6, 
02/04/2020, 47, 24, 13, , 1, 7, 
03/04/2020, 38, 23, 12, , 1, , 
04/04/2020, 45, 26, 12, , 1, 6, 
05/04/2020, 46, 30, 11, , 1, 7, 
06/04/2020, 47, 26, 12, , 1, 6, 
07/04/2020, 31, 27, 14, , 1, 6, 
08/04/2020, 40, 26, 16, , 1, 6, 
09/04/2020, 51, 25, 19, , 1, 4, 
10/04/2020, 49, 26, 16, , 1, 4, 
11/04/2020, 42, 21, 11, , 1, 4, 
12/04/2020, 37, 25, 13, , 1, 5, 
13/04/2020, 46, 26, 19, , 1, 4, 
14/04/2020, 43, 29, 16, , 1, 5, 
15/04/2020, 48, 28, 17, , 1, 7, 
16/04/2020, 42, 27, 19, , 1, 7, 
17/04/2020, 48, 27, 16, , 1, 6, 
18/04/2020, 45, 29, 16, , 1, , 
19/04/2020, 44, 23, 13, , 1, 7, 
20/04/2020, 30, 25, 12, , 1, 7, 
21/04/2020, 46, 24, 11, , 1, 7, 
22/04/2020, 38, 25, 11, , 1, 8, 
23/04/2020, 44, 28, 13, , 1, 7, 
24/04/2020, 41, 26, 11, , 1, 5, 
25/04/2020, 38, 29, 17, , 1, 6, 
26/04/2020, 50, 26, 11, , 1, 6, 
27/04/2020, 32, 27, 17, , 3, 7, 
28/04/2020, 45, 25, 20, , 2, 6, 
29/04/2020, 37, 22, 18, , 2, 5, 
30/04/2020, 35, 19, 14, , 2, 7, 
01/05/2020, 33, 27, 22, , 2, 7, 
02/05/2020, 42, 23, 14, , 3, 6, 
03/05/2020, 36, 25, 9, , 3, 6, 
04/05/2020, 39, 29, 21, , 1, 6, 
05/05/2020, 46, 29, 13, , 2, 7, 
06/05/2020, 49, 25, 17, , 3, 7, 
07/05/2020, 50, 31, 14, , 3, 7, 
08/05/2020, 38, 19, 11, , 3, 6, 
09/05/2020, 27, 17, 9, , 1, 6, 
10/05/2020, 26, 16, 9, , 1, 5, 
11/05/2020, 23, 16, 12, , 10, 5, 
12/05/2020, 28, 20, 18, , 10, , 
13/05/2020, 34, 33, 25, , 4, 6, 
14/05/2020, 54, 31, 22, , 3, 6, 
15/05/2020, 49, 19, 9, , 2, , 
16/05/2020, 27, 19, 9, , 2, 6, 
17/05/2020, 32, 18, 18, , 3, 7, 
18/05/2020, 36, 22, 13, , 5, 6, 
19/05/2020, 44, 21, 8, , 4, 7, 
20/05/2020, 37, 27, 40, , 9, 7, 
21/05/2020, 53, 40, 13, , 3, 8, 
22/05/2020, 63, 29, 22, , 3, 6, 
23/05/2020, 51, 28, 24, , 6, 6, 
24/05/2020, 44, 25, 21, , 2, 7, 
25/05/2020, 46, 34, 25, , 2, 7, 
26/05/2020, 60, 34, 15, , 3, 6, 
27/05/2020, 40, 23, 15, , 2, 6, 
28/05/2020, 44, 19, 13, , 2, 5, 
29/05/2020, 34, 28, 15, , 4, 7, 
30/05/2020, 54, 34, 12, , 2, 7, 
31/05/2020, 54, 42, 7, , 2, 6, 
01/06/2020, 53, 23, 17, , 2, 6, 
02/06/2020, 37, 23, 11, , 2, 5, 
03/06/2020, 26, 16, 12, , 2, 5, 
04/06/2020, 24, 13, 9, , 2, , 
05/06/2020, 22, 13, 10, , 2, 5, 
06/06/2020, 31, 15, 14, , 2, 6, 
07/06/2020, 38, 14, 20, , 2, 6, 
08/06/2020, 30, 14, 14, , 2, 6, 
09/06/2020, 28, 15, 15, , 2, 7, 
10/06/2020, 34, 16, 13, , 2, 7, 
11/06/2020, 31, 15, 9, , 2, 7, 
12/06/2020, 35, 15, 9, , 2, 7, 
13/06/2020, 31, 14, 14, , 2, 8, 
14/06/2020, 39, 15, 13, , 2, 6, 
15/06/2020, 31, 15, 12, , 2, 7, 
16/06/2020, 34, 15, 10, , 2, 8, 
17/06/2020, 29, 15, 8, , 2, 5, 
18/06/2020, 39, 14, 9, , 3, 7, 
19/06/2020, 31, 14, 5, , 3, 4, 
20/06/2020, 33, 20, 5, , 4, 4, 
21/06/2020, 31, 21, 7, , 2, 4, 
22/06/2020, 42, 16, 5, , 2, 4, 
23/06/2020, 23, 13, 4, , 2, 4, 
24/06/2020, 27, 18, 12, , 2, 3, 
25/06/2020, 36, 19, 15, , 3, 3, 
26/06/2020, 41, 26, 13, , 2, 3, 
27/06/2020, 45, 25, 11, , 2, 3, 
28/06/2020, 42, 24, 12, , 2, 3, 
29/06/2020, 49, 29, 14, , 3, 5, 
30/06/2020, 45, 25, 11, , 3, 5, 
01/07/2020, 39, 21, 12, , 2, 5, 
02/07/2020, 33, 16, 14, , 3, , 
03/07/2020, 29, 16, 11, , 2, , 
04/07/2020, 29, 19, 12, , 2, 6, 
05/07/2020, 32, 19, 13, , 2, 5, 
06/07/2020, 34, 22, 8, , 2, 6, 
07/07/2020, 42, 21, 6, , 4, 5, 
08/07/2020, 39, 22, 5, , 6, 5, 
09/07/2020, 31, 21, 11, , 4, 4, 
10/07/2020, 41, 23, 7, , 2, 5, 
11/07/2020, 44, 21, 12, , 2, 4, 
12/07/2020, 31, 20, 7, , 2, 4, 
13/07/2020, 33, 17, 8, , 2, 4, 
14/07/2020, 28, 14, 8, , 2, 4, 
15/07/2020, 27, 19, 11, , 2, 4, 
16/07/2020, 28, 20, 12, , 2, 4, 
17/07/2020, 29, 17, 7, , 2, 5, 
18/07/2020, 27, 21, 15, , 2, 5, 
19/07/2020, 39, 18, 11, , 2, 5, 
20/07/2020, 25, 15, 14, , 2, , 
21/07/2020, 29, 16, 9, , 2, , 
22/07/2020, 27, 20, 9, , 2, 5, 
23/07/2020, 39, 18, 9, , 2, , 
24/07/2020, 33, 18, 8, , 2, 5, 
25/07/2020, 33, 20, 14, , 2, , 
26/07/2020, 44, 29, 12, , 1, 6, 
27/07/2020, 51, 28, 13, , 1, 5, 
28/07/2020, 46, 30, 11, , 2, 4, 
29/07/2020, 56, 33, 15, , 2, 5, 
30/07/2020, 69, 33, 18, , 2, 4, 
31/07/2020, 59, 33, 18, , 2, 4, 
01/08/2020, 63, 38, 23, , 2, 5, 
02/08/2020, 77, 35, 19, , 2, , 
03/08/2020, 57, 28, 8, , 6, 4, 
04/08/2020, 39, 20, 13, , 6, 5, 
05/08/2020, 36, 24, 14, , 2, , 
06/08/2020, 43, 25, 16, , 2, 5, 
07/08/2020, 51, 24, 17, , 1, 5, 
08/08/2020, 45, 28, 19, , 1, 5, 
09/08/2020, 58, 35, 18, , 1, , 
10/08/2020, 68, 38, 18, , 2, 6, 
11/08/2020, 73, 39, 11, , 1, 5, 
12/08/2020, 56, 26, 14, , 2, 4, 
13/08/2020, 43, 23, 6, , 2, 5, 
14/08/2020, 54, 32, 18, , 1, 5, 
15/08/2020, 58, 23, 15, , 2, 4, 
16/08/2020, 37, 21, 9, , 2, 4, 
17/08/2020, 44, 25, 10, , 2, 5, 
18/08/2020, 49, 25, 10, , 1, 5, 
19/08/2020, 51, 27, 9, , 1, 5, 
20/08/2020, 45, 25, 17, , 1, 4, 
21/08/2020, 45, 29, 13, , 1, 5, 
22/08/2020, 49, 29, 4, , 1, 6, 
23/08/2020, 47, 20, 13, , 1, 5, 
24/08/2020, 39, 22, 10, , 1, 4, 
25/08/2020, 44, 19, 12, , 1, , 
26/08/2020, 35, 20, 14, , 1, 4, 
27/08/2020, 41, 31, 17, , 1, 4, 
28/08/2020, 56, 37, 10, , 1, 4, 
29/08/2020, 50, 25, 16, , 1, 5, 
30/08/2020, 34, 21, 14, , 2, 6, 
31/08/2020, 47, 31, 10, , 1, 5, 
01/09/2020, 50, 28, 13, , 1, 6, 
02/09/2020, 44, 23, 8, , 2, , 
03/09/2020, 46, 19, 9, , 2, 4, 
04/09/2020, 31, 25, 4, , 2, 5, 
05/09/2020, 50, 23, 10, , 2, 4, 
06/09/2020, 39, 25, 13, , 2, 5, 
07/09/2020, 49, 29, 10, , 2, 3, 
08/09/2020, 43, 23, 9, , 3, 3, 
09/09/2020, 34, 20, 10, , 3, 3, 
10/09/2020, 40, 20, 10, , 5, 2, 
11/09/2020, 34, 19, 8, , 2, 2, 
12/09/2020, 39, 35, 5, , 2, 3, 
13/09/2020, 58, 29, 7, , 2, 3, 
14/09/2020, 53, 26, 14, , 2, 5, 
15/09/2020, 57, 22, 10, , 2, 4, 
16/09/2020, 42, 21, 15, , 2, 4, 
17/09/2020, 41, 24, 20, , 2, 5, 
18/09/2020, 56, 29, 18, , 2, 4, 
19/09/2020, 43, 24, 19, , 2, 5, 
20/09/2020, 47, 23, 12, , 1, 5, 
21/09/2020, 38, 16, 14, , 2, , 
22/09/2020, 34, 24, 12, , 2, 5, 
23/09/2020, 51, 20, 14, , 2, 5, 
24/09/2020, 33, 22, 13, , 2, , 
25/09/2020, 49, 22, 11, , 2, 4, 
26/09/2020, 29, 17, 12, , 3, 5, 
27/09/2020, 37, 22, 13, , 2, 5, 
28/09/2020, 47, 22, 7, , 2, 5, 
29/09/2020, 38, 22, 11, , 2, 5, 
30/09/2020, 40, 21, 9, , 2, 4, 
01/10/2020, 39, 21, 12, , 3, 4, 
02/10/2020, 44, 19, 11, , 3, 3, 
03/10/2020, 31, 21, 15, , 3, 4, 
04/10/2020, 51, 30, 18, , 3, 5, 
05/10/2020, 64, 31, 14, , 2, 3, 
06/10/2020, 58, 26, 17, , 4, 2, 
07/10/2020, 50, 21, 8, , 6, 1, 
08/10/2020, 33, 20, 8, , 7, 1, 
09/10/2020, 39, 21, 9, , 4, , 
10/10/2020, 42, 21, 10, , 3, 2, 
11/10/2020, 28, 17, 11, , 2, 2, 
12/10/2020, 37, 21, 16, , 2, 2, 
13/10/2020, 44, 31, 15, , 3, 3, 
14/10/2020, 65, 29, 18, , 3, 3, 
15/10/2020, 56, 32, 20, , 3, 3, 
16/10/2020, 65, 37, 19, , 3, 4, 
17/10/2020, 81, 33, 14, , 2, 4, 
18/10/2020, 53, 26, 20, , 3, , 
19/10/2020, 50, 25, 12, , 4, 5, 
20/10/2020, 49, 35, 42, , 2, 5, 
21/10/2020, 83, 30, 14, , 3, 4, 
22/10/2020, 38, 21, 15, , 3, 4, 
23/10/2020, 47, 32, 16, , 3, 5, 
24/10/2020, 65, 29, 15, , 4, 5, 
25/10/2020, 40, 22, 7, , 3, 4, 
26/10/2020, 49, 27, 15, , 4, 3, 
27/10/2020, 55, 32, 4, , 8, 5, 
28/10/2020, 69, 29, 13, , 3, , 
29/10/2020, 47, 23, 12, , 2, 4, 
30/10/2020, 46, 23, 17, , 2, 4, 
31/10/2020, 46, 24, 17, , 3, 5, 
01/11/2020, 49, 30, 16, , 4, 5, 
02/11/2020, 55, 28, 13, , 1, 6, 
03/11/2020, 49, 23, 7, , 1, 5, 
04/11/2020, 41, 27, 22, , 2, 5, 
05/11/2020, 52, 23, 15, , 3, 5, 
06/11/2020, 37, 16, 6, , 2, 4, 
07/11/2020, 39, 25, 11, , 3, 6, 
08/11/2020, 49, 22, 8, , 3, 6, 
09/11/2020, 53, 24, 11, , 3, 5, 
10/11/2020, 53, 35, 16, , 2, 6, 
11/11/2020, 61, 20, 16, , 2, 4, 
12/11/2020, 35, 16, 17, , 1, 4, 
13/11/2020, 40, 21, 14, , 1, 6, 
14/11/2020, 50, 22, 12, , 1, 5, 
15/11/2020, 33, 16, 14, , 1, 4, 
16/11/2020, 39, 19, 10, , 1, 4, 
17/11/2020, 32, 21, 25, , 2, 6, 
18/11/2020, 53, 26, 11, , 3, 5, 
19/11/2020, 48, 23, 13, , 1, 6, 
20/11/2020, 52, 28, 4, , 2, 6, 
21/11/2020, 66, 16, 8, , 2, 5, 
22/11/2020, 26, 14, 6, , 1, 5, 
23/11/2020, 37, 20, 7, , 1, 6, 
24/11/2020, 48, 18, 11, , 1, 5, 
25/11/2020, 35, 25, 7, , 1, 6, 
26/11/2020, 49, 24, 13, , 1, 5, 
27/11/2020, 44, 21, 11, , 1, 6, 
28/11/2020, 42, 23, 18, , 3, 6, 
29/11/2020, 35, 25, 12, , 1, 5, 
30/11/2020, 43, 24, 16, , 2, 5, 
01/12/2020, 56, 28, 17, , 3, 5, 
02/12/2020, 58, 23, 18, , 2, 5, 
03/12/2020, 44, 23, 12, , 1, 5, 
04/12/2020, 33, 18, 20, , 1, 5, 
05/12/2020, 38, 23, 22, , 1, 5, 
06/12/2020, 45, 25, 21, , 1, 5, 
07/12/2020, 49, 25, 19, , 1, 6, 
08/12/2020, 46, 19, 16, , 1, 5, 
09/12/2020, 32, 25, 17, , 1, 5, 
10/12/2020, 60, 28, 21, , 1, 5, 
11/12/2020, 54, 28, 16, , 1, 5, 
12/12/2020, 57, 19, 22, , 1, 5, 
13/12/2020, 46, 25, 11, , 2, 5, 
14/12/2020, 50, 25, 9, , 2, 5, 
15/12/2020, 53, 26, 6, , 1, 5, 
16/12/2020, 54, 22, 9, , 1, 5, 
17/12/2020, 49, 20, 7, , 1, 4, 
18/12/2020, 47, 18, 12, , 1, 4, 
19/12/2020, 37, 20, 16, , 1, 4, 
20/12/2020, 47, 25, 18, , 1, 5, 
21/12/2020, 55, 29, 20, , 1, 5, 
22/12/2020, 53, 39, 31, , 1, 6, 
23/12/2020, 64, 38, 16, , 2, 5, 
24/12/2020, 61, 33, 30, , 2, 4, 
25/12/2020, 50, 22, 15, , 1, 4, 
26/12/2020, 35, 24, 15, , 1, 4, 
27/12/2020, 44, 26, 12, , 1, 5, 
28/12/2020, 45, 35, 10, , 1, 5, 
29/12/2020, 51, 36, 12, , 2, 5, 
30/12/2020, 48, 33, 15, , 2, 5, 
31/12/2020, 55, 27, 16, , 1, 5, 
01/01/2021, 25, 15, 7, , 1, 5, 
02/01/2021, 20, 14, 2, , 2, 4, 
03/01/2021, 29, 14, 9, , 2, 4, 
04/01/2021, 21, 20, 9, , 2, 4, 
05/01/2021, 34, 19, 4, , 2, 4, 
06/01/2021, 26, 15, 3, , 2, , 
07/01/2021, 28, 19, 11, , 2, 4, 
08/01/2021, 37, 21, 16, , 1, 5, 
09/01/2021, 33, 16, 16, , 1, 6, 
10/01/2021, 20, 15, 21, , 1, 5, 
11/01/2021, 28, 20, 22, , 1, 5, 
12/01/2021, 37, 25, 21, , 1, 5, 
13/01/2021, 44, 29, 23, , 2, 6, 
14/01/2021, 51, 35, 26, , 2, 6, 
15/01/2021, 64, 27, 21, , 2, 5, 
16/01/2021, 44, 25, 19, , 2, , 
17/01/2021, 46, 35, 24, , 2, 5, 
18/01/2021, 56, 46, 21, , 2, 6, 
19/01/2021, 64, 38, 24, , 2, 6, 
20/01/2021, 60, 36, 26, , 2, 6, 
21/01/2021, 69, 28, 16, , 2, 6, 
22/01/2021, 45, 26, 18, , 2, 6, 
23/01/2021, 52, 18, 17, , 2, 6, 
24/01/2021, 34, 21, 15, , 2, 5, 
25/01/2021, 36, 21, 15, , 2, 4, 
26/01/2021, 37, 22, 12, , 2, , 
27/01/2021, 40, 21, 10, , 2, 4, 
28/01/2021, 41, 27, 14, , 2, 4, 
29/01/2021, 49, 31, 18, , 2, 4, 
30/01/2021, 57, 34, 18, , 2, 5, 
31/01/2021, 52, 32, 18, , 2, 5, 
01/02/2021, 52, 33, 17, , 2, 4, 
02/02/2021, 49, 29, 18, , 2, 4, 
03/02/2021, 51, 33, 17, , 2, 4, 
04/02/2021, 49, 30, 13, , 2, , 
05/02/2021, 46, 28, 17, , 2, , 
06/02/2021, 52, 33, 13, , 2, 4, 
07/02/2021, 50, 28, 11, , 2, 4, 
08/02/2021, 41, 33, 12, , 2, 4, 
09/02/2021, 53, 27, 11, , 2, 4, 
10/02/2021, 46, 26, 12, , 2, 4, 
11/02/2021, 39, 24, 17, , 2, 4, 
12/02/2021, 45, 23, 23, , 2, 6, 
13/02/2021, 51, 27, 25, , 2, 5, 
14/02/2021, 59, 33, 28, , 2, , 
15/02/2021, 69, 38, 29, , 2, 5, 
16/02/2021, 80, 39, 25, , 2, 4, 
17/02/2021, 74, 32, 21, , 2, 4, 
18/02/2021, 51, 32, 18, , 2, 4, 
19/02/2021, 58, 40, 16, , 2, 4, 
20/02/2021, 60, 38, 19, , 2, 4, 
21/02/2021, 55, 39, 18, , 2, 4, 
22/02/2021, 62, 35, 20, , 2, 4, 
23/02/2021, 60, 33, 22, , 2, 4, 
24/02/2021, 68, 43, 21, , 2, 6, 
25/02/2021, 88, 48, 31, , 3, 4, 
26/02/2021, 90, 43, 37, , 5, 3, 
27/02/2021, 87, 43, 29, , 5, 3, 
28/02/2021, 76, 39, 23, , 2, 3, 
01/03/2021, 85, 42, 17, , 2, 4, 
02/03/2021, 80, 27, 13, , 2, 3, 
03/03/2021, 49, 26, 11, , 2, 3, 
04/03/2021, 58, 24, 12, , 2, 3, 
05/03/2021, 50, 24, 11, , 2, 3, 
06/03/2021, 43, 28, 9, , 2, 3, 
07/03/2021, 48, 30, 13, , 2, 4, 
08/03/2021, 60, 34, 15, , 2, 5, 
09/03/2021, 73, 41, 16, , 2, 6, 
10/03/2021, 75, 38, 13, , 2, 6, 
11/03/2021, 57, 26, 8, , 2, 7, 
12/03/2021, 52, 26, 10, , 2, 6, 
13/03/2021, 51, 27, 12, , 2, 6, 
14/03/2021, 55, 27, 12, , 2, , 
15/03/2021, 50, 27, 13, , 2, 4, 
16/03/2021, 52, 29, 16, , 2, 4, 
17/03/2021, 55, 28, 15, , 2, 4, 
18/03/2021, 50, 33, 19, , 2, 5, 
19/03/2021, 69, 31, 17, , 2, 5, 
20/03/2021, 37, 31, 17, , 2, 5, 
21/03/2021, 45, 21, 11, , 2, 4, 
22/03/2021, 37, 20, 9, , 2, 3, 
23/03/2021, 34, 25, 6, , 2, 4, 
24/03/2021, 45, 25, 7, , 2, 3, 
25/03/2021, 36, 16, 15, , 2, 3, 
26/03/2021, 24, 14, 9, , 2, 3, 
27/03/2021, 31, 19, 22, , 4, 5, 
28/03/2021, 45, 17, 15, , 3, 4, 
29/03/2021, 37, 21, 20, , 2, 6, 
30/03/2021, 58, 21, 13, , 4, 3, 
31/03/2021, 43, 22, 15, , 3, 3, 
01/04/2021, 35, 23, 28, , 3, 4, 
02/04/2021, 49, 23, 30, , 3, 4, 
03/04/2021, 47, 23, 13, , 3, 4, 
04/04/2021, 42, 25, 16, , 2, 5, 
05/04/2021, 49, 31, 11, , 2, 6, 
06/04/2021, 53, 44, 14, , 4, 2, 
07/04/2021, 56, 42, 22, , 4, 2, 
08/04/2021, 61, 34, 11, , 4, 2, 
09/04/2021, 54, 34, 16, , 2, 2, 
10/04/2021, 55, 36, 16, , 2, 1, 
11/04/2021, 63, 35, 16, , 2, 3, 
12/04/2021, 59, 37, 18, , 2, 3, 
13/04/2021, 57, 40, 18, , 2, 4, 
14/04/2021, 53, 40, 16, , 3, 4, 
15/04/2021, 53, 40, 11, , 3, 6, 
16/04/2021, 65, 46, 12, , 3, 5, 
17/04/2021, 62, 43, 43, , 6, 7, 
18/04/2021, 77, 43, 18, , 8, 4, 
19/04/2021, 61, 49, 27, , 8, 6, 
20/04/2021, 90, 41, 15, , 5, 4, 
21/04/2021, 53, 26, 9, , 3, 4, 
22/04/2021, 43, 20, 12, , 7, 4, 
23/04/2021, 33, 29, 6, , 10, 4, 
24/04/2021, 42, 26, 21, , 5, 5, 
25/04/2021, 46, 26, 10, , 3, 4, 
26/04/2021, 51, 26, 10, , 3, 5, 
27/04/2021, 63, 38, 11, , 3, 5, 
28/04/2021, 67, 31, 11, , 2, 3, 
29/04/2021, 44, 36, 17, , 2, 4, 
30/04/2021, 64, 32, 15, , 2, 5, 
01/05/2021, 50, 32, 17, , 2, 3, 
02/05/2021, 31, 22, 14, , 2, 3, 
03/05/2021, 28, 19, 13, , 2, 3, 
04/05/2021, 33, 23, 13, , 2, 4, 
05/05/2021, 36, 24, 9, , 2, 4, 
06/05/2021, 45, 30, 14, , 3, 5, 
07/05/2021, 51, 25, 22, , 2, 4, 
08/05/2021, 39, 23, 30, , 2, 4, 
09/05/2021, 40, 24, 17, , 2, 4, 
10/05/2021, 36, 21, 9, , 2, 4, 
11/05/2021, 25, 22, 11, , 2, 5, 
12/05/2021, 46, 32, 12, , 2, 6, 
13/05/2021, 61, 22, 6, , 3, 5, 
14/05/2021, 31, 24, 11, , 4, , 
15/05/2021, 29, 17, 14, , 5, 4, 
16/05/2021, 26, 17, 7, , 4, 5, 
17/05/2021, 25, 19, 7, , 2, 4, 
18/05/2021, 33, 20, 9, , 4, 4, 
19/05/2021, 40, 26, 20, , 3, 5, 
20/05/2021, 54, 22, 10, , 3, 4, 
21/05/2021, 37, 23, 8, , 3, 4, 
22/05/2021, 37, 19, 12, , 3, 4, 
23/05/2021, 37, 26, 13, , 3, 4, 
24/05/2021, 44, 27, 11, , 2, 4, 
25/05/2021, 31, 19, 12, , 2, 3, 
26/05/2021, 31, 18, 9, , 2, 4, 
27/05/2021, 35, 28, 12, , 2, 4, 
28/05/2021, 54, 22, 10, , 3, 4, 
29/05/2021, 36, 18, 10, , 3, 4, 
30/05/2021, 33, 18, 11, , 3, 4, 
31/05/2021, 33, 19, 13, , 3, 4, 
01/06/2021, 39, 17, 9, , 2, 4, 
02/06/2021, 39, 15, 11, , 2, 3, 
03/06/2021, 36, 16, 10, , 3, 4, 
04/06/2021, 49, 25, 13, , 3, 5, 
05/06/2021, 64, 32, 14, , 2, 5, 
06/06/2021, 57, 25, 11, , 2, 5, 
07/06/2021, 38, 30, 15, , 2, 5, 
08/06/2021, 40, 26, 10, , 3, 3, 
09/06/2021, 39, 32, 13, , 3, 4, 
10/06/2021, 50, 33, 15, , 6, 4, 
11/06/2021, 40, 26, 13, , 4, 3, 
12/06/2021, 39, 24, 11, , 2, 4, 
13/06/2021, 31, 15, 12, , 3, 3, 
14/06/2021, 24, 18, 11, , 3, 5, 
15/06/2021, 30, 29, 9, , 3, 6, 
16/06/2021, 60, 24, 17, , 4, 5, 
17/06/2021, 32, 20, 5, , 3, 6, 
18/06/2021, 30, 16, 12, , 3, 4, 
19/06/2021, 26, 26, 14, , 3, 3, 
20/06/2021, 38, 23, 13, , 2, 3, 
21/06/2021, 40, 31, 15, , 5, 4, 
22/06/2021, 44, 24, 13, , 7, 4, 
23/06/2021, 29, 19, 16, , 6, 5, 
24/06/2021, 36, 20, 13, , 4, 5, 
25/06/2021, 32, 22, 14, , 5, 6, 
26/06/2021, 37, 18, 9, , 7, 5, 
27/06/2021, 27, 16, 11, , 2, 5, 
28/06/2021, 30, 22, 10, , 3, 4, 
29/06/2021, 40, 22, 10, , 4, 4, 
30/06/2021, 37, 18, 10, , 2, , 
01/07/2021, 26, 14, 8, , 2, 5, 
02/07/2021, 21, 16, 8, , 2, 5, 
03/07/2021, 23, 38, 5, , 2, 5, 
04/07/2021, 41, 23, 9, , 2, 4, 
05/07/2021, 42, 25, 12, , 2, 4, 
06/07/2021, 66, 39, 14, , 2, 4, 
07/07/2021, 67, 28, 16, , 2, 4, 
08/07/2021, 42, 23, 10, , 1, 4, 
09/07/2021, 31, 22, 4, , 1, 4, 
10/07/2021, 36, 23, 8, , 1, 4, 
11/07/2021, 38, 20, 12, , 1, 4, 
12/07/2021, 35, 14, 3, , 2, 5, 
13/07/2021, 24, 15, 6, , 3, 4, 
14/07/2021, 30, 20, 13, , 2, 6, 
15/07/2021, 35, 22, 13, , 1, 5, 
16/07/2021, 35, 24, 15, , 1, 5, 
17/07/2021, 36, 25, 14, , 2, 5, 
18/07/2021, 39, 23, 8, , 2, 4, 
19/07/2021, 39, 26, 12, , 2, 4, 
20/07/2021, 56, 30, 11, , 2, 5, 
21/07/2021, 55, 24, 11, , 2, 4, 
22/07/2021, 32, 22, 10, , 3, 4, 
23/07/2021, 35, 23, 12, , 2, 4, 
24/07/2021, 32, 19, 11, , 2, 5, 
25/07/2021, 27, 21, 12, , 2, 4, 
26/07/2021, 33, 23, 13, , 2, 4, 
27/07/2021, 35, 24, 13, , 2, 4, 
28/07/2021, 34, 25, 16, , 2, 4, 
29/07/2021, 42, 28, 17, , 2, 4, 
30/07/2021, 42, 29, 11, , 3, 5, 
31/07/2021, 39, 22, 7, , 4, 5, 
01/08/2021, 28, 18, 8, , 5, 5, 
02/08/2021, 32, 20, 12, , 2, 5, 
03/08/2021, 31, 24, 6, , 4, 4, 
04/08/2021, 31, 21, 9, , 3, 3, 
05/08/2021, 36, 20, 9, , 2, 3, 
06/08/2021, 30, 19, 11, , 2, 3, 
07/08/2021, 24, 19, 8, , 2, 3, 
08/08/2021, 28, 19, 15, , 3, 4, 
09/08/2021, 25, 17, 11, , 2, 3, 
10/08/2021, 22, 16, 10, , 2, 4, 
11/08/2021, 27, 23, 11, , 2, 3, 
12/08/2021, 36, 23, 9, , 2, 4, 
13/08/2021, 28, 17, 9, , 2, 3, 
14/08/2021, 26, 21, 9, , 2, 4, 
15/08/2021, 43, 23, 11, , 1, 3, 
16/08/2021, 28, 16, 7, , 1, 4, 
17/08/2021, 26, 15, 6, , 4, 4, 
18/08/2021, 20, 15, 13, , 5, 4, 
19/08/2021, 18, 15, 8, , 5, 4, 
20/08/2021, 27, 17, 11, , 3, 5, 
21/08/2021, 28, 14, 10, , 2, 4, 
22/08/2021, 21, 17, 11, , 2, 5, 
23/08/2021, 24, 14, 4, , 2, 4, 
24/08/2021, 17, 13, 10, , 2, 4, 
25/08/2021, 20, 17, 11, , 2, 4, 
26/08/2021, 32, 21, 9, , 2, 5, 
27/08/2021, 31, 21, 12, , 2, 4, 
28/08/2021, 36, 22, 8, , 1, 4, 
29/08/2021, 32, 19, 6, , 1, 5, 
30/08/2021, 27, 13, 8, , 2, 5, 
31/08/2021, 21, 15, 12, , 2, 4, 
01/09/2021, 23, 14, 5, , 2, 4, 
02/09/2021, 19, 11, 15, , 2, 5, 
03/09/2021, 20, 16, 14, , 2, 5, 
04/09/2021, 34, 16, 12, , 2, 5, 
05/09/2021, 22, 19, 10, , 2, 4, 
06/09/2021, 31, 22, 13, , 3, 5, 
07/09/2021, 33, 18, 11, , 5, 4, 
08/09/2021, 23, 15, 15, , 2, 4, 
09/09/2021, 33, 21, 12, , 3, 4, 
10/09/2021, 26, 22, 17, , 3, 5, 
11/09/2021, 39, 24, 12, , 3, 4, 
12/09/2021, 31, 19, 7, , 4, 5, 
13/09/2021, 34, 19, 12, , 5, 5, 
14/09/2021, 32, 19, 13, , 3, 5, 
15/09/2021, 25, 16, 11, , 2, 4, 
16/09/2021, 22, 17, 12, , 2, 4, 
17/09/2021, 24, 17, 10, , 2, 4, 
18/09/2021, 25, 19, 7, , 2, 5, 
19/09/2021, 29, 19, 14, , 2, 6, 
20/09/2021, 33, 23, 16, , 2, 2, 
21/09/2021, 39, 24, 15, , 2, 3, 
22/09/2021, 28, 20, 14, , 3, 3, 
23/09/2021, 34, 22, 14, , 3, 4, 
24/09/2021, 43, 21, 17, , 2, 4, 
25/09/2021, 51, 25, 16, , 2, 4, 
26/09/2021, 53, 18, 9, , 1, 4, 
27/09/2021, 37, 20, 16, , 2, 5, 
28/09/2021, 38, 24, 17, , 3, 6, 
29/09/2021, 57, 19, 7, , 3, 4, 
30/09/2021, 30, 18, 8, , 2, 4, 
01/10/2021, 44, 19, 13, , 3, 4, 
02/10/2021, 39, 24, 26, , 3, 5, 
03/10/2021, 56, 21, 14, , 3, 4, 
04/10/2021, 50, 24, 8, , 4, 4, 
05/10/2021, 56, 26, 14, , 9, 4, 
06/10/2021, 50, 24, 14, , 3, 4, 
07/10/2021, 47, 26, 13, , 2, 5, 
08/10/2021, 48, 23, 12, , 3, 4, 
09/10/2021, 45, 26, 16, , 2, 5, 
10/10/2021, 61, 17, 9, , 2, 4, 
11/10/2021, 29, 19, 15, , 3, 5, 
12/10/2021, 62, 30, 15, , 4, , 
13/10/2021, 65, 27, 16, , 3, , 
14/10/2021, 64, 30, 15, , 3, , 
15/10/2021, 64, 33, 15, , 2, , 
16/10/2021, 63, 31, 13, , 2, 6, 
17/10/2021, 59, 28, 12, , 2, 5, 
18/10/2021, 58, 21, 19, , 3, 5, 
19/10/2021, 50, 19, 11, , 2, 6, 
20/10/2021, 34, 15, 11, , 3, 5, 
21/10/2021, 37, 27, 17, , 3, 6, 
22/10/2021, 58, 41, 15, , 4, 6, 
23/10/2021, 64, 37, 30, , 3, 6, 
24/10/2021, 70, 33, 15, , 3, 6, 
25/10/2021, 65, 32, 26, , 3, 6, 
26/10/2021, 59, 23, 13, , 4, 5, 
27/10/2021, 43, 18, 9, , 5, 5, 
28/10/2021, 35, 16, 13, , 3, 5, 
29/10/2021, 37, 15, 13, , 2, , 
30/10/2021, 22, 20, 20, , 2, 6, 
31/10/2021, 45, 24, 12, , 2, 5, 
01/11/2021, 46, 22, 12, , 2, 5, 
02/11/2021, 40, 15, 17, , 1, 4, 
03/11/2021, 32, 22, 29, , 2, 6, 
04/11/2021, 57, 20, 15, , 3, 5, 
05/11/2021, 44, 23, 22, , 3, 5, 
06/11/2021, 57, 27, 16, , 3, 5, 
07/11/2021, 57, 22, 10, , 2, 5, 
08/11/2021, 52, 25, 15, , 2, 4, 
09/11/2021, 47, 25, 6, , 2, 4, 
10/11/2021, 32, 13, 13, , 3, 3, 
11/11/2021, 23, 22, 13, , 7, 3, 
12/11/2021, 35, 17, 9, , 6, 3, 
13/11/2021, 28, 17, 21, , 4, 4, 
14/11/2021, 46, 23, 15, , 5, 4, 
15/11/2021, 56, 22, 16, , 3, 4, 
16/11/2021, 41, 23, 21, , 3, 4, 
17/11/2021, 59, 31, 17, , 4, 4, 
18/11/2021, 53, 21, 20, , 7, 5, 
19/11/2021, 49, 23, 13, , 3, 5, 
20/11/2021, 47, 29, 21, , 2, 5, 
21/11/2021, 54, 30, 23, , 3, 4, 
22/11/2021, 58, 32, 15, , 4, 4, 
23/11/2021, 56, 29, 11, , 3, 6, 
24/11/2021, 54, 27, 37, , 2, 4, 
25/11/2021, 50, 22, 25, , 3, 3, 
26/11/2021, 38, 20, 23, , 2, 3, 
27/11/2021, 34, 18, 24, , 2, 2, 
28/11/2021, 41, 19, 15, , 7, 3, 
29/11/2021, 37, 23, 24, , 6, 5, 
30/11/2021, 51, 28, 16, , 6, 5, 
01/12/2021, 33, 19, 14, , 2, 5, 
02/12/2021, 42, 19, 17, , 2, 5, 
03/12/2021, 38, 20, 21, , 2, 5, 
04/12/2021, 48, 32, 24, , 2, 5, 
05/12/2021, 55, 29, 25, , 2, 5, 
06/12/2021, 48, 30, 23, , 2, 5, 
07/12/2021, 48, 34, 22, , 2, 5, 
08/12/2021, 51, 41, 24, , 2, 5, 
09/12/2021, 57, 27, 20, , 2, 5, 
10/12/2021, 43, 24, 12, , 2, 6, 
11/12/2021, 47, 29, 16, , 2, 6, 
12/12/2021, 39, 26, 18, , 2, 5, 
13/12/2021, 45, 33, 19, , 2, 6, 
14/12/2021, 51, 27, 16, , 2, 6, 
15/12/2021, 45, 27, 22, , 2, 6, 
16/12/2021, 49, 19, 17, , 4, 6, 
17/12/2021, 29, 22, 21, , 7, 6, 
18/12/2021, 43, 19, 18, , 4, 6, 
19/12/2021, 22, 18, 22, , 2, 6, 
20/12/2021, 48, 30, 25, , 2, 7, 
21/12/2021, 56, 28, 22, , 2, 7, 
22/12/2021, 52, 25, 14, , 4, 7, 
23/12/2021, 56, 29, 15, , 3, 6, 
24/12/2021, 55, 25, 14, , 2, 5, 
25/12/2021, 39, 23, 14, , 2, 5, 
26/12/2021, 54, 26, 14, , 2, 5, 
27/12/2021, 55, 25, 14, , 2, 5, 
28/12/2021, 41, 23, 13, , 2, 5, 
29/12/2021, 39, 21, 14, , 2, 5, 
30/12/2021, 36, 17, 10, , 2, 5, 
31/12/2021, 32, 15, 14, , 2, 5, 
01/01/2022, 23, 12, 12, , , 5, 
02/01/2022, 16, 9, 13, , 2, 5, 
03/01/2022, 24, 13, 12, , 2, 5, 
04/01/2022, 27, 19, 18, , 2, 5, 
05/01/2022, 41, 22, 15, , 2, 5, 
06/01/2022, 39, 26, 14, , 2, 5, 
07/01/2022, 37, 25, 14, , 2, 5, 
08/01/2022, 32, 24, 13, , 2, 4, 
09/01/2022, 49, 27, 13, , 2, 3, 
10/01/2022, 45, 30, 12, , 2, 5, 
11/01/2022, 54, 28, 16, , 2, 4, 
12/01/2022, 48, 29, 18, , 2, 5, 
13/01/2022, 49, 34, 20, , 2, 5, 
14/01/2022, 50, 35, 18, , 2, 5, 
15/01/2022, 51, 31, 17, , 2, 5, 
16/01/2022, 51, 33, 15, , 2, 5, 
17/01/2022, 64, 33, 16, , 2, 5, 
18/01/2022, 54, 31, 14, , 2, 5, 
19/01/2022, 53, 33, 17, , 2, 5, 
20/01/2022, 54, 31, 16, , 2, 5, 
21/01/2022, 43, 26, 16, , 2, 5, 
22/01/2022, 41, 28, 17, , 2, 5, 
23/01/2022, 47, 25, 21, , 2, 5, 
24/01/2022, 47, 25, 13, , 2, 5, 
25/01/2022, 44, 22, 15, , 2, 5, 
26/01/2022, 51, 28, 13, , 2, 6, 
27/01/2022, 60, 28, 19, , 2, 6, 
28/01/2022, 58, 26, 17, , 2, 6, 
29/01/2022, 51, 24, 19, , 2, 5, 
30/01/2022, 54, 24, 16, , 2, 5, 
31/01/2022, 38, 16, 15, , 2, 4, 
01/02/2022, 30, 18, 15, , 2, 5, 
02/02/2022, 31, 19, 13, , 2, 5, 
03/02/2022, 30, 24, 13, , 2, 5, 
04/02/2022, 47, 28, 11, , 2, 5, 
05/02/2022, 43, 24, 10, , 2, 5, 
06/02/2022, 40, 20, 7, , 2, 6, 
07/02/2022, 35, 17, 10, , 2, 5, 
08/02/2022, 26, 17, 8, , 2, 5, 
09/02/2022, 31, 13, 4, , 1, 5, 
10/02/2022, 32, 15, 7, , 1, 4, 
11/02/2022, 36, 15, 12, , 1, 4, 
12/02/2022, 34, 17, 12, , 1, 4, 
13/02/2022, 32, 20, 15, , 1, 4, 
14/02/2022, 33, 16, 10, , 1, 4, 
15/02/2022, 28, 17, 8, , 2, 5, 
16/02/2022, 40, 23, 25, , 7, 5, 
17/02/2022, 45, 16, 18, , 3, 4, 
18/02/2022, 31, 17, 14, , 2, 4, 
19/02/2022, 39, 20, 14, , 1, 5, 
20/02/2022, 46, 25, 14, , 1, 5, 
21/02/2022, 50, 25, 14, , 1, 4, 
22/02/2022, 43, 21, 13, , 1, 5, 
23/02/2022, 37, 12, 11, , 1, 4, 
24/02/2022, 19, 12, 15, , 1, 5, 
25/02/2022, 30, 17, 13, , 2, 5, 
26/02/2022, 34, 15, 13, , 1, 5, 
27/02/2022, 29, 23, 11, , 1, 5, 
28/02/2022, 48, 29, 12, , 1, 5, 
01/03/2022, 49, 24, 11, , 1, 5, 
02/03/2022, 45, 20, 9, , 1, 6, 
03/03/2022, 45, 22, 10, , 1, 6, 
04/03/2022, 39, 17, 13, , 1, 6, 
05/03/2022, 36, 20, 12, , 1, 6, 
06/03/2022, 42, 16, 9, , 1, 6, 
07/03/2022, 30, 14, 13, , 1, 5, 
08/03/2022, 30, 14, 13, , 1, 5, 
09/03/2022, 29, 20, 14, , 1, 4, 
10/03/2022, 44, 35, 18, , 1, 4, 
11/03/2022, 64, 45, 24, , 1, 5, 
12/03/2022, 69, 41, 18, , 1, 4, 
13/03/2022, 50, 27, 22, , 1, 4, 
14/03/2022, 42, 30, 15, , 2, 4, 
15/03/2022, 61, 27, 27, , 2, 5, 
16/03/2022, 47, 34, 18, , 2, 4, 
17/03/2022, 61, 37, 14, , 2, 5, 
18/03/2022, 51, 37, 23, , 4, 4, 
19/03/2022, 46, 35, 15, , 3, 4, 
20/03/2022, 42, 34, 11, , 4, 5, 
21/03/2022, 46, 34, 10, , 3, 5, 
22/03/2022, 39, 32, 18, , 2, 5, 
23/03/2022, 31, 36, 15, , 2, 6, 
24/03/2022, 50, 37, 18, , 1, 6, 
25/03/2022, 49, 37, 23, , 2, 6, 
26/03/2022, 55, 47, 25, , 2, 7, 
27/03/2022, 69, 40, 16, , 2, 6, 
28/03/2022, 55, 37, 12, , 2, 6, 
29/03/2022, 45, 35, 15, , 1, 6, 
30/03/2022, 45, 38, 18, , 2, 6, 
31/03/2022, 57, 40, 37, , 4, 7, 
01/04/2022, 59, 46, 26, , 3, 7, 
02/04/2022, 76, 45, 20, , 3, 7, 
03/04/2022, 67, 42, 25, , 4, 7, 
04/04/2022, 66, 41, 16, , 4, 6, 
05/04/2022, 42, 34, 19, , 2, 6, 
06/04/2022, 51, 32, 6, , 3, 5, 
07/04/2022, 38, 38, 23, , 4, 4, 
08/04/2022, 59, 35, 12, , 4, 3, 
09/04/2022, 47, 37, 14, , 5, 2, 
10/04/2022, 49, 34, 7, , 1, 3, 
11/04/2022, 42, 32, 20, , 1, 6, 
12/04/2022, 52, 39, 10, , 3, 4, 
13/04/2022, 60, 37, 13, , 4, 2, 
14/04/2022, 46, 35, 18, , 4, 1, 
15/04/2022, 47, 34, 16, , 5, 1, 
16/04/2022, 49, 35, 18, , 5, 1, 
17/04/2022, 53, 33, 15, , 2, 1, 
18/04/2022, 46, 40, 20, , 6, 2, 
19/04/2022, 62, 45, 16, , 3, 4, 
20/04/2022, 67, 49, 9, , 2, 7, 
21/04/2022, 60, 44, 15, , 2, 7, 
22/04/2022, 47, 36, 15, , 2, 5, 
23/04/2022, 40, 37, 10, , 2, 5, 
24/04/2022, 39, 25, 10, , 2, 5, 
25/04/2022, 33, 39, 14, , 2, 7, 
26/04/2022, 55, 44, 16, , 2, 7, 
27/04/2022, 53, 31, 15, , 2, 7, 
28/04/2022, 44, 31, 23, , 3, 8, 
29/04/2022, 53, 27, 31, , 4, 6, 
30/04/2022, 51, 31, 23, , 3, 7, 
01/05/2022, 52, 19, 12, , 3, 5, 
02/05/2022, 21, 12, 14, , 3, 5, 
03/05/2022, 19, 11, 11, , 3, 4, 
04/05/2022, 17, 13, 13, , 3, 3, 
05/05/2022, 27, 15, 13, , 3, 5, 
06/05/2022, 26, 14, 11, , 3, 4, 
07/05/2022, 27, 17, 13, , 2, 4, 
08/05/2022, 25, 14, 13, , 2, 4, 
09/05/2022, 21, 16, 12, , 2, 4, 
10/05/2022, 24, 14, 8, , 2, 4, 
11/05/2022, 32, 28, 18, , 5, 5, 
12/05/2022, 47, 29, 24, , 4, 5, 
13/05/2022, 73, 24, 23, , 3, 4, 
14/05/2022, 50, 22, 21, , 2, 4, 
15/05/2022, 49, 26, 16, , 2, 5, 
16/05/2022, 35, 15, 19, , 2, 6, 
17/05/2022, 34, 20, 18, , 2, 5, 
18/05/2022, 59, 21, 13, , 2, 4, 
19/05/2022, 48, 33, 14, , 4, 6, 
20/05/2022, 52, 36, 19, , 3, 6, 
21/05/2022, 44, 25, 21, , 3, 3, 
22/05/2022, 36, 26, 24, , 3, 5, 
23/05/2022, 48, 27, 21, , 2, 5, 
24/05/2022, 50, 29, 17, , 2, 4, 
25/05/2022, 49, 23, 17, , 3, 4, 
26/05/2022, 58, 23, 21, , 7, 3, 
27/05/2022, 56, 27, 21, , 6, 3, 
28/05/2022, 66, 22, 23, , 7, 2, 
29/05/2022, 43, 26, 43, , 4, 3, 
30/05/2022, 85, 33, 37, , 5, 2, 
31/05/2022, 75, 29, 19, , 6, 2, 
01/06/2022, 71, 27, 12, , 8, 2, 
02/06/2022, 56, 18, 10, , 5, 4, 
03/06/2022, 57, 22, 24, , 5, 4, 
04/06/2022, 47, 15, 13, , 3, 4, 
05/06/2022, 39, 15, 17, , 3, 4, 
06/06/2022, 46, 17, 8, , 3, 4, 
07/06/2022, 48, 19, 26, , 4, 4, 
08/06/2022, 64, 22, 14, , 4, 5, 
09/06/2022, 54, 22, 30, , 4, 4, 
10/06/2022, 67, 22, 18, , 7, 6, 
11/06/2022, 41, 14, 18, , 5, 3, 
12/06/2022, 28, 15, 24, , 5, 2, 
13/06/2022, 50, 20, 16, , 4, 2, 
14/06/2022, 47, 17, 11, , 3, 4, 
15/06/2022, 49, 27, 12, , 2, 5, 
16/06/2022, 57, 17, 20, , 4, 1, 
17/06/2022, 30, 16, 22, , 6, 1, 
18/06/2022, 50, 27, 23, , 7, 3, 
19/06/2022, 77, 22, 10, , 5, 5, 
20/06/2022, 40, 11, 9, , 4, 4, 
21/06/2022, 32, 11, 16, , 3, 5, 
22/06/2022, 27, 10, 11, , 3, 5, 
23/06/2022, 19, 9, 13, , 3, 5, 
24/06/2022, 25, 10, 10, , 3, 5, 
25/06/2022, 33, 12, 19, , 3, 6, 
26/06/2022, 28, 10, 17, , 3, 6, 
27/06/2022, 27, 12, 12, , 3, 5, 
28/06/2022, 33, 17, 20, , 5, 6, 
29/06/2022, 53, 18, 9, , 4, 5, 
30/06/2022, 38, 16, 19, , 3, 5, 
01/07/2022, 46, 24, 21, , 3, 6, 
02/07/2022, 74, 25, 20, , 3, 6, 
03/07/2022, 69, 24, 20, , 3, 6, 
04/07/2022, 57, 17, 10, , 3, 6, 
05/07/2022, 38, 13, 15, , 4, 6, 
06/07/2022, 41, 16, 17, , 3, 6, 
07/07/2022, 28, 14, 10, , 3, 7, 
08/07/2022, 39, 20, 18, , 4, 5, 
09/07/2022, 56, 24, 15, , 4, 5, 
10/07/2022, 45, 15, 20, , 3, 6, 
11/07/2022, 48, 19, 16, , 3, 6, 
12/07/2022, 49, 17, 16, , 6, 6, 
13/07/2022, 51, 19, 13, , 3, 6, 
14/07/2022, 49, 17, 15, , 3, 6, 
15/07/2022, 40, 17, 18, , 3, 7, 
16/07/2022, 37, 16, 19, , 3, 7, 
17/07/2022, 36, 19, 19, , 3, 7, 
18/07/2022, 51, 19, 17, , 3, 5, 
19/07/2022, 45, 19, 14, , 4, 5, 
20/07/2022, 40, 19, 14, , 6, 6, 
21/07/2022, 49, 20, 12, , 3, 6, 
22/07/2022, 45, 20, 17, , 3, 7, 
23/07/2022, 60, 22, 14, , 2, 6, 
24/07/2022, 45, 17, 14, , 3, 7, 
25/07/2022, 49, 15, 13, , 3, 6, 
26/07/2022, 28, 11, 16, , 4, 5, 
27/07/2022, 34, 22, 18, , 3, 5, 
28/07/2022, 66, 24, 13, , 3, 5, 
29/07/2022, 43, 14, 13, , 4, 6, 
30/07/2022, 27, 12, 14, , 3, 5, 
31/07/2022, 31, 16, 11, , 4, 6, 
01/08/2022, 39, 14, 8, , 3, 5, 
02/08/2022, 21, 11, 8, , 3, 6, 
03/08/2022, 36, 14, 7, , 6, 6, 
04/08/2022, 38, 19, 12, , 5, 7, 
05/08/2022, 52, 21, 18, , 3, 8, 
06/08/2022, 58, 15, 17, , 4, 6, 
07/08/2022, 35, 24, 25, , 3, 5, 
08/08/2022, 89, 32, 22, , 3, 4, 
09/08/2022, 69, 25, 18, , 3, 3, 
10/08/2022, 59, 20, 16, , 2, 3, 
11/08/2022, 45, 20, 13, , 1, 3, 
12/08/2022, 45, 20, 10, , 2, 3, 
13/08/2022, 41, 24, 14, , 3, 4, 
14/08/2022, 37, 19, 13, , 2, 5, 
15/08/2022, 26, 16, 15, , 1, 7, 
16/08/2022, 49, 16, 14, , 1, 7, 
17/08/2022, 31, 18, 12, , 1, 4, 
18/08/2022, 52, 23, 10, , 1, 4, 
19/08/2022, 44, 18, 11, , 1, 4, 
20/08/2022, 39, 16, 10, , 1, 5, 
21/08/2022, 34, 10, 14, , 1, 4, 
22/08/2022, 26, 10, 9, , 1, 4, 
23/08/2022, 30, 18, 8, , 2, 5, 
24/08/2022, 47, 18, 6, , 1, 2, 
25/08/2022, 50, 26, 8, , 1, 3, 
26/08/2022, 69, 32, 15, , 3, 5, 
27/08/2022, 74, 22, 18, , 4, 4, 
28/08/2022, 61, 22, 12, , 5, 4, 
29/08/2022, 57, 16, 6, , 6, 3, 
30/08/2022, 30, 13, 12, , 4, 3, 
31/08/2022, 26, 11, 15, , 3, 4, 
01/09/2022, 25, 15, 8, , 4, 5, 
02/09/2022, 36, 12, 13, , 4, 5, 
03/09/2022, 26, 13, 12, , 3, 5, 
04/09/2022, 38, 17, 11, , 3, 5, 
05/09/2022, 52, 21, 18, , 3, 5, 
06/09/2022, 49, 24, 14, , 4, 5, 
07/09/2022, 54, 20, 19, , 4, 5, 
08/09/2022, 57, 20, 9, , 3, 5, 
09/09/2022, 39, 12, 19, , 3, 5, 
10/09/2022, 33, 17, 20, , 2, 4, 
11/09/2022, 48, 21, 23, , 3, 6, 
12/09/2022, 63, 26, 19, , 7, 5, 
13/09/2022, 62, 20, 13, , 6, 5, 
14/09/2022, 39, 16, 18, , 3, 5, 
15/09/2022, 42, 23, 21, , 3, 6, 
16/09/2022, 62, 23, 16, , 2, 5, 
17/09/2022, 54, 18, 13, , 3, 5, 
18/09/2022, 39, 17, 16, , 3, 6, 
19/09/2022, 43, 17, 12, , 3, 5, 
20/09/2022, 43, 20, 19, , 5, 5, 
21/09/2022, 47, 15, 12, , 3, 5, 
22/09/2022, 35, 11, 16, , 4, 5, 
23/09/2022, 37, 17, 16, , 3, 6, 
24/09/2022, 58, 21, 12, , 4, 6, 
25/09/2022, 47, 18, 12, , 3, 6, 
26/09/2022, 53, 26, 19, , 2, 6, 
27/09/2022, 74, 33, 24, , 4, 6, 
28/09/2022, 78, 29, 17, , 8, 6, 
29/09/2022, 52, 30, 13, , 3, 6, 
30/09/2022, 58, 30, 17, , 2, 6, 
01/10/2022, 49, 19, 19, , 1, 6, 
02/10/2022, 28, 16, 14, , 3, 10, 
03/10/2022, 43, 23, 21, , 4, 7, 
04/10/2022, 55, 24, 18, , 4, 5, 
05/10/2022, 66, 19, 7, , 4, 4, 
06/10/2022, 49, 20, 8, , 4, 3, 
07/10/2022, 33, 14, 12, , 3, 4, 
08/10/2022, 37, 18, 20, , 4, 3, 
09/10/2022, 44, 20, 13, , 8, 2, 
10/10/2022, 43, 22, 26, , 6, 4, 
11/10/2022, 55, 17, 14, , 6, 3, 
12/10/2022, 30, 13, 18, , 4, 4, 
13/10/2022, 31, 20, 15, , 2, 4, 
14/10/2022, 45, 15, 17, , 2, 3, 
15/10/2022, 28, 13, 12, , 5, 3, 
16/10/2022, 28, 18, 12, , 10, 4, 
17/10/2022, 33, 17, 13, , 6, 5, 
18/10/2022, 51, 22, 12, , 5, 9, 
19/10/2022, 52, 22, 27, , 4, 5, 
20/10/2022, 52, 22, 10, , 5, 5, 
21/10/2022, 44, 20, 14, , 4, 5, 
22/10/2022, 50, 19, 15, , 2, 4, 
23/10/2022, 29, 14, 15, , 2, 4, 
24/10/2022, 38, 15, 16, , 1, 3, 
25/10/2022, 33, 15, 10, , 2, 4, 
26/10/2022, 30, 14, 18, , 2, 3, 
27/10/2022, 25, 16, 20, , 2, 3, 
28/10/2022, 36, 17, 20, , 2, 5, 
29/10/2022, 34, 18, 24, , 3, 4, 
30/10/2022, 37, 14, 16, , 3, 3, 
31/10/2022, 23, 19, 9, , 3, 5, 
01/11/2022, 46, 22, 20, , 3, 6, 
02/11/2022, 47, 30, 9, , 3, 6, 
03/11/2022, 48, 18, 16, , 4, 5, 
04/11/2022, 30, 15, 10, , 4, 5, 
05/11/2022, 30, 19, 13, , 2, 4, 
06/11/2022, 45, 21, 15, , 2, 7, 
07/11/2022, 50, 23, 18, , 2, 7, 
08/11/2022, 40, 21, 13, , 2, 10, 
09/11/2022, 49, 18, 14, , 2, 8, 
10/11/2022, 31, 19, 13, , 3, 6, 
11/11/2022, 40, 23, 12, , 3, 6, 
12/11/2022, 40, 18, 8, , 1, 6, 
13/11/2022, 33, 17, 9, , 3, 6, 
14/11/2022, 38, 15, 16, , 6, 5, 
15/11/2022, 24, 26, 19, , 2, 6, 
16/11/2022, 48, 28, 25, , 2, 6, 
17/11/2022, 47, 24, 24, , 2, 6, 
18/11/2022, 53, 23, 11, , 1, 6, 
19/11/2022, 36, 16, 23, , 1, 6, 
20/11/2022, 35, 18, 24, , 1, 6, 
21/11/2022, 38, 19, 20, , 1, 6, 
22/11/2022, 42, 20, 17, , 2, 6, 
23/11/2022, 48, 22, 17, , 4, 7, 
24/11/2022, 48, 21, 13, , 5, 6, 
25/11/2022, 32, 26, 25, , 5, 7, 
26/11/2022, 62, 26, 11, , 3, 7, 
27/11/2022, 49, 27, 21, , 3, 7, 
28/11/2022, 50, 29, 17, , 6, 6, 
29/11/2022, 46, 25, 25, , 7, 8, 
30/11/2022, 45, 20, 11, , 1, 6, 
01/12/2022, 36, 19, 14, , 1, 7, 
02/12/2022, 44, 21, 20, , 1, 7, 
03/12/2022, 41, 20, 15, , 3, 6, 
04/12/2022, 37, 23, 13, , 2, 6, 
05/12/2022, 53, 29, 19, , 1, 6, 
06/12/2022, 57, 33, 13, , 1, 6, 
07/12/2022, 56, 26, 13, , 1, 6, 
08/12/2022, 38, 16, 17, , 1, 5, 
09/12/2022, 29, 18, 15, , 1, 6, 
10/12/2022, 42, 21, 11, , 2, 5, 
11/12/2022, 31, 21, 23, , 2, 7, 
12/12/2022, 55, 19, 14, , 2, 5, 
13/12/2022, 24, 15, 13, , 1, 6, 
14/12/2022, 30, 15, 13, , 1, 5, 
15/12/2022, 32, 18, 18, , 1, 6, 
16/12/2022, 35, 16, 14, , 1, 6, 
17/12/2022, 31, 15, 19, , 1, 6, 
18/12/2022, 34, 20, 12, , 1, 6, 
19/12/2022, 36, 17, 16, , 1, 5, 
20/12/2022, 31, 26, 25, , 1, 6, 
21/12/2022, 46, 22, 14, , 1, 6, 
22/12/2022, 37, 20, 20, , 1, 6, 
23/12/2022, 42, 36, 28, , 1, 6, 
24/12/2022, 59, 35, 24, , 1, 5, 
25/12/2022, 52, 35, 23, , 1, 5, 
26/12/2022, 54, 37, 24, , 1, 5, 
27/12/2022, 54, 32, 23, , 1, 5, 
28/12/2022, 53, 35, 20, , 1, 5, 
29/12/2022, 57, 36, 25, , 1, 6, 
30/12/2022, 56, 33, 22, , 1, 4, 
31/12/2022, 58, 33, 15, , 2, 3, 
01/01/2023, 51, 32, 23, , 2, 3, 
02/01/2023, 57, 29, 23, , 1, 5, 
03/01/2023, 46, 21, 17, , 1, 5, 
04/01/2023, 31, 23, 17, , 1, 6, 
05/01/2023, 46, 28, 26, , 1, 7, 
06/01/2023, 57, 23, 23, , 1, 5, 
07/01/2023, 33, 24, 25, , 1, 5, 
08/01/2023, 45, 22, 28, , 2, 6, 
09/01/2023, 49, 25, 27, , 2, 6, 
10/01/2023, 51, 28, 16, , 2, 6, 
11/01/2023, 54, 28, 26, , 3, 6, 
12/01/2023, 53, 22, 20, , 2, 5, 
13/01/2023, 44, 31, 42, , 2, 8, 
14/01/2023, 66, 32, 28, , 3, 6, 
15/01/2023, 61, 30, 21, , 2, 7, 
16/01/2023, 47, 19, 17, , 1, 9, 
17/01/2023, 44, 21, 25, , 1, 4, 
18/01/2023, 41, 27, 21, , 1, 4, 
19/01/2023, 44, 19, 7, , 1, 4, 
20/01/2023, 30, 16, 11, , 1, 3, 
21/01/2023, 30, 16, 9, , 1, 3, 
22/01/2023, 28, 21, 5, , 1, 3, 
23/01/2023, 41, 15, 3, , 1, 4, 
24/01/2023, 29, 12, 5, , 1, 3, 
25/01/2023, 35, 19, 7, , 1, 5, 
26/01/2023, 38, 24, 12, , 1, 5, 
27/01/2023, 40, 16, 7, , 1, 5, 
28/01/2023, 19, 10, 18, , 1, 6, 
29/01/2023, 27, 21, 20, , 1, 6, 
30/01/2023, 43, 25, 15, , 1, 6, 
31/01/2023, 46, 23, 16, , 1, 6, 
01/02/2023, 40, 21, 12, , 1, 6, 
02/02/2023, 38, 25, 9, , 1, 6, 
03/02/2023, 42, 19, 6, , 1, 6, 
04/02/2023, 35, 22, 11, , 1, 6, 
05/02/2023, 43, 21, 12, , 1, 6, 
06/02/2023, 32, 18, 12, , 1, 6, 
07/02/2023, 37, 23, 12, , 1, 6, 
08/02/2023, 42, 22, 9, , 1, 6, 
09/02/2023, 44, 24, 10, , 1, 6, 
10/02/2023, 46, 21, 8, , 1, 5, 
11/02/2023, 34, 22, 5, , 1, 6, 
12/02/2023, 37, 26, 9, , 1, 7, 
13/02/2023, 47, 31, 7, , 2, 6, 
14/02/2023, 57, 25, 8, , 1, 6, 
15/02/2023, 43, 27, 11, , 1, 6, 
16/02/2023, 52, 34, 11, , 1, 6, 
17/02/2023, 58, 32, 10, , 1, 6, 
18/02/2023, 53, 28, 12, , 1, 6, 
19/02/2023, 49, 26, 11, , 1, 6, 
20/02/2023, 45, 28, 15, , 2, 6, 
21/02/2023, 46, 31, 17, , 2, 6, 
22/02/2023, 53, 30, 17, , 1, 6, 
23/02/2023, 51, 32, 18, , 1, 5, 
24/02/2023, 54, 32, 20, , 1, 6, 
25/02/2023, 51, 34, 16, , 1, 6, 
26/02/2023, 50, 31, 16, , 1, 6, 
27/02/2023, 50, 27, 11, , 1, 6, 
28/02/2023, 36, 12, 4, , 1, 5, 
01/03/2023, 16, 13, 6, , 1, 6, 
02/03/2023, 32, 16, 3, , 2, 4, 
03/03/2023, 34, 20, 6, , 2, 5, 
04/03/2023, 33, 20, 9, , 2, 5, 
05/03/2023, 54, 30, 10, , 2, 4, 
06/03/2023, 53, 26, 11, , 2, 4, 
07/03/2023, 48, 33, 10, , 2, 4, 
08/03/2023, 58, 31, 12, , 2, 4, 
09/03/2023, 50, 30, 12, , 1, 4, 
10/03/2023, 58, 33, 12, , 2, 4, 
11/03/2023, 50, 28, 12, , 2, 4, 
12/03/2023, 46, 26, 15, , 1, 4, 
13/03/2023, 54, 37, 12, , 1, 6, 
14/03/2023, 61, 38, 16, , 2, 6, 
15/03/2023, 61, 36, 13, , 2, 6, 
16/03/2023, 57, 30, 10, , 2, 6, 
17/03/2023, 53, 27, 10, , 2, 6, 
18/03/2023, 54, 29, 9, , 2, 6, 
19/03/2023, 54, 28, 9, , 1, 6, 
20/03/2023, 48, 24, 11, , 2, 5, 
21/03/2023, 40, 19, 10, , 2, 6, 
22/03/2023, 40, 19, 14, , 2, 6, 
23/03/2023, 40, 20, 13, , 2, 6, 
24/03/2023, 47, 24, 7, , 2, 7, 
25/03/2023, 52, 27, 14, , 3, 7, 
26/03/2023, 53, 22, 6, , 4, 6, 
27/03/2023, 43, 22, 13, , 3, 7, 
28/03/2023, 43, 17, 7, , 2, 6, 
29/03/2023, 38, 19, 11, , 2, 6, 
30/03/2023, 34, 22, 12, , 2, 9, 
31/03/2023, 50, 29, 10, , 2, 17, 
01/04/2023, 52, 26, 16, , 3, 16, 
02/04/2023, 60, 29, 8, , 2, 11, 
03/04/2023, 45, 24, 16, , 3, 5, 
04/04/2023, 53, 30, 8, , 3, 5, 
05/04/2023, 68, 35, 10, , 3, 5, 
06/04/2023, 56, 35, 9, , 5, 4, 
07/04/2023, 66, 36, 18, , 4, 5, 
08/04/2023, 64, 25, 11, , 2, 3, 
09/04/2023, 36, 23, 13, , 2, 3, 
10/04/2023, 62, 41, 17, , 2, 4, 
11/04/2023, 84, 47, 27, , 2, 4, 
12/04/2023, 92, 49, 25, , 3, 6, 
13/04/2023, 83, 45, 22, , 2, 8, 
14/04/2023, 89, 44, 29, , 2, 6, 
15/04/2023, 88, 44, 17, , 2, 7, 
16/04/2023, 76, 37, 30, , 3, 5, 
17/04/2023, 62, 35, 23, , 3, 5, 
18/04/2023, 67, 30, 12, , 2, 5, 
19/04/2023, 47, 20, 8, , 3, 5, 
20/04/2023, 43, 23, 13, , 6, 6, 
21/04/2023, 42, 18, 10, , 3, 5, 
22/04/2023, 36, 14, 11, , 3, 4, 
23/04/2023, 30, 16, 16, , 2, 5, 
24/04/2023, 31, 19, 13, , 2, 4, 
25/04/2023, 38, 22, 13, , 2, 5, 
26/04/2023, 43, 20, 10, , 2, 5, 
27/04/2023, 34, 21, 12, , 2, 6, 
28/04/2023, 45, 27, 21, , 2, 6, 
29/04/2023, 55, 28, 14, , 2, 7, 
30/04/2023, 49, 23, 16, , 2, 5, 
01/05/2023, 41, 21, 14, , 2, 5, 
02/05/2023, 38, 18, 11, , 2, 5, 
03/05/2023, 37, 26, 14, , 3, 6, 
04/05/2023, 50, 34, 24, , 4, 8, 
05/05/2023, 75, 34, 15, , 8, 6, 
06/05/2023, 46, 16, 10, , 8, 5, 
07/05/2023, 25, 12, 11, , 2, 5, 
08/05/2023, 27, 12, 11, , 3, 5, 
09/05/2023, 23, 15, 16, , 3, 5, 
10/05/2023, 33, 23, 12, , 3, 5, 
11/05/2023, 45, 19, 10, , 3, 5, 
12/05/2023, 28, 15, 17, , 3, 3, 
13/05/2023, 33, 20, 16, , 2, 5, 
14/05/2023, 37, 23, 11, , 2, 5, 
15/05/2023, 49, 27, 8, , 3, 5, 
16/05/2023, 49, 22, 13, , 2, 5, 
17/05/2023, 50, 37, 16, , 3, 7, 
18/05/2023, 64, 28, 12, , 7, 5, 
19/05/2023, 54, 23, 15, , 7, 5, 
20/05/2023, 46, 25, 10, , 4, 5, 
21/05/2023, 47, 20, 14, , 7, 5, 
22/05/2023, 47, 22, 13, , 5, 5, 
23/05/2023, 40, 21, 17, , 6, 5, 
24/05/2023, 42, 23, 15, , 3, 5, 
25/05/2023, 55, 28, 11, , 3, 5, 
26/05/2023, 53, 27, 15, , 3, 6, 
27/05/2023, 59, 22, 19, , 3, 5, 
28/05/2023, 38, 17, 21, , 3, 6, 
29/05/2023, 38, 21, 12, , 4, 4, 
30/05/2023, 44, 20, 18, , 2, 6, 
31/05/2023, 45, 23, 12, , 2, 8, 
01/06/2023, 40, 20, 21, , 3, 8, 
02/06/2023, 53, 30, 14, , 3, 8, 
03/06/2023, 63, 31, 9, , 3, 6, 
04/06/2023, 55, 22, 15, , 3, 5, 
05/06/2023, 40, 22, 12, , 3, 7, 
06/06/2023, 54, 25, 15, , 3, 6, 
07/06/2023, 51, 21, 13, , 2, 6, 
08/06/2023, 43, 17, 15, , 2, 5, 
09/06/2023, 35, 16, 12, , 3, 5, 
10/06/2023, 34, 21, 12, , 2, 5, 
11/06/2023, 38, 22, 7, , 3, 5, 
12/06/2023, 42, 24, 11, , 2, 6, 
13/06/2023, 45, 19, 9, , 3, 5, 
14/06/2023, 40, 19, 10, , 3, 6, 
15/06/2023, 39, 18, 15, , 3, 5, 
16/06/2023, 29, 19, 16, , 3, 5, 
17/06/2023, 41, 22, 15, , 3, 5, 
18/06/2023, 44, 38, 22, , 3, 6, 
19/06/2023, 71, 28, 19, , 3, 5, 
20/06/2023, 46, 23, 14, , 2, 4, 
21/06/2023, 39, 21, 16, , 2, 3, 
22/06/2023, 44, 28, 13, , 3, 4, 
23/06/2023, 53, 25, 13, , 3, 4, 
24/06/2023, 45, 26, 19, , 4, 5, 
25/06/2023, 59, 22, 14, , 6, 3, 
26/06/2023, 39, 19, 14, , 5, 3, 
27/06/2023, 44, 18, 14, , 3, 4, 
28/06/2023, 41, 24, 17, , 3, 3, 
29/06/2023, 52, 23, 12, , 3, 3, 
30/06/2023, 50, 21, 9, , 4, 3, 
01/07/2023, 29, 13, 15, , 2, 3, 
02/07/2023, 30, 17, 11, , 2, 2, 
03/07/2023, 33, 18, 12, , 2, 3, 
04/07/2023, 29, 16, 13, , 2, 2, 
05/07/2023, 24, 20, 13, , 3, 2, 
06/07/2023, 38, 19, 16, , 1, 2, 
07/07/2023, 37, 20, 15, , 3, 3, 
08/07/2023, 42, 18, 14, , 2, 2, 
09/07/2023, 29, 23, 8, , 3, 3, 
10/07/2023, 47, 17, 5, , 2, 2, 
11/07/2023, 26, 15, 13, , 2, 3, 
12/07/2023, 34, 17, 16, , 2, 4, 
13/07/2023, 37, 24, 9, , 3, 5, 
14/07/2023, 50, 21, 15, , 3, 5, 
15/07/2023, 49, 20, 14, , 2, 4, 
16/07/2023, 43, 24, 11, , 2, 5, 
17/07/2023, 56, 27, 9, , 2, 4, 
18/07/2023, 50, 22, 9, , 2, 4, 
19/07/2023, 35, 20, 5, , 2, 5, 
20/07/2023, 40, 26, 18, , 1, 5, 
21/07/2023, 67, 28, 16, , 2, 5, 
22/07/2023, 49, 30, 16, , 2, 4, 
23/07/2023, 47, 22, 13, , 2, 4, 
24/07/2023, 37, 19, 14, , 2, 4, 
25/07/2023, 36, 23, 16, , 2, 5, 
26/07/2023, 48, 33, 17, , 2, 5, 
27/07/2023, 70, 39, 18, , 2, 5, 
28/07/2023, 75, 43, 20, , 2, 4, 
29/07/2023, 67, 37, 16, , 2, 4, 
30/07/2023, 54, 32, 14, , 2, 4, 
31/07/2023, 51, 33, 17, , 2, 4, 
01/08/2023, 52, 30, 18, , 2, 5, 
02/08/2023, 57, 31, 10, , 2, 4, 
03/08/2023, 44, 21, 13, , 2, 6, 
04/08/2023, 38, 25, 14, , 2, 5, 
05/08/2023, 55, 32, 17, , 2, 5, 
06/08/2023, 53, 27, 15, , 2, 5, 
07/08/2023, 49, 24, 10, , 2, 4, 
08/08/2023, 41, 22, 14, , 1, 5, 
09/08/2023, 43, 28, 19, , 1, 4, 
10/08/2023, 56, 29, 17, , 2, 5, 
11/08/2023, 53, 29, 22, , 2, 5, 
12/08/2023, 69, 43, 20, , 1, 5, 
13/08/2023, 78, 35, 17, , 1, 5, 
14/08/2023, 62, 23, 18, , 2, 6, 
15/08/2023, 49, 28, 14, , 2, 5, 
16/08/2023, 65, 34, 17, , 2, 5, 
17/08/2023, 70, 35, 8, , 2, 6, 
18/08/2023, 64, 27, 13, , 2, 5, 
19/08/2023, 59, 23, 17, , 1, 4, 
20/08/2023, 56, 25, 13, , 2, 3, 
21/08/2023, 47, 29, 14, , 2, 4, 
22/08/2023, 73, 36, 16, , 2, 2, 
23/08/2023, 64, 33, 15, , 2, 1, 
24/08/2023, 57, 25, 13, , 2, 4, 
25/08/2023, 45, 26, 13, , 2, 5, 
26/08/2023, 56, 31, 15, , 2, 7, 
27/08/2023, 69, 25, 13, , 2, 5, 
28/08/2023, 65, 33, 13, , 2, 5, 
29/08/2023, 67, 32, 15, , 2, 5, 
30/08/2023, 70, 33, 15, , 2, 5, 
31/08/2023, 66, 35, 19, , 2, 6, 
01/09/2023, 82, 40, 22, , 2, 6, 
02/09/2023, 92, 44, 18, , 2, 6, 
03/09/2023, 88, 44, 24, , 2, 5, 
04/09/2023, 95, 47, 21, , 2, 4, 
05/09/2023, 89, 45, 14, , 2, 5, 
06/09/2023, 79, 27, 20, , 3, 4, 
07/09/2023, 52, 23, 14, , 3, 4, 
08/09/2023, 58, 30, 11, , 2, 4, 
09/09/2023, 57, 24, 12, , 2, 4, 
10/09/2023, 53, 32, 21, , 2, 4, 
11/09/2023, 92, 45, 16, , 2, 4, 
12/09/2023, 80, 31, 14, , 2, 3, 
13/09/2023, 59, 33, 14, , 2, 3, 
14/09/2023, 71, 35, 16, , 2, 4, 
15/09/2023, 73, 40, 15, , 2, , 
16/09/2023, 78, 38, 13, , 2, 4, 
17/09/2023, 65, 25, 11, , 2, 4, 
18/09/2023, 55, 27, 10, , 2, 3, 
19/09/2023, 49, 18, 10, , 2, 4, 
20/09/2023, 36, 22, 19, , 2, 5, 
21/09/2023, 55, 19, 8, , 4, 5, 
22/09/2023, 35, 24, 16, , 3, 5, 
23/09/2023, 69, 32, 10, , 3, 5, 
24/09/2023, 54, 22, 18, , 3, 5, 
25/09/2023, 68, 39, 17, , 2, 5, 
26/09/2023, 90, 37, 21, , 3, 5, 
27/09/2023, 69, 42, 20, , 2, 5, 
28/09/2023, 80, 52, 19, , 2, 6, 
29/09/2023, 110, 53, 10, , 2, 6, 
30/09/2023, 98, 47, 14, , 2, 5, 
01/10/2023, 83, 35, 15, , 2, 4, 
02/10/2023, 77, 41, 10, , 2, 6, 
03/10/2023, 80, 38, 12, , 2, 7, 
04/10/2023, 86, 39, 12, , 2, 5, 
05/10/2023, 79, 44, 16, , 2, 5, 
06/10/2023, 108, 62, 18, , 2, 7, 
07/10/2023, 159, 56, 12, , 2, 4, 
08/10/2023, 93, 40, 14, , 2, 5, 
09/10/2023, 97, 51, 12, , 2, 5, 
10/10/2023, 117, 51, 11, , 2, 6, 
11/10/2023, 102, 37, 8, , 2, 5, 
12/10/2023, 74, 30, 15, , 2, 5, 
13/10/2023, 70, 41, 14, , 2, 5, 
14/10/2023, 84, 44, 15, , 2, 5, 
15/10/2023, 107, 43, 15, , 2, 4, 
16/10/2023, 84, 38, 13, , 2, 4, 
17/10/2023, 75, 35, 6, , 3, 4, 
18/10/2023, 68, 30, 16, , 2, 4, 
19/10/2023, 70, 30, 8, , 2, 3, 
20/10/2023, 59, 22, 8, , 2, 3, 
21/10/2023, 53, 36, 12, , 3, 4, 
22/10/2023, 77, 32, 9, , 2, 4, 
23/10/2023, 69, 32, 15, , 2, 4, 
24/10/2023, 55, 22, 6, , 3, 6, 
25/10/2023, 52, 40, 6, , 3, 12, 
26/10/2023, 67, 31, 6, , 1, 9, 
27/10/2023, 68, 25, 1, , 1, 7, 
28/10/2023, 48, 22, 7, , 1, 7, 
29/10/2023, 62, 26, 15, , 2, 7, 
30/10/2023, 68, 36, 8, , 1, 6, 
31/10/2023, 79, 34, 8, , 1, 6, 
01/11/2023, 76, 33, 9, , 3, 6, 
02/11/2023, 63, 32, 15, , 2, 5, 
03/11/2023, 79, 40, 7, , 3, 5, 
04/11/2023, 86, 36, 13, , 1, 6, 
05/11/2023, 64, 30, 8, , 1, 5, 
06/11/2023, 57, 27, 13, , 1, 6, 
07/11/2023, 54, 23, 8, , 1, 6, 
08/11/2023, 52, 30, 15, , 2, 5, 
09/11/2023, 76, 27, 11, , 1, 5, 
10/11/2023, 48, 26, 15, , 1, 5, 
11/11/2023, 69, 40, 16, , 3, 5, 
12/11/2023, 92, 29, 11, , 2, 8, 
13/11/2023, 58, 30, 8, , 2, 8, 
14/11/2023, 60, 25, 20, , 2, 7, 
15/11/2023, 50, 26, 19, , 2, 8, 
16/11/2023, 55, 24, 12, , 2, 4, 
17/11/2023, 48, 23, 13, , 2, 4, 
18/11/2023, 41, 16, 17, , 1, 8, 
19/11/2023, 20, 14, 28, , 1, 4, 
20/11/2023, 38, 20, 11, , 2, 5, 
21/11/2023, 45, 21, 14, , 2, 5, 
22/11/2023, 40, 24, 20, , 2, 4, 
23/11/2023, 40, 17, 18, , 2, 5, 
24/11/2023, 23, 16, 12, , 2, 4, 
25/11/2023, 38, 23, 30, , 2, 3, 
26/11/2023, 52, 21, 15, , 1, 2, 
27/11/2023, 46, 25, 11, , 1, 2, 
28/11/2023, 44, 17, 15, , 2, 1, 
29/11/2023, 37, 20, 11, , 5, 3, 
30/11/2023, 43, 15, 11, , 7, 4, 
01/12/2023, 24, 17, 19, , 2, 4, 
02/12/2023, 40, 19, 13, , 2, 4, 
03/12/2023, 37, 20, 9, , 3, 4, 
04/12/2023, 43, 19, 19, , 2, 4, 
05/12/2023, 47, 20, 12, , 2, 4, 
06/12/2023, 29, 19, 13, , 2, 5, 
07/12/2023, 41, 16, 13, , 2, 4, 
08/12/2023, 29, 14, 14, , 1, 3, 
09/12/2023, 31, 18, 15, , 1, 4, 
10/12/2023, 32, 17, 10, , 2, 3, 
11/12/2023, 34, 17, 8, , 1, 2, 
12/12/2023, 41, 18, 13, , 2, 4, 
13/12/2023, 41, 22, 17, , 1, 5, 
14/12/2023, 49, 24, 21, , 2, 5, 
15/12/2023, 47, 19, 15, , 1, 4, 
16/12/2023, 41, 18, 15, , 1, 4, 
17/12/2023, 44, 18, 12, , 1, 3, 
18/12/2023, 36, 19, 11, , 1, 4, 
19/12/2023, 45, 24, 12, , 1, 5, 
20/12/2023, 51, 24, 12, , 1, 5, 
21/12/2023, 31, 17, 20, , 1, 5, 
22/12/2023, 40, 19, 18, , 1, 5, 
23/12/2023, 39, 18, 29, , 1, 5, 
24/12/2023, 45, 20, 16, , 1, 4, 
25/12/2023, 40, 17, 18, , 1, 4, 
26/12/2023, 33, 16, 16, , 1, 4, 
27/12/2023, 41, 21, 13, , 1, 5, 
28/12/2023, 38, 20, 22, , 1, 5, 
29/12/2023, 29, 22, 9, , 1, 5, 
30/12/2023, 47, 24, 7, , 1, 5, 
31/12/2023, 40, 24, 7, , 1, 5, 
01/01/2024, 37, 17, 7, , 1, 4, 
02/01/2024, 27, 17, 7, , 1, 4, 
03/01/2024, 37, 20, 5, , 1, 4, 
04/01/2024, 26, 14, 9, , 1, 4, 
05/01/2024, 27, 16, 9, , 1, 3, 
06/01/2024, 33, 12, 5, , 1, 3, 
07/01/2024, 22, 11, 9, , 2, 3, 
08/01/2024, 35, 17, 7, , 1, 3, 
09/01/2024, 36, 12, 6, , 1, 3, 
10/01/2024, 25, 17, 6, , 1, 3, 
11/01/2024, 54, 20, 4, , 1, 2, 
12/01/2024, 38, 21, 15, , 1, 4, 
13/01/2024, 61, 31, 20, , 1, 2, 
14/01/2024, 58, 23, 15, , 1, 3, 
15/01/2024, 48, 19, 11, , 1, 3, 
16/01/2024, 37, 20, 12, , 1, 4, 
17/01/2024, 47, 28, 10, , 1, 5, 
18/01/2024, 63, 31, 9, , 1, 5, 
19/01/2024, 48, 20, 7, , 1, 5, 
20/01/2024, 38, 23, 25, , 1, 4, 
21/01/2024, 61, 23, 17, , 1, 5, 
22/01/2024, 43, 19, 14, , 1, 5, 
23/01/2024, 32, 21, 9, , 1, 5, 
24/01/2024, 56, 21, 9, , 1, 5, 
25/01/2024, 37, 21, 12, , 1, 5, 
26/01/2024, 50, 30, 10, , 1, 5, 
27/01/2024, 57, 30, 11, , 1, 5, 
28/01/2024, 60, 35, 9, , 1, 5, 
29/01/2024, 71, 37, 10, , 2, 5, 
30/01/2024, 63, 33, 9, , 7, 5, 
31/01/2024, 57, 22, 7, , 5, 4, 
01/02/2024, 35, 24, 5, , 1, 4, 
02/02/2024, 58, 27, 7, , 1, 4, 
03/02/2024, 49, 28, 11, , 1, 4, 
04/02/2024, 62, 24, 8, , 1, , 
05/02/2024, 48, 22, 4, , 1, 3, 
06/02/2024, 54, 20, 5, , 1, 3, 
07/02/2024, 40, 18, 4, , 1, 3, 
08/02/2024, 40, 19, 4, , 1, 3, 
09/02/2024, 53, 23, 8, , 1, 2, 
10/02/2024, 50, 30, 11, , 1, 2, 
11/02/2024, 68, 34, 12, , 1, 3, 
12/02/2024, 60, 30, 10, , 1, 3, 
13/02/2024, 61, 30, 10, , 1, 3, 
14/02/2024, 60, 29, 10, , 1, 4, 
15/02/2024, 58, 32, 10, , 1, 3, 
16/02/2024, 65, 32, 11, , 1, 3, 
17/02/2024, 66, 35, 13, , 1, , 
18/02/2024, 70, 28, 12, , , , 
19/02/2024, 49, 21, 10, , , 3, 
20/02/2024, 42, 21, 14, , 1, 3, 
21/02/2024, 44, 21, 16, , 1, 3, 
22/02/2024, 36, 21, 12, , 1, 3, 
23/02/2024, 41, 21, 11, , 1, 3, 
24/02/2024, 40, 24, 12, , 1, 2, 
25/02/2024, 58, 31, 11, , 1, 2, 
26/02/2024, 70, 34, 9, , 1, 2, 
27/02/2024, 67, 26, 11, , 1, 4, 
28/02/2024, 48, 27, 9, , 1, 4, 
29/02/2024, 54, 25, 10, , 1, 5, 
01/03/2024, 55, 26, 8, , 1, , 
02/03/2024, 44, 20, 6, , 1, , 
03/03/2024, 45, 31, 8, , 1, , 
04/03/2024, 81, 29, 5, , 1, , 
05/03/2024, 37, 23, 11, , 1, 6, 
06/03/2024, 54, 32, 7, , 1, 5, 
07/03/2024, 58, 29, 5, , 1, 5, 
08/03/2024, 53, 26, 10, , 1, 4, 
09/03/2024, 47, 20, 8, , , 4, 
10/03/2024, 62, 38, 11, , 1, 4, 
11/03/2024, 67, 36, 9, , 1, 4, 
12/03/2024, 69, 35, 13, , 1, 5, 
13/03/2024, 65, 31, 15, , 1, 5, 
14/03/2024, 68, 32, 17, , 1, 5, 
15/03/2024, 69, 28, 15, , 1, 5, 
16/03/2024, 59, 30, 14, , , , 
17/03/2024, 67, 28, 14, , 1, 4, 
18/03/2024, 51, 25, 14, , 1, 4, 
19/03/2024, 51, 24, 13, , 1, 5, 
20/03/2024, 60, 29, 15, , 1, 5, 
21/03/2024, 63, 30, 19, , 1, 5, 
22/03/2024, 64, 23, 18, , 1, 5, 
23/03/2024, 56, 22, 19, , 1, 5, 
24/03/2024, 47, 21, 17, , 1, 4, 
25/03/2024, 54, 29, 14, , 1, 3, 
26/03/2024, 58, 28, 13, , 1, 3, 
27/03/2024, 58, 26, 13, , 1, 4, 
28/03/2024, 58, 18, 10, , 1, 3, 
29/03/2024, 29, 11, 13, , 1, 4, 
30/03/2024, 24, 19, 34, , 1, 4, 
31/03/2024, 50, 26, 14, , 1, 4, 
01/04/2024, 54, 22, 16, , 1, 4, 
02/04/2024, 42, 21, 18, , 1, , 
03/04/2024, 38, 29, 19, , 1, 5, 
04/04/2024, 59, 42, 16, , 1, 5, 
05/04/2024, 64, 24, 18, , 1, 4, 
06/04/2024, 40, 21, 16, , 1, 4, 
07/04/2024, 39, 21, 12, , 1, 4, 
08/04/2024, 40, 31, 13, , 1, 5, 
09/04/2024, 45, 22, 9, , 1, 4, 
10/04/2024, 38, 20, 14, , 1, 5, 
11/04/2024, 42, 23, 12, , 1, 5, 
12/04/2024, 36, 19, 13, , 1, 6, 
13/04/2024, 31, 17, 12, , 1, 5, 
14/04/2024, 27, 17, 12, , 1, 4, 
15/04/2024, 37, 18, 5, , 1, 4, 
16/04/2024, 35, 23, 15, , 1, 4, 
17/04/2024, 43, 31, 18, , 1, 5, 
18/04/2024, 55, 32, 15, , 1, 4, 
19/04/2024, 41, 16, 4, , 1, 5, 
20/04/2024, 28, 19, 28, , 2, 9, 
21/04/2024, 55, 31, 21, , 2, 7, 
22/04/2024, 72, 35, 18, , 1, 5, 
23/04/2024, 54, 27, 12, , 1, 5, 
24/04/2024, 35, 21, 6, , , 5, 
25/04/2024, 39, 28, 30, , , 5, 
26/04/2024, 50, 24, 25, , , 4, 
27/04/2024, 35, 19, 19, , 1, 4, 
28/04/2024, 25, 14, 7, , 8, 5, 
29/04/2024, 30, 15, 7, , 7, 11, 
30/04/2024, 33, 17, 24, , 2, 9, 
01/05/2024, 21, 13, 19, , 2, 8, 
02/05/2024, 33, 22, 12, , 1, 9, 
03/05/2024, 35, 16, 4, , 1, 6, 
04/05/2024, 30, 18, 7, , 2, 5, 
05/05/2024, 40, 14, 6, , 1, 5, 
06/05/2024, 29, 14, 7, , 1, 9, 
07/05/2024, 35, 30, 30, , 1, 8, 
08/05/2024, 54, 22, 31, , 2, 4, 
09/05/2024, 39, 23, 26, , 1, 3, 
10/05/2024, 41, 27, 12, , 1, 2, 
11/05/2024, 52, 22, 13, , 2, 3, 
12/05/2024, 30, 18, 11, , 2, 5, 
13/05/2024, 48, 28, 16, , 2, 4, 
14/05/2024, 60, 28, 18, , 2, 6, 
15/05/2024, 64, 22, 10, , 2, 6, 
16/05/2024, 37, 28, 7, , 2, 5, 
17/05/2024, 55, 22, 5, , 2, 4, 
18/05/2024, 52, 17, 9, , 2, 4, 
19/05/2024, 27, 10, 5, , 2, 4, 
20/05/2024, 24, 13, 9, , 2, 7, 
21/05/2024, 29, 21, 5, , 2, 2, 
22/05/2024, 29, 20, 13, , 2, 3, 
23/05/2024, 34, 24, 8, , , 3, 
24/05/2024, 41, 28, 10, , 2, 2, 
25/05/2024, 38, 17, 12, , 2, 2, 
26/05/2024, 26, 16, 10, , 2, 1, 
27/05/2024, 31, 24, 9, , 1, 2, 
28/05/2024, 45, 30, 10, , 1, 2, 
29/05/2024, 41, 26, 11, , 1, , 
30/05/2024, 35, 20, 9, , 1, 2, 
31/05/2024, 35, 25, 5, , 1, , 
01/06/2024, 32, 18, 2, , 1, 2, 
02/06/2024, 31, 17, 20, , 1, 2, 
03/06/2024, 36, 25, 11, , 1, 3, 
04/06/2024, 49, 21, 8, , 1, 3, 
05/06/2024, 32, 17, 3, , 1, 3, 
06/06/2024, 38, 30, 9, , 1, 5, 
07/06/2024, 53, 29, 5, , 1, 3, 
08/06/2024, 45, 25, 1, , 1, 4, 
09/06/2024, 36, 21, 3, , 1, , 
10/06/2024, 34, 30, 7, , 1, 3, 
11/06/2024, 41, 28, 4, , 1, 3, 
12/06/2024, 49, 34, 9, , 2, 3, 
13/06/2024, 56, 27, 7, , 1, 2, 
14/06/2024, 44, 36, 6, , 2, 1, 
15/06/2024, 55, 31, 9, , , 1, 
16/06/2024, 39, 21, 10, , 1, 2, 
17/06/2024, 35, 20, 5, , 1, 5, 
18/06/2024, 40, 32, 5, , 1, 6, 
19/06/2024, 48, 30, 4, , 1, 5, 
20/06/2024, 42, 20, 6, , 2, 5, 
21/06/2024, 33, 16, 4, , 1, 5, 
22/06/2024, 22, 19, 6, , 2, 5, 
23/06/2024, 43, 32, 6, , 1, 5, 
24/06/2024, 45, 28, 5, , 1, , 
25/06/2024, 37, 20, 6, , 1, , 
26/06/2024, 33, 25, 4, , 1, 5, 
27/06/2024, 42, 21, 4, , 1, 5, 
28/06/2024, 33, 19, 5, , 1, 5, 
29/06/2024, 37, 16, 3, , 1, 6, 
30/06/2024, 28, 21, 12, , 2, 6, 
01/07/2024, 47, 32, 10, , 1, 4, 
02/07/2024, 45, 21, 7, , 1, 3, 
03/07/2024, 38, 20, 15, , 1, 3, 
04/07/2024, 38, 20, 6, , 1, 4, 
05/07/2024, 53, 37, 18, , 2, 4, 
06/07/2024, 65, 32, 14, , 3, 3, 
07/07/2024, 51, 21, 6, , 3, 3, 
08/07/2024, 36, 18, 9, , 3, 3, 
09/07/2024, 38, 15, 8, , 2, 3, 
10/07/2024, 28, 18, 12, , 2, 3, 
11/07/2024, 44, 25, 9, , 1, 3, 
12/07/2024, 45, 24, 18, , 1, 4, 
13/07/2024, 48, 40, 20, , 2, , 
14/07/2024, 60, 42, 21, , 2, 4, 
15/07/2024, 63, 39, 18, , 1, 4, 
16/07/2024, 59, 36, 16, , 1, 4, 
17/07/2024, 58, 38, 14, , 1, 4, 
18/07/2024, 59, 37, 14, , 1, 4, 
19/07/2024, 58, 37, 14, , 1, 4, 
20/07/2024, 59, 37, 13, , 2, 4, 
21/07/2024, 55, 40, 18, , 2, 4, 
22/07/2024, 67, 51, 19, , 2, 5, 
23/07/2024, 74, 53, 18, , 2, 5, 
24/07/2024, 72, 48, 20, , 2, 5, 
25/07/2024, 68, 51, 19, , 2, 6, 
26/07/2024, 72, 43, 14, , 2, 5, 
27/07/2024, 63, 37, 14, , 2, 5, 
28/07/2024, 55, 36, 13, , 2, 5, 
29/07/2024, 60, 39, 14, , 2, 5, 
30/07/2024, 58, 37, 11, , 2, 4, 
31/07/2024, 52, 30, 12, , 2, 5, 
01/08/2024, 57, 25, 12, , 2, 4, 
02/08/2024, 44, 22, 11, , 2, 4, 
03/08/2024, 36, 22, 7, , 1, 4, 
04/08/2024, 39, 28, 10, , 2, 6, 
05/08/2024, 62, 36, 12, , 2, 4, 
06/08/2024, 54, 33, 11, , 2, 5, 
07/08/2024, 45, 25, 9, , 2, 4, 
08/08/2024, 39, 18, 9, , 1, , 
09/08/2024, 29, 18, 5, , 1, 5, 
10/08/2024, 46, 28, 9, , 1, 4, 
11/08/2024, 45, 30, 11, , 2, 4, 
12/08/2024, 48, 37, 16, , 1, 4, 
13/08/2024, 66, 38, 11, , 1, 4, 
14/08/2024, 47, 26, 8, , 1, 5, 
15/08/2024, 53, 29, 9, , 1, 5, 
16/08/2024, 42, 28, 6, , 1, 4, 
17/08/2024, 54, 27, 6, , 1, 3, 
18/08/2024, 60, 26, 6, , 2, 4, 
19/08/2024, 48, 25, 4, , 2, 4, 
20/08/2024, 42, 22, 8, , 3, 4, 
21/08/2024, 47, 26, 11, , 3, 4, 
22/08/2024, 58, 22, 8, , 2, 4, 
23/08/2024, 42, 19, 6, , 2, 4, 
24/08/2024, 39, 21, 8, , 2, 4, 
25/08/2024, 53, 29, 12, , 2, 5, 
26/08/2024, 58, 28, 7, , 2, 5, 
27/08/2024, 58, 23, 6, , 2, 5, 
28/08/2024, 40, 26, 9, , 3, 5, 
29/08/2024, 61, 32, 11, , 2, 6, 
30/08/2024, 56, 31, 10, , 2, 6, 
31/08/2024, 59, 29, 10, , 2, 3, 
01/09/2024, 47, 30, 13, , 2, 3, 
02/09/2024, 54, 35, 11, , 1, 3, 
03/09/2024, 63, 37, 9, , 1, 3, 
04/09/2024, 56, 33, 12, , 2, 4, 
05/09/2024, 70, 37, 8, , 2, 3, 
06/09/2024, 58, 34, 8, , 2, 2, 
07/09/2024, 63, 38, 5, , 1, 3, 
08/09/2024, 63, 26, 5, , 2, 3, 
09/09/2024, 47, 17, 4, , 2, 3, 
10/09/2024, 32, 15, 6, , 2, 3, 
11/09/2024, 46, 18, 6, , 2, 3, 
12/09/2024, 34, 15, 8, , 2, 3, 
13/09/2024, 46, 22, 11, , 2, 3, 
14/09/2024, 49, 26, 7, , 2, 4, 
15/09/2024, 57, 28, 9, , 2, 4, 
16/09/2024, 57, 25, 9, , 2, 4, 
17/09/2024, 51, 18, 6, , 3, 4, 
18/09/2024, 33, 26, 22, , 3, 4, 
19/09/2024, 79, 42, 24, , 2, 4, 
20/09/2024, 91, 33, 15, , 3, 4, 
21/09/2024, 54, 30, 18, , 3, 3, 
22/09/2024, 62, 32, 12, , 2, 3, 
23/09/2024, 63, 36, 12, , 2, 4, 
24/09/2024, 57, 30, 11, , 2, 5, 
25/09/2024, 49, 20, 8, , 3, 3, 
26/09/2024, 32, 21, 17, , 6, 4, 
27/09/2024, 46, 22, 10, , 2, 3, 
28/09/2024, 39, 19, 9, , 2, 3, 
29/09/2024, 39, 16, 12, , 2, 5, 
30/09/2024, 33, 15, 7, , 2, 6, 
01/10/2024, 27, 16, 12, , 2, 5, 
02/10/2024, 41, 18, 7, , 2, 6, 
03/10/2024, 38, 31, 21, , 3, 7, 
04/10/2024, 51, 27, 12, , 4, 6, 
05/10/2024, 38, 17, 11, , 4, 5, 
06/10/2024, 27, 21, 10, , 3, 5, 
07/10/2024, 46, 24, 11, , 2, 5, 
08/10/2024, 40, 23, 10, , 2, 5, 
09/10/2024, 36, 20, 9, , 2, 5, 
10/10/2024, 35, 21, 9, , 2, 6, 
11/10/2024, 40, 24, 5, , 2, 6, 
12/10/2024, 39, 29, 13, , 2, 7, 
13/10/2024, 42, 20, 5, , 4, 5, 
14/10/2024, 31, 22, 10, , 10, 6, 
15/10/2024, 39, 18, 9, , 3, 4, 
16/10/2024, 36, 28, 7, , 3, 5, 
17/10/2024, 49, 39, 13, , 2, 6, 
18/10/2024, 53, 41, 14, , 2, 5, 
19/10/2024, 52, 28, 12, , 3, 5, 
20/10/2024, 43, 33, 19, , 5, 5, 
21/10/2024, 50, 29, 23, , 3, 4, 
22/10/2024, 47, 28, 18, , 3, 3, 
23/10/2024, 47, 40, 28, , 2, 4, 
24/10/2024, 62, 46, 13, , 2, 4, 
25/10/2024, 55, 30, 16, , 4, 3, 
26/10/2024, 45, 32, 21, , 4, 3, 
27/10/2024, 50, 28, 15, , 5, 3, 
28/10/2024, 48, 36, 20, , 3, 5, 
29/10/2024, 65, 50, 19, , 3, 6, 
30/10/2024, 61, 51, 21, , 4, 5, 
31/10/2024, 64, 32, 15, , 3, 5, 
01/11/2024, 42, 25, 8, , 2, 5, 
02/11/2024, 41, 22, 13, , 3, 5, 
03/11/2024, 35, 27, 8, , 3, 5, 
04/11/2024, 44, 30, 9, , 4, 5, 
05/11/2024, 48, 33, 12, , 4, 6, 
06/11/2024, 49, 31, 13, , 5, 6, 
07/11/2024, 50, 35, 17, , 4, 7, 
08/11/2024, 47, 28, 9, , 8, 6, 
09/11/2024, 43, 25, 21, , 3, 6, 
10/11/2024, 36, 23, 17, , 3, 6, 
11/11/2024, 45, 33, 17, , 3, 7, 
12/11/2024, 54, 34, 11, , 3, 7, 
13/11/2024, 49, 26, 17, , 3, 7, 
14/11/2024, 48, 23, 18, , 3, 8, 
15/11/2024, 48, 34, 16, , 3, 7, 
16/11/2024, 42, 22, 10, , 2, 7, 
17/11/2024, 33, 15, 7, , 2, 5, 
18/11/2024, 24, 15, 5, , 2, 5, 
19/11/2024, 33, 19, 5, , 2, 5, 
20/11/2024, 34, 21, 9, , 2, 5, 
21/11/2024, 40, 21, 11, , 2, 5, 
22/11/2024, 36, 18, 8, , 2, 5, 
23/11/2024, 31, 18, 10, , 2, 5, 
24/11/2024, 30, 18, 10, , 2, 4, 
25/11/2024, 39, 20, 10, , 2, 3, 
26/11/2024, 35, 19, 4, , 2, 4, 
27/11/2024, 45, 21, 9, , 2, 3, 
28/11/2024, 32, 17, 3, , 2, 4, 
29/11/2024, 32, 18, 14, , 2, 3, 
30/11/2024, 40, 22, 15, , 3, 3, 
01/12/2024, 32, 18, 10, , 2, 4, 
02/12/2024, 41, 23, 15, , 2, 4, 
03/12/2024, 40, 22, 11, , 2, 4, 
04/12/2024, 36, 23, 16, , 3, 3, 
05/12/2024, 38, 26, 21, , 3, 3, 
06/12/2024, 46, 25, 18, , 3, 3, 
07/12/2024, 37, 22, 10, , 3, 3, 
08/12/2024, 37, 14, 8, , 2, 3, 
09/12/2024, 29, 13, 10, , 2, 3, 
10/12/2024, 29, 17, 17, , 2, 4, 
11/12/2024, 36, 23, 13, , 3, 4, 
12/12/2024, 51, 25, 6, , 3, 4, 
13/12/2024, 55, 26, 17, , 3, 5, 
14/12/2024, 66, 25, 16, , 2, 4, 
15/12/2024, 58, 20, 12, , 2, 4, 
16/12/2024, 46, 20, 8, , 2, 4, 
17/12/2024, 29, 16, 8, , 2, 4, 
18/12/2024, 31, 18, 11, , 2, 5, 
19/12/2024, 33, 25, 14, , 2, 6, 
20/12/2024, 56, 33, 14, , 2, 6, 
21/12/2024, 58, 31, 16, , 2, 6, 
22/12/2024, 47, 30, 16, , 2, 7, 
23/12/2024, 53, 21, 11, , 2, 6, 
24/12/2024, 41, 23, 16, , 2, 4, 
25/12/2024, 46, 24, 15, , 2, 5, 
26/12/2024, 54, 26, 15, , 2, 8, 
27/12/2024, 44, 22, 13, , 2, 3, 
28/12/2024, 43, 20, 10, , 2, 3, 
29/12/2024, 34, , , , , , 
31/12/2024, , 23, 12, , 2, 4, 
01/01/2025, 36, 22, 15, , 2, 5, 
02/01/2025, 53, 22, 15, , 2, 5, 
03/01/2025, 44, 23, 15, , 2, 4, 
04/01/2025, 49, 24, 16, , 3, 4, 
05/01/2025, 50, 24, 16, , 2, 4, 
06/01/2025, 54, 32, 16, , 3, 5, 
07/01/2025, 65, 27, 18, , 3, 4, 
08/01/2025, 54, 29, 19, , 3, 4, 
09/01/2025, 62, 33, 16, , 3, 5, 
10/01/2025, 59, 13, 14, , 2, 5, 
11/01/2025, 29, 16, 16, , 2, 5, 
12/01/2025, 41, 13, 14, , 2, 4, 
13/01/2025, 19, 13, 12, , 3, 5, 
14/01/2025, 36, 26, 16, , 2, 6, 
15/01/2025, 68, 28, 11, , 3, 5, 
16/01/2025, 38, 24, 17, , 2, 3, 
17/01/2025, 39, 22, 15, , 2, 3, 
18/01/2025, 39, 22, 14, , 2, 2, 
19/01/2025, 41, 28, 13, , 2, 2, 
20/01/2025, 49, 27, 10, , 2, 1, 
21/01/2025, 41, 29, 15, , 3, 3, 
22/01/2025, 59, 32, 11, , 3, 4, 
23/01/2025, 44, 22, 3, , 3, 5, 
24/01/2025, 45, 25, 9, , 3, 4, 
25/01/2025, 38, 25, 10, , 3, 4, 
26/01/2025, 43, 18, 7, , 3, 4, 
27/01/2025, 35, 26, 19, , 3, 4, 
28/01/2025, 56, 38, 19, , 3, 4, 
29/01/2025, 44, 35, 18, , 3, 4, 
30/01/2025, 50, 30, 17, , 3, 4, 
31/01/2025, 48, 28, 17, , 3, 4, 
01/02/2025, 47, 28, 21, , 3, 4, 
02/02/2025, 55, 30, 16, , 3, 5, 
03/02/2025, 64, 28, 13, , 3, 4, 
04/02/2025, 44, 17, 13, , 3, 3, 
05/02/2025, 31, 32, 17, , 3, 4, 
06/02/2025, 62, 33, 14, , 3, 4, 
07/02/2025, 51, 28, 13, , 3, 4, 
08/02/2025, 48, 28, 16, , 3, 4, 
09/02/2025, 44, 31, 17, , 3, 4, 
10/02/2025, 47, 25, 16, , 3, 4, 
11/02/2025, 34, 21, 24, , 2, 4, 
12/02/2025, 46, 25, 19, , 1, 4, 
13/02/2025, 43, 16, 23, , 1, 4, 
14/02/2025, 23, 17, 23, , 1, 4, 
15/02/2025, 38, 21, 28, , 1, 4, 
16/02/2025, 41, 23, 22, , 1, 5, 
17/02/2025, 47, 18, 15, , 1, 4, 
18/02/2025, 28, 21, 15, , 1, 4, 
19/02/2025, 44, 25, 18, , 1, 4, 
20/02/2025, 47, 24, 17, , 1, 4, 
21/02/2025, 47, 26, 15, , 2, 3, 
22/02/2025, 42, 24, 15, , 2, 3, 
23/02/2025, 41, 18, 15, , 1, 4, 
24/02/2025, 27, 16, 16, , 1, 4, 
25/02/2025, 33, 21, 20, , 1, 4, 
26/02/2025, 42, 27, 23, , 1, 4, 
27/02/2025, 47, 27, 22, , 1, 4, 
28/02/2025, 48, 27, 18, , 1, 4, 
01/03/2025, 46, 24, 16, , 1, 4, 
02/03/2025, 41, 23, 20, , 1, 4, 
03/03/2025, 45, 22, 19, , 1, 4, 
04/03/2025, 43, 23, 15, , 1, 4, 
05/03/2025, 46, 22, 11, , 4, 4, 
06/03/2025, 42, 17, 31, , 9, 4, 
07/03/2025, 35, 20, 26, , 3, 3, 
08/03/2025, 44, 20, 11, , 2, 3, 
09/03/2025, 40, 20, 14, , 2, 3, 
10/03/2025, 27, 16, 15, , 2, 3, 
11/03/2025, 24, 18, 12, , 2, 3, 
12/03/2025, 33, 22, 21, , 1, 3, 
13/03/2025, 42, 19, 14, , 1, 3, 
14/03/2025, 34, 17, 18, , 1, 3, 
15/03/2025, 30, 15, 16, , 1, 3, 
16/03/2025, 33, 17, 14, , 1, 3, 
17/03/2025, 38, 23, 15, , 1, 3, 
18/03/2025, 48, 30, 15, , 1, 4, 
19/03/2025, 44, 15, 19, , 1, 4, 
20/03/2025, 31, 22, 23, , 1, 5, 
21/03/2025, 56, 24, 21, , 1, 4, 
22/03/2025, 38, 17, 18, , 1, 3, 
23/03/2025, 27, 23, 16, , 1, 3, 
24/03/2025, 43, 34, 23, , 1, 5, 
25/03/2025, 69, 46, 27, , 1, 4, 
26/03/2025, 85, 42, 23, , 2, 4, 
27/03/2025, 75, 35, 16, , 1, 4, 
28/03/2025, 56, 30, 25, , 2, 5, 
29/03/2025, 64, 29, 20, , 1, 4, 
30/03/2025, 57, 28, 18, , 2, 4, 
31/03/2025, 63, 24, 18, , 2, 4, 
01/04/2025, 55, 20, 19, , 2, 3, 
02/04/2025, 40, 15, 16, , 3, 3, 
03/04/2025, 23, 16, 12, , 1, 4, 
04/04/2025, 38, 18, 15, , 2, 4, 
05/04/2025, 33, 16, 15, , 1, 3, 
06/04/2025, 33, 13, 13, , 1, 4, 
07/04/2025, 22, 14, 15, , 1, 4, 
08/04/2025, 36, 17, 14, , 1, 4, 
09/04/2025, 35, 17, 25, , 2, 5, 
10/04/2025, 44, 19, 17, , 3, 4, 
11/04/2025, 37, 14, 27, , 3, 4, 
12/04/2025, 31, 17, 13, , 3, 4, 
13/04/2025, 35, 15, 18, , 2, 4, 
14/04/2025, 32, 16, 16, , 2, 4, 
15/04/2025, 31, 21, 25, , 2, 5, 
16/04/2025, 59, 21, 26, , 3, 4, 
17/04/2025, 36, 18, 38, , 3, 4, 
18/04/2025, 47, 24, 13, , 2, 4, 
19/04/2025, 40, 17, 23, , 2, 5, 
20/04/2025, 35, 19, 14, , 3, 5, 
21/04/2025, 43, 23, 14, , 3, 5, 
22/04/2025, 47, 18, 12, , 3, 4, 
23/04/2025, 33, 27, 27, , 3, 5, 
24/04/2025, 62, 30, 24, , 3, 4, 
25/04/2025, 54, 22, 15, , 2, 4, 
26/04/2025, 40, 31, 20, , 2, 6, 
27/04/2025, 56, 19, 18, , 2, 4, 
28/04/2025, 41, 25, 29, , 4, 5, 
29/04/2025, 58, 24, 15, , 3, 4, 
30/04/2025, 42, 20, 17, , 2, 5, 
01/05/2025, 46, 25, 22, , 3, 5, 
02/05/2025, 55, 20, 23, , 4, 4, 
03/05/2025, 46, 18, 14, , 6, 4, 
04/05/2025, 33, 16, 10, , 5, 4, 
05/05/2025, 43, 17, 15, , 3, 4, 
06/05/2025, 40, 21, 20, , 2, 4, 
07/05/2025, 53, 21, 11, , 2, 3, 
08/05/2025, 47, 24, 17, , 6, 4, 
09/05/2025, 55, 26, 16, , 8, 4, 
10/05/2025, 63, 28, 25, , 5, 4, 
11/05/2025, 45, 23, 20, , 5, 4, 
12/05/2025, 57, 28, 14, , 4, 4, 
13/05/2025, 57, 23, 7, , 6, 4, 
14/05/2025, 49, 25, 13, , 9, 5, 
15/05/2025, 55, 29, 17, , 4, 5, 
16/05/2025, 56, 18, 27, , 4, 4, 
17/05/2025, 32, 14, 12, , 3, 4, 
18/05/2025, 25, 14, 19, , 3, 4, 
19/05/2025, 36, 19, 14, , 4, 4, 
20/05/2025, 43, 26, 15, , 3, 4, 
21/05/2025, 50, 31, 12, , 4, 5, 
22/05/2025, 70, 31, 16, , 5, 5, 
23/05/2025, 46, 26, 17, , 4, 5, 
24/05/2025, 57, 22, 24, , 4, 4, 
25/05/2025, 40, 22, 27, , 3, 4, 
26/05/2025, 46, 24, 28, , 3, 3, 
27/05/2025, 47, 30, 29, , 3, 4, 
28/05/2025, 56, 25, 13, , 3, 3, 
29/05/2025, 46, 25, 13, , 4, 4, 
30/05/2025, 48, 23, 16, , 2, 3, 
31/05/2025, 44, 20, 21, , 2, 4, 
01/06/2025, 46, 19, 16, , 3, 3, 
02/06/2025, 39, 23, 9, , 3, 4, 
03/06/2025, 51, 29, 14, , 3, 5, 
04/06/2025, 63, 28, 14, , 2, 4, 
05/06/2025, 56, 24, 11, , 2, 4, 
06/06/2025, 42, 14, 13, , 3, 4, 
07/06/2025, 28, 16, 17, , 3, 4, 
08/06/2025, 40, 19, 14, , 6, 3, 
09/06/2025, 50, 20, 9, , 6, 2, 
10/06/2025, 32, 15, 16, , 5, 2, 
11/06/2025, 42, 25, 17, , 3, 3, 
12/06/2025, 62, 25, 11, , 3, 2, 
13/06/2025, 40, 21, 16, , 3, 2, 
14/06/2025, 38, 15, 15, , 2, 2, 
15/06/2025, 24, 15, 12, , 2, 2, 
16/06/2025, 40, 24, 13, , 6, 4, 
17/06/2025, 56, 19, 11, , 6, 3, 
18/06/2025, 43, 22, 22, , 5, 4, 
19/06/2025, 48, 25, 24, , 5, 3, 
20/06/2025, 55, 30, 21, , 3, 4, 
21/06/2025, 62, 24, 23, , 3, 4, 
22/06/2025, 48, 22, 15, , 4, 4, 
23/06/2025, 45, 20, 16, , 6, 4, 
24/06/2025, 45, 20, 15, , 2, 4, 
25/06/2025, 40, 20, 13, , 2, 4, 
26/06/2025, 47, 29, 20, , 2, 4, 
27/06/2025, 70, 32, 14, , 2, 3, 
28/06/2025, 61, 22, 18, , 5, 3, 
29/06/2025, 42, 20, 15, , 5, 3, 
30/06/2025, 50, 20, 17, , 3, 3, 
01/07/2025, 40, 17, 11, , 2, 3, 
02/07/2025, 41, 29, 19, , 3, 4, 
03/07/2025, 64, 25, 15, , 3, 4, 
04/07/2025, 48, 20, 15, , 3, 6, 
05/07/2025, 49, 21, 13, , 2, 5, 
06/07/2025, 41, 17, 14, , 2, 4, 
07/07/2025, 32, 16, 15, , 2, 5, 
08/07/2025, 39, 18, 14, , 2, 6, 
09/07/2025, 39, 20, 14, , 2, 5, 
10/07/2025, 37, 21, 12, , 3, 5, 
11/07/2025, 54, 24, 11, , 6, 6, 
12/07/2025, 45, 20, 14, , 3, 7, 
13/07/2025, 44, 17, 12, , 3, 5, 
14/07/2025, 44, 21, 12, , 2, 4, 
15/07/2025, 47, 24, 19, , 2, 5, 
16/07/2025, 54, 25, 15, , 2, 4, 
17/07/2025, 44, 28, 18, , 4, 3, 
18/07/2025, 48, 33, 19, , 4, 3, 
19/07/2025, 56, 34, 18, , 3, 3, 
20/07/2025, 56, 28, 19, , 2, 4, 
21/07/2025, 58, 32, 20, , 3, 3, 
22/07/2025, 51, 37, 22, , 3, 3, 
23/07/2025, 76, 36, 22, , 4, 4, 
24/07/2025, 66, 32, 17, , 3, 4, 
25/07/2025, 60, 31, 14, , 3, 3, 
26/07/2025, 53, 22, 19, , 3, 4, 
27/07/2025, 47, 28, 18, , 3, 3, 
28/07/2025, 51, 34, 16, , 3, 3, 
29/07/2025, 55, 30, 18, , 4, 3, 
30/07/2025, 59, 32, 14, , 3, 3, 
31/07/2025, 61, 33, 13, , 4, 3, 
01/08/2025, 56, 30, 16, , 3, 3, 
02/08/2025, 57, 28, 9, , 3, 2, 
03/08/2025, 51, 23, 10, , 3, 3, 
04/08/2025, 44, 21, 22, , 5, 4, 
05/08/2025, 34, 19, 13, , 4, 4, 
06/08/2025, 35, 27, 15, , 3, 4, 
07/08/2025, 70, 40, 14, , 3, 4, 
08/08/2025, 72, 36, 18, , 3, 4, 
09/08/2025, 67, 36, 14, , 4, 4, 
10/08/2025, 69, 33, 7, , 4, 4, 
11/08/2025, 65, 26, 17, , 4, 4, 
12/08/2025, 58, 25, 13, , 4, 3, 
13/08/2025, 39, 20, 11, , 3, 4, 
14/08/2025, 44, 21, 11, , 3, 4, 
15/08/2025, 36, 22, 17, , 3, 4, 
16/08/2025, 54, 33, 16, , 4, 4, 
17/08/2025, 50, 28, 8, , 4, 4, 
18/08/2025, 48, 25, 11, , 3, 4, 
19/08/2025, 44, 20, 12, , 4, 4, 
20/08/2025, 44, 23, 13, , 3, 4, 
21/08/2025, 46, 28, 23, , 2, 4, 
22/08/2025, 55, 31, 16, , 2, 5, 
23/08/2025, 72, 45, 11, , 3, 5, 
24/08/2025, 70, 28, 16, , 1, 4, 
25/08/2025, 49, 26, 16, , 1, 4, 
26/08/2025, 67, 41, 20, , 2, 5, 
27/08/2025, 85, 36, 13, , 2, 4, 
28/08/2025, 56, 32, 20, , 3, 4, 
29/08/2025, 65, 34, 10, , 4, 3, 
30/08/2025, 41, 18, 14, , 4, 4, 
31/08/2025, 42, 21, 7, , 2, 3, 
01/09/2025, 38, 19, 6, , 3, 4, 
02/09/2025, 30, 16, 14, , 3, 3, 
03/09/2025, 30, 24, 7, , 2, 4, 
04/09/2025, 53, 26, 10, , 4, 5, 
05/09/2025, 42, 20, 15, , 3, 4, 
06/09/2025, 45, 27, 11, , 2, 5, 
07/09/2025, 57, 29, 14, , 2, 5, 
08/09/2025, 63, 27, 11, , 2, 5, 
09/09/2025, 53, 26, 13, , 2, 6, 
10/09/2025, 57, 36, 8, , 3, 6, 
11/09/2025, 65, 29, 13, , 8, 5, 
12/09/2025, 52, 26, 7, , 6, 4, 
13/09/2025, 40, 16, 18, , 4, 4, 
14/09/2025, 41, 24, 9, , 2, 4, 
15/09/2025, 55, 38, 13, , 4, 6, 
16/09/2025, 78, 27, 5, , 3, 4, 
17/09/2025, 40, 23, 15, , 2, 4, 
18/09/2025, 54, 25, 12, , 1, 4, 
19/09/2025, 41, 24, 12, , 2, 4, 
20/09/2025, 44, 19, 12, , 2, 3, 
21/09/2025, 33, 17, 13, , 2, 2, 
22/09/2025, 30, 23, 13, , 2, 2, 
23/09/2025, 39, 26, 15, , 3, 3, 
24/09/2025, 60, 30, 17, , 4, 4, 
25/09/2025, 62, 38, 21, , 2, 6, 
26/09/2025, 83, 42, 15, , 2, 3, 
27/09/2025, 66, 42, 12, , 2, 5, 
28/09/2025, 75, 22, 12, , 1, 5, 
29/09/2025, 29, 17, 13, , 1, 3, 
30/09/2025, 42, 21, 12, , 2, 4, 
01/10/2025, 32, 21, 19, , 1, 4, 
02/10/2025, 55, 23, 16, , 3, 4, 
03/10/2025, 46, 24, 16, , 3, 4, 
04/10/2025, 47, 26, 16, , 3, 4, 
05/10/2025, 62, 32, 13, , 2, 4, 
06/10/2025, 64, 28, 16, , 2, 5, 
07/10/2025, 65, 26, 15, , 2, 4, 
08/10/2025, 53, 23, 11, , 2, 5, 
09/10/2025, 45, 21, 19, , 4, 5, 
10/10/2025, 53, 30, 18, , 5, 5, 
11/10/2025, 66, 33, 17, , 3, 5, 
12/10/2025, 63, 26, 21, , 4, 5, 
13/10/2025, 59, 28, 16, , 3, 5, 
14/10/2025, 50, 20, 12, , 2, 5, 
15/10/2025, 36, 23, 18, , 2, 5, 
16/10/2025, 50, 29, 26, , 2, 5, 
17/10/2025, 63, 31, 19, , 4, 5, 
18/10/2025, 50, 24, 16, , 5, 5, 
19/10/2025, 50, 19, 22, , 5, 5, 
20/10/2025, 33, 23, 14, , 2, 6, 
21/10/2025, 55, 26, 15, , 2, 5, 
22/10/2025, 41, 19, 15, , 3, 4, 
23/10/2025, 33, 19, 14, , 4, , 
24/10/2025, 32, 18, 11, , 4, 4, 
25/10/2025, 34, 23, 22, , 6, 4, 
26/10/2025, 51, 27, 10, , 5, 4, 
27/10/2025, 55, 42, 21, , 4, 6, 
28/10/2025, 79, 43, 15, , 5, 4, 
29/10/2025, 68, 38, 23, , 6, 4, 
30/10/2025, 74, 38, 20, , 5, 5, 
31/10/2025, 65, 28, 22, , 3, 5, 
01/11/2025, 58, 26, 17, , 3, 4, 
02/11/2025, 54, 27, 11, , 3, 5, 
03/11/2025, 55, 35, 18, , 5, 5, 
04/11/2025, 78, 43, 20, , 5, 5, 
05/11/2025, 72, 40, 15, , 5, 4, 
06/11/2025, 63, 30, 15, , 4, 4, 
07/11/2025, 55, 34, 22, , 5, 4, 
08/11/2025, 63, 40, 24, , 5, 4, 
09/11/2025, 75, 34, 17, , 4, 4, 
10/11/2025, 55, 32, 23, , 5, 5, 
11/11/2025, 74, 35, 13, , 6, 5, 
12/11/2025, 54, 36, 10, , 4, 6, 
13/11/2025, 64, 27, 12, , 2, 5, 
14/11/2025, 55, 25, 18, , 2, 5, 
15/11/2025, 44, 26, 16, , 2, 6, 
16/11/2025, 47, 23, 17, , 2, 6, 
17/11/2025, 53, 28, 17, , 2, 7, 
18/11/2025, 54, 25, 23, , 3, 5, 
19/11/2025, 43, 21, 18, , 2, 5, 
20/11/2025, 44, 24, 14, , 2, 5, 
21/11/2025, 46, 20, 17, , 2, 4, 
22/11/2025, 36, 18, 14, , 3, 4, 
23/11/2025, 34, 18, 15, , 5, 5, 
24/11/2025, 43, 19, 6, , 6, 4, 
25/11/2025, 38, 26, 11, , 5, 5, 
26/11/2025, 58, 26, 9, , 5, 4, 
27/11/2025, 38, 17, 15, , 3, 4, 
28/11/2025, 34, 18, 25, , 2, 4, 
29/11/2025, 43, 28, 36, , 2, 4, 
30/11/2025, 65, 32, 29, , 3, 4, 
01/12/2025, 65, 29, 15, , 2, 4, 
02/12/2025, 50, 38, 19, , 4, 6, 
03/12/2025, 74, 31, 13, , 3, 4, 
04/12/2025, 50, 30, 16, , 2, 6, 
05/12/2025, 55, 25, 15, , 2, 4, 
06/12/2025, 41, 25, 14, , 2, 4, 
07/12/2025, 55, 37, 18, , 2, 4, 
08/12/2025, 53, 44, 19, , 2, 4, 
09/12/2025, 57, 36, 15, , 2, 4, 
10/12/2025, 45, 34, 13, , 3, 5, 
11/12/2025, 64, 37, 23, , 3, 5, 
12/12/2025, 56, 24, 13, , 2, 4, 
13/12/2025, 37, 19, 13, , 2, , 
14/12/2025, 34, 18, 6, , 2, 4, 
15/12/2025, 28, , , , , , 
06/03/2026,63,29,11,,2,5,
07/03/2026,50,27,12,,2,5,
09/03/2026,59,35,12,,2,5,
10/03/2026,57,39,16,,2,5,
11/03/2026,68,32,16,,2,6,
12/03/2026,25,34,15,,2,5,
27/03/2026,68,30,13,,2,5,
2026/03/27,53,30,14,,2,6,
2026/03/27,53,30,14,,2,6,
2026/03/27,53,30,14,,2,6,
2026/03/27,53,30,14,,2,6,
2026/03/27,53,30,14,,2,6,
2026/03/27,53,30,14,,2,6,
