date,pm25,pm10,o3,no2,so2,co
01/01/2014, , 124, 22, 40, 6, 28
02/01/2014, 186, 144, 69, 39, 8, 43
03/01/2014, 227, 151, 24, 25, 12, 28
04/01/2014, 253, , , , , 
05/01/2014, , 115, 65, 35, 5, 33
06/01/2014, 188, 85, 46, 30, 3, 27
07/01/2014, 167, 80, 20, 28, 10, 27
08/01/2014, 163, 75, 29, 23, 7, 22
09/01/2014, 165, 103, 21, 32, 12, 32
10/01/2014, 189, 115, 17, 20, 6, 25
11/01/2014, 206, 69, 19, 17, 5, 20
12/01/2014, 150, 59, 32, 17, 6, 17
13/01/2014, 133, 77, 93, 27, 9, 21
14/01/2014, 162, 85, 96, 35, 11, 22
15/01/2014, 171, 90, 104, 37, 10, 23
16/01/2014, 179, 100, 54, 29, 6, 28
17/01/2014, 191, 102, 65, 36, 9, 31
18/01/2014, 194, 102, 66, 35, 16, 28
19/01/2014, 199, , , , , 
20/01/2014, , 100, , 57, 22, 39
21/01/2014, 179, 91, 55, 41, 13, 28
22/01/2014, 180, 108, 33, 47, 10, 30
23/01/2014, 183, 94, 35, 34, 2, 24
24/01/2014, 166, 101, 19, 31, 3, 26
25/01/2014, 183, 97, 17, 29, 5, 26
26/01/2014, 181, 85, 23, 34, 4, 29
27/01/2014, 167, 65, 23, 29, 3, 24
28/01/2014, 153, 69, 18, 28, 3, 25
29/01/2014, 154, 76, 27, 22, 3, 23
30/01/2014, 164, 61, 34, 15, 2, 16
31/01/2014, 134, 38, 21, 16, 2, 13
01/02/2014, 101, 39, 20, 18, 2, 14
02/02/2014, 101, 37, 20, 20, 2, 14
03/02/2014, 94, 33, 23, 17, 2, 13
04/02/2014, 84, 31, 17, 15, 2, 14
05/02/2014, 84, 37, 19, 17, 2, 18
06/02/2014, 99, 29, 15, 17, 2, 20
07/02/2014, 81, 43, 10, 16, 2, 19
08/02/2014, 120, 46, 12, 14, 2, 17
09/02/2014, 125, 47, 19, 15, 1, 15
10/02/2014, 127, 62, 23, 14, 1, 14
11/02/2014, 159, 86, 14, 27, 1, 23
12/02/2014, 183, 62, 25, 18, 4, 16
13/02/2014, 154, 76, 29, 27, 7, 18
14/02/2014, 168, 96, 18, 37, 8, 24
15/02/2014, 187, 107, 20, 24, 3, 21
16/02/2014, 209, 84, 13, 26, 1, 31
17/02/2014, 182, 54, 14, 16, 1, 30
18/02/2014, 125, 56, 24, 18, 2, 19
19/02/2014, 128, 72, 36, 28, 2, 19
20/02/2014, 147, 81, 17, 38, 4, 27
21/02/2014, 161, 68, 8, 26, 4, 26
22/02/2014, 160, 55, 3, 21, 3, 28
23/02/2014, 145, 68, 9, 29, 2, 27
24/02/2014, 148, 57, 8, 27, 1, 25
25/02/2014, 133, 65, 1, 27, 2, 22
26/02/2014, 154, 57, 3, 30, 2, 30
27/02/2014, 140, 47, 10, 22, 1, 25
28/02/2014, 121, 39, 3, 17, , 14
01/03/2014, 106, 83, 5, 30, 2, 26
02/03/2014, 166, 68, 7, 25, 2, 30
03/03/2014, 158, 71, 4, 21, 2, 25
04/03/2014, 162, 72, 6, 23, 2, 26
05/03/2014, 160, 55, 3, 28, 2, 36
06/03/2014, 139, 37, 1, 18, 2, 29
07/03/2014, 107, 30, 1, 16, 2, 25
08/03/2014, 90, 39, 4, 16, 1, 15
09/03/2014, 97, 52, 2, 17, 1, 17
10/03/2014, 125, 69, 2, 22, 2, 26
11/03/2014, 153, 56, 4, 25, 2, 29
12/03/2014, 132, 52, 7, 19, 2, 24
13/03/2014, 138, 73, 11, 26, 2, 18
14/03/2014, 160, 67, 11, 34, 3, 22
15/03/2014, 147, 50, 8, 25, 2, 19
16/03/2014, 121, 74, 1, 27, 4, 33
17/03/2014, 157, 48, 2, 21, 2, 23
18/03/2014, 117, 51, 1, 27, 2, 30
19/03/2014, 124, 59, 2, 26, 2, 28
20/03/2014, 146, 53, 16, 19, 1, 12
21/03/2014, 131, 44, 7, 22, 1, 14
22/03/2014, 115, 45, 3, 19, 1, 22
23/03/2014, 122, 47, 9, 30, 2, 22
24/03/2014, 118, 61, 14, 28, 2, 19
25/03/2014, 133, 57, 7, 28, 2, 23
26/03/2014, 132, 57, 4, 25, 2, 23
27/03/2014, 131, 44, 4, 20, 2, 23
28/03/2014, 104, 41, 1, 19, 2, 25
29/03/2014, 101, 50, 5, 24, 2, 21
30/03/2014, 122, 62, 11, 30, 2, 23
31/03/2014, 147, 64, 6, 33, 2, 28
01/04/2014, 147, 73, 6, 30, 2, 26
02/04/2014, 164, 56, 4, 26, 5, 28
03/04/2014, 138, 66, 12, 30, 8, 26
04/04/2014, 148, 66, 5, 35, 7, 30
05/04/2014, 154, 44, 17, 31, 7, 20
06/04/2014, 107, 31, 13, 36, 8, 24
07/04/2014, 75, 47, 11, 30, 13, 27
08/04/2014, 113, 43, 9, 25, 14, 20
09/04/2014, 104, 36, 4, 21, 14, 22
10/04/2014, 88, 39, 3, 19, 14, 23
11/04/2014, 93, 45, 3, 20, 15, 22
12/04/2014, 107, 45, 2, 20, 15, 21
13/04/2014, 107, 54, 1, 23, 16, 28
14/04/2014, 126, 45, 2, 16, 15, 21
15/04/2014, 106, 42, 3, 17, 15, 19
16/04/2014, 96, 49, 3, 21, 15, 25
17/04/2014, 111, 47, 3, 21, 16, 26
18/04/2014, 110, 45, 1, 18, 16, 24
19/04/2014, 106, 39, 1, 20, 16, 24
20/04/2014, 96, 38, 2, 16, 15, 22
21/04/2014, 94, 46, 1, 18, 16, 30
22/04/2014, 109, 43, 1, 15, 16, 27
23/04/2014, 109, 47, 1, 20, 16, 28
24/04/2014, 111, 51, 1, 22, 17, 27
25/04/2014, 118, 48, 2, 26, 16, 22
26/04/2014, 105, 38, 16, 15, 15, 17
27/04/2014, 91, 62, 9, 16, 12, 26
28/04/2014, 136, 81, 8, 17, 7, 24
29/04/2014, 165, 50, 22, 14, 6, 12
30/04/2014, 116, 74, 31, 14, 6, 15
01/05/2014, 158, 66, 36, 18, 7, 16
02/05/2014, 136, 58, 11, 18, 7, 19
03/05/2014, 126, 70, 18, 16, 6, 16
04/05/2014, 134, 39, 35, 16, 7, 13
05/05/2014, 88, 60, 30, 20, 8, 17
06/05/2014, 131, 74, 11, 24, 11, 29
07/05/2014, 155, 54, 14, 22, 6, 27
08/05/2014, 124, 53, 26, 27, 7, 21
09/05/2014, 101, 48, 27, 24, 8, 17
10/05/2014, 78, 61, 70, 24, 8, 14
11/05/2014, 110, 66, 12, 32, 8, 24
12/05/2014, 134, 60, 23, 30, 7, 20
13/05/2014, 110, 62, 40, 32, 9, 17
14/05/2014, 101, 54, 35, 27, 9, 16
15/05/2014, 108, 67, 8, 32, 7, 23
16/05/2014, 133, 48, 13, 28, 9, 17
17/05/2014, 93, 61, 14, 17, 6, 13
18/05/2014, 117, 58, 31, 33, 10, 28
19/05/2014, 106, 42, 12, 22, 7, 20
20/05/2014, 85, 49, 14, 20, 7, 17
21/05/2014, 85, 50, 17, 23, 8, 17
22/05/2014, 73, 58, 19, 26, 8, 16
23/05/2014, 95, 58, 18, 22, 7, 14
24/05/2014, 108, 54, 10, 17, 6, 12
25/05/2014, 105, 55, 15, 21, 7, 24
26/05/2014, 104, 48, 7, 24, 6, 23
27/05/2014, 99, 47, 12, 30, 7, 24
28/05/2014, 96, 65, 5, 16, 6, 23
29/05/2014, 137, 68, 8, 20, 6, 20
30/05/2014, 119, 39, 12, 17, 7, 17
31/05/2014, 76, 59, 10, 5, 6, 14
01/06/2014, 105, 53, 22, 17, 7, 16
02/06/2014, 101, 55, 14, 24, 7, 17
03/06/2014, 101, 59, 16, 18, 6, 19
04/06/2014, 113, 93, 25, 25, 7, 23
05/06/2014, 177, 45, 17, 27, 8, 21
06/06/2014, 92, 41, 37, 21, 7, 13
07/06/2014, 92, 49, 37, 19, 7, 14
08/06/2014, 106, 67, 34, 30, 8, 21
09/06/2014, 126, 68, 13, 28, 8, 21
10/06/2014, 141, , , , , 
17/06/2014, , 56, 7, 41, 7, 28
18/06/2014, 117, 62, 6, 32, 6, 27
19/06/2014, 122, 54, 11, 23, 7, 20
20/06/2014, 97, 61, 31, 27, 6, 20
21/06/2014, 111, 49, 8, 17, 6, 15
22/06/2014, 118, 74, 22, 32, 6, 31
23/06/2014, 151, 82, 10, 37, 6, 26
24/06/2014, 162, 61, 5, 34, 6, 27
25/06/2014, 115, 54, 17, 22, 7, 19
26/06/2014, 105, 62, 15, 27, 7, 19
27/06/2014, 125, 40, 10, 24, 7, 17
28/06/2014, 89, 57, 7, 28, 7, 18
29/06/2014, 116, 53, 7, 21, 7, 17
30/06/2014, 119, 38, 6, 23, 7, 20
01/07/2014, 92, 44, 6, 25, 7, 21
02/07/2014, 95, 26, 6, 24, 7, 19
03/07/2014, 57, 20, 6, 27, 7, 18
04/07/2014, 54, 24, 6, 23, 7, 19
05/07/2014, 71, 30, 6, 28, 7, 20
06/07/2014, 90, 16, 6, 28, 7, 20
07/07/2014, 55, 25, 18, 21, 7, 15
08/07/2014, 73, 36, 4, 27, 8, 21
09/07/2014, 80, 39, 15, 21, 9, 19
10/07/2014, 85, 55, 4, 24, 8, 23
11/07/2014, 110, 43, 2, 17, 10, 18
12/07/2014, 96, 19, 2, 7, 9, 10
13/07/2014, 53, , , , , 
15/07/2014, , 44, 2, 29, 9, 25
16/07/2014, 80, 36, 2, 27, 8, 27
17/07/2014, 83, 52, 23, 14, 9, 12
18/07/2014, 114, 43, 6, 12, 8, 9
19/07/2014, 92, 18, 3, 16, 8, 14
20/07/2014, 48, 13, 3, 24, 8, 23
21/07/2014, 46, 20, 10, 34, 9, 21
22/07/2014, 67, 17, 30, 22, 9, 17
23/07/2014, 59, 25, 26, 30, 10, 20
24/07/2014, 79, 17, 3, 11, 8, 7
25/07/2014, 64, , , , , 
27/07/2014, , 20, 6, 31, 10, 26
28/07/2014, 69, 18, 13, 23, 9, 18
29/07/2014, 64, 21, 8, 20, 9, 17
30/07/2014, 71, 30, 9, 31, 10, 22
31/07/2014, 94, 12, 4, 26, 10, 21
01/08/2014, 47, 13, 13, 24, 10, 17
02/08/2014, 50, 18, 21, 19, 10, 12
03/08/2014, 59, 29, 17, 24, 10, 18
04/08/2014, 86, 36, 3, 21, 10, 21
05/08/2014, 108, , 2, 24, 9, 23
06/08/2014, , , 3, 27, 10, 29
07/08/2014, , , 4, 27, 10, 21
08/08/2014, , , 6, 25, 10, 21
09/08/2014, , , 7, 10, 11, 18
10/08/2014, , , 4, 20, 11, 20
11/08/2014, , , 26, 19, 11, 16
12/08/2014, , , 16, 15, 9, 10
13/08/2014, , , 25, 19, 10, 13
14/08/2014, , , 6, 20, 10, 15
15/08/2014, , , 4, 25, 11, 20
17/08/2014, , , 4, 32, 11, 26
18/08/2014, , , 4, 17, 10, 17
19/08/2014, , , 15, 23, 10, 19
20/08/2014, , 53, 7, 42, 15, 29
21/08/2014, 118, 45, 4, 23, 11, 25
22/08/2014, 100, 44, 3, 21, 12, 18
23/08/2014, 85, 48, 3, 21, 12, 22
24/08/2014, 108, 36, 3, 23, 12, 22
25/08/2014, 84, , 4, 18, 11, 18
26/08/2014, , 41, 9, 17, 11, 14
27/08/2014, 94, 38, 12, 13, 11, 9
28/08/2014, 94, 23, 6, 16, 10, 16
29/08/2014, 63, 38, 10, 21, 11, 14
30/08/2014, 86, 59, 25, 22, 12, 18
31/08/2014, 127, 44, 5, 16, 12, 13
01/09/2014, 105, 30, 4, 20, 11, 21
02/09/2014, 75, 52, 4, 23, 11, 23
03/09/2014, 117, 54, 5, 30, 13, 25
04/09/2014, 109, 40, 3, 26, 13, 25
05/09/2014, 72, 48, 3, 23, 13, 23
06/09/2014, 90, 54, 37, 25, 13, 18
07/09/2014, 110, 74, 20, 34, 13, 27
08/09/2014, 158, 56, 15, 29, , 23
09/09/2014, 121, 48, 4, 21, , 20
10/09/2014, 99, 43, 3, 24, , 21
11/09/2014, 85, 47, 3, 24, , 24
12/09/2014, 94, 48, 8, 26, , 20
13/09/2014, 94, 51, 14, 26, , 18
14/09/2014, 111, 44, 19, 23, , 15
15/09/2014, 103, 42, 18, 11, , 10
16/09/2014, 106, 22, 19, 12, , 11
17/09/2014, 59, 30, 5, 19, , 21
18/09/2014, 75, 60, 5, 27, , 26
19/09/2014, 133, 45, 4, 20, , 20
20/09/2014, 103, 36, 19, 22, , 16
21/09/2014, 87, 57, 6, 19, , 14
22/09/2014, 130, 57, 41, 44, , 
23/09/2014, 117, 74, 23, 30, , 
24/09/2014, 146, 88, 40, , , 28
25/09/2014, 173, 78, 3, 52, , 26
26/09/2014, 160, 57, 3, 26, , 24
27/09/2014, 132, 43, 3, 19, , 18
28/09/2014, 104, 36, 2, 17, , 25
29/09/2014, 81, 37, 7, 25, , 20
30/09/2014, 89, 42, 5, 29, , 24
01/10/2014, 103, 37, 12, 29, , 24
02/10/2014, 94, 41, 16, 32, , 25
03/10/2014, 104, 31, 14, 25, , 22
04/10/2014, 83, 12, 7, 13, , 10
05/10/2014, 43, 24, 35, 20, , 12
06/10/2014, 75, 25, 25, 33, , 19
07/10/2014, 75, 34, 31, 32, , 23
08/10/2014, 96, 38, 31, 34, , 22
09/10/2014, 106, 39, 38, 37, , 30
10/10/2014, 109, 45, 30, 26, , 22
11/10/2014, 123, , , , , 
12/10/2014, , 8, 25, 37, , 19
13/10/2014, 28, 11, 28, 38, , 20
14/10/2014, 38, , 29, 33, , 19
15/10/2014, , , 27, 39, , 25
16/10/2014, , , 15, 32, , 31
17/10/2014, , , 15, 29, , 21
18/10/2014, , , 14, 29, , 20
19/10/2014, , , 12, 26, , 23
20/10/2014, , , 15, 26, , 26
21/10/2014, , , 6, 15, , 14
22/10/2014, , , 9, 20, , 17
23/10/2014, , , 10, 24, , 18
24/10/2014, , , 11, 15, , 17
27/10/2014, , , 14, 22, , 27
28/10/2014, , , 4, 15, , 18
29/10/2014, , , 8, 14, , 20
30/10/2014, , , 4, 15, , 23
31/10/2014, , , 4, 14, , 19
01/11/2014, , , 5, 13, , 13
02/11/2014, , , 5, 17, , 12
03/11/2014, , , 12, 26, , 18
04/11/2014, , , 18, 31, , 27
05/11/2014, , , 10, 14, , 17
06/11/2014, , , 3, 11, , 12
07/11/2014, , , 3, 14, , 11
08/11/2014, , , 2, 14, , 13
09/11/2014, , , 19, 13, , 22
10/11/2014, , , 17, 11, , 16
11/11/2014, , , 9, 14, , 12
12/11/2014, , , 23, 17, , 12
13/11/2014, , , 27, 24, , 14
14/11/2014, , , 15, 27, , 17
15/11/2014, , , 21, 15, , 12
16/11/2014, , , 15, 17, , 13
17/11/2014, , , 17, 16, , 12
18/11/2014, , , 30, 20, , 17
19/11/2014, , , 27, 31, , 19
20/11/2014, , , 20, 36, , 24
21/11/2014, , , 24, 26, , 18
22/11/2014, , , 43, 25, , 17
23/11/2014, , , 67, 23, , 21
24/11/2014, , , 73, 24, , 17
25/11/2014, , , 189, 19, , 14
26/11/2014, , , 189, 18, , 19
27/11/2014, , , 185, 16, , 16
28/11/2014, , , 196, 14, , 10
29/11/2014, , , 181, 18, , 16
30/11/2014, , , 118, 21, , 17
01/12/2014, , , 20, 15, , 14
02/12/2014, , , 10, 15, , 15
03/12/2014, , , 9, 17, , 14
04/12/2014, , , 12, 23, , 14
05/12/2014, , , 11, 25, , 15
06/12/2014, , , 11, 13, , 9
07/12/2014, , , 15, 24, , 12
08/12/2014, , , 8, 31, , 21
09/12/2014, , , 9, 16, , 13
10/12/2014, , , 9, 17, , 12
11/12/2014, , , 9, 14, , 11
12/12/2014, , , 10, 22, , 15
13/12/2014, , , 10, 31, , 16
14/12/2014, , , 10, 30, , 18
15/12/2014, , , 10, 21, , 11
16/12/2014, , , 10, 20, , 13
17/12/2014, , , 10, 27, , 26
18/12/2014, , , 10, 30, , 37
19/12/2014, , , 10, 31, , 23
20/12/2014, , , 10, 21, , 14
21/12/2014, , , 10, 23, , 17
22/12/2014, , , 10, 35, , 23
23/12/2014, , , 10, 43, , 31
24/12/2014, , , 11, 39, , 31
25/12/2014, , , 11, 25, , 27
26/12/2014, , , 10, 15, 4, 14
03/01/2016, , , 17, 20, 6, 23
04/01/2016, 188, , 23, 19, 6, 22
05/01/2016, 168, , , , , 
10/01/2016, , , 7, 14, 6, 13
11/01/2016, 99, 6, 25, 16, 6, 24
12/01/2016, 30, 4, 13, 14, 6, 19
13/01/2016, 14, 3, 11, 10, 6, 18
14/01/2016, 9, 1, 11, 7, 6, 9
15/01/2016, 6, , , , , 
18/01/2016, , 7, 5, 3, 6, 13
19/01/2016, 20, 6, 11, , 6, 10
20/01/2016, 20, 5, 10, , 6, 13
21/01/2016, 18, 2, 10, , 6, 11
22/01/2016, 6, 3, 20, , 6, 5
23/01/2016, 8, 4, 28, , 6, 2
24/01/2016, 12, 42, 15, 5, 6, 5
25/01/2016, 78, , 14, , 6, 4
26/01/2016, , 30, 17, 1, 6, 8
27/01/2016, 87, 9, 14, , 6, 12
28/01/2016, 41, , , , , 
18/02/2016, , 9, 18, 26, 6, 14
19/02/2016, 34, 9, 12, 31, 6, 16
20/02/2016, 27, , , , , 
21/02/2016, , 5, 16, 25, 6, 17
22/02/2016, 16, 3, 15, 16, 6, 10
23/02/2016, 10, , 19, 16, 6, 9
24/02/2016, , , 14, 12, 7, 6
25/02/2016, , 72, 12, 17, 6, 20
26/02/2016, 159, 60, 19, 16, 7, 14
27/02/2016, 143, 80, 30, 22, 7, 16
28/02/2016, 157, 83, 29, 27, 7, 17
29/02/2016, 150, 99, 40, 31, 7, 25
01/03/2016, 167, , , , , 
03/03/2016, , 54, 2, 21, 7, 19
04/03/2016, 123, 44, 4, 14, 7, 25
05/03/2016, 114, 56, 22, 13, 7, 14
06/03/2016, 137, 49, 20, 9, 7, 13
07/03/2016, 118, 34, 74, 6, 7, 21
08/03/2016, 89, 43, 54, 11, 7, 20
09/03/2016, 104, 37, 14, 14, 7, 11
10/03/2016, 70, 54, 19, 19, 7, 13
11/03/2016, 101, 61, 14, 17, 7, 16
12/03/2016, 143, 53, 19, 14, 7, 11
13/03/2016, 132, 62, 16, 23, 7, 16
14/03/2016, 134, 61, 19, 23, 7, 19
15/03/2016, 136, 52, 18, 20, 7, 22
16/03/2016, 125, 53, 17, 18, 7, 21
17/03/2016, 126, 53, 50, 12, 7, 21
18/03/2016, 134, 56, 60, 10, 7, 20
19/03/2016, 136, 33, 4, 6, 7, 5
20/03/2016, 98, 54, 52, 6, 7, 16
21/03/2016, 125, 48, 67, 6, 7, 24
22/03/2016, 115, 45, 23, 7, 7, 15
23/03/2016, 110, , , , , 
30/03/2016, , 63, 3, 18, , 26
31/03/2016, 148, 60, 15, 12, , 24
01/04/2016, 139, 33, 38, 8, , 16
02/04/2016, 89, 44, 26, 7, , 12
03/04/2016, 102, 43, 25, 7, , 17
04/04/2016, 95, 45, 28, 6, , 14
05/04/2016, 100, 46, 50, 7, , 14
06/04/2016, 101, 51, 47, 5, , 19
07/04/2016, 112, 44, 46, 9, , 23
08/04/2016, 106, 53, 17, 6, , 9
09/04/2016, 125, , , , , 
12/04/2016, , 63, 32, 22, , 26
13/04/2016, 141, 64, 101, 17, , 24
14/04/2016, 143, 60, 118, 12, , 21
15/04/2016, 143, , , , , 
18/04/2016, , 48, , 11, , 18
19/04/2016, 98, 30, , 11, , 11
20/04/2016, 74, 40, 29, 10, , 24
21/04/2016, 91, 24, 36, 15, , 26
22/04/2016, 66, , , , , 
24/04/2016, , 30, 74, 13, , 26
25/04/2016, 62, 42, 97, 10, , 27
26/04/2016, 86, 48, 161, 8, , 31
27/04/2016, 102, 46, 114, 14, , 31
28/04/2016, 92, 50, 95, 11, , 43
29/04/2016, 116, 44, 96, 9, , 31
30/04/2016, 104, 23, 66, 8, , 21
01/05/2016, 64, 27, 151, 3, , 8
02/05/2016, 77, , , , , 
08/05/2016, , 38, 122, 8, , 28
09/05/2016, 85, 38, 167, 10, , 25
10/05/2016, 85, 49, 116, 13, , 30
11/05/2016, 102, 38, 131, 14, 12, 33
12/05/2016, 84, 31, 159, 12, 12, 23
13/05/2016, 72, 27, 128, 6, 11, 21
14/05/2016, 61, 34, 145, 5, 11, 18
15/05/2016, 74, 39, 52, 9, 11, 15
16/05/2016, 71, 37, 43, 12, 11, 25
17/05/2016, 71, 14, 76, 9, 11, 27
18/05/2016, 29, 13, 166, 6, 11, 26
19/05/2016, 27, 12, 159, 7, 11, 21
20/05/2016, 26, 4, 136, 6, 11, 17
21/05/2016, 13, 5, 111, 8, 11, 30
22/05/2016, 15, 5, 94, 9, 11, 37
23/05/2016, 15, 4, 131, 4, 11, 27
24/05/2016, 13, 5, 133, 5, 11, 32
25/05/2016, 15, 34, 155, 2, 11, 22
26/05/2016, 76, 25, 156, 4, 11, 34
27/05/2016, 53, 14, 146, 6, 11, 25
28/05/2016, 25, 6, 150, 4, 11, 26
29/05/2016, 18, 4, 116, 5, 11, 36
30/05/2016, 13, 6, 83, 5, 11, 22
31/05/2016, 14, 6, 62, 4, 11, 19
01/06/2016, 11, 9, 45, 5, 11, 20
02/06/2016, 14, 6, 36, 5, 12, 20
03/06/2016, 10, 4, 33, 5, 11, 25
04/06/2016, 8, , , , , 
06/06/2016, , 4, 22, 15, 12, 29
07/06/2016, 8, , , , , 
21/06/2016, , 63, 20, 4, 13, 24
22/06/2016, 150, 38, 33, 5, 13, 28
23/06/2016, 78, 36, 23, 7, 13, 27
24/06/2016, 72, 37, 23, 9, 13, 26
25/06/2016, 79, 40, 21, 9, 13, 18
26/06/2016, 79, 28, 25, 8, 13, 26
27/06/2016, 69, 33, 26, 8, 13, 26
28/06/2016, 73, 35, 8, 3, 13, 28
29/06/2016, 81, 30, 8, 2, 13, 36
30/06/2016, 73, 22, 8, 2, 13, 18
01/07/2016, 52, 28, 8, 3, 13, 17
02/07/2016, 59, , , , , 
06/07/2016, , 29, 8, 5, 13, 38
07/07/2016, 68, 59, 8, 2, 13, 24
08/07/2016, 142, , , , , 
12/07/2016, , 38, 8, 5, , 
13/07/2016, 88, 29, 9, 9, 13, 29
14/07/2016, 71, 34, 9, 11, 13, 20
15/07/2016, 71, 6, 8, 6, 13, 14
16/07/2016, 15, , , , , 
25/07/2016, , 25, 8, 25, 15, 13
26/07/2016, 50, 35, 8, 15, 13, 10
27/07/2016, 59, , , , , 
07/08/2016, , 29, 9, 15, 13, 14
08/08/2016, 63, 31, 9, 13, 14, 16
09/08/2016, 69, 30, 9, 8, 14, 15
10/08/2016, 71, 29, 9, 10, 13, 18
11/08/2016, 74, 19, 9, 9, 12, 14
12/08/2016, 56, 17, 9, 7, 12, 13
13/08/2016, 45, 7, 9, 9, 12, 18
14/08/2016, 21, 9, 10, 8, 12, 11
15/08/2016, 27, , , , , 
16/08/2016, , , 9, 8, 12, 21
17/08/2016, , , 10, 8, 12, 16
19/08/2016, , , 9, 8, 13, 19
21/08/2016, , 32, 9, 8, 13, 25
22/08/2016, 77, 35, 9, 9, 13, 21
23/08/2016, 85, 46, 9, 9, 13, 17
24/08/2016, 100, 56, 9, 9, 13, 17
25/08/2016, 117, 55, 9, 10, 13, 16
26/08/2016, 112, 28, 9, 8, 13, 11
27/08/2016, 66, 20, 9, 7, 13, 14
28/08/2016, 56, 45, 9, 12, 13, 22
29/08/2016, 99, 63, 10, 18, 13, 26
30/08/2016, 136, 51, 10, 15, 13, 24
31/08/2016, 108, 31, 9, 11, 13, 19
01/09/2016, 64, 21, 10, 7, 13, 10
02/09/2016, 56, 36, 10, 10, 13, 15
03/09/2016, 82, 53, 13, 11, 13, 17
04/09/2016, 121, 55, 13, 12, 13, 19
05/09/2016, 128, 47, 18, 9, 13, 21
06/09/2016, 112, 30, 10, 10, 13, 21
07/09/2016, 80, 47, 13, 11, 14, 26
08/09/2016, 105, 44, 11, 14, 14, 26
09/09/2016, 86, 39, 9, 2, 13, 9
10/09/2016, 86, , , , , 
13/09/2016, , 50, 7, 17, 13, 31
14/09/2016, 91, 54, 7, 8, 12, 17
15/09/2016, 123, , , , , 
04/10/2016, , 65, 7, , 11, 54
05/10/2016, 146, 62, 5, 11, 14, 44
06/10/2016, 120, 36, 6, 11, 14, 35
07/10/2016, 78, , , , , 
10/10/2016, , 2, 4, 17, 14, 44
11/10/2016, 6, , 5, 12, 14, 29
12/10/2016, , 60, 1, 7, 12, 44
13/10/2016, 139, 55, 1, 4, 13, 22
14/10/2016, 132, , , , , 
17/10/2016, , 44, 2, 25, 13, 19
18/10/2016, 76, 34, 1, 42, 14, 32
19/10/2016, 49, 38, 2, 72, 16, 59
20/10/2016, 75, , , , , 
22/10/2016, , 52, 4, 49, 14, 53
23/10/2016, 115, , , , , 
24/10/2016, , 30, 3, 32, 13, 13
25/10/2016, 75, 29, 11, 31, 13, 41
26/10/2016, 70, 34, 3, 31, 13, 37
27/10/2016, 78, 39, 6, 45, 14, 47
28/10/2016, 84, 41, 4, 45, 14, 37
29/10/2016, 92, 26, 2, 34, 14, 21
30/10/2016, 74, 31, 1, 33, 13, 28
31/10/2016, 83, 23, 1, 31, 14, 24
01/11/2016, 65, 31, 1, 33, 17, 28
02/11/2016, 80, 37, 2, 52, 15, 47
03/11/2016, 84, 71, 1, 46, 15, 36
04/11/2016, 163, 58, 2, 63, 14, 50
05/11/2016, 121, 59, 2, 57, 15, 54
06/11/2016, 135, 61, 2, 48, 15, 65
07/11/2016, 139, 29, 16, 17, 10, 33
08/11/2016, 78, 10, 17, 5, 9, 19
09/11/2016, 37, 21, 19, 6, 9, 22
10/11/2016, 61, 42, 28, 14, 10, 35
11/11/2016, 99, 68, 45, 13, 13, 58
12/11/2016, 154, 56, 44, 9, 10, 42
13/11/2016, 130, 30, 20, 5, 9, 40
14/11/2016, 75, 35, 23, 6, 10, 47
15/11/2016, 75, 39, 25, 6, 10, 54
16/11/2016, 87, 44, 29, 10, 15, 54
17/11/2016, 96, 51, 33, 8, 12, 57
18/11/2016, 114, 52, 53, 13, 13, 49
19/11/2016, 123, 44, 41, 10, 12, 37
20/11/2016, 109, 42, 44, 13, 12, 59
21/11/2016, 98, 36, 36, 7, 12, 57
22/11/2016, 87, 27, 33, 8, 13, 46
23/11/2016, 70, 26, 23, 5, 12, 24
24/11/2016, 72, 35, 23, 8, 13, 29
25/11/2016, 95, 25, 16, 6, 12, 20
26/11/2016, 63, 39, 35, 14, 14, 27
27/11/2016, 96, 51, 41, 19, 21, 38
28/11/2016, 120, 48, 21, 17, 17, 44
29/11/2016, 115, 39, 30, 13, 15, 25
30/11/2016, 100, 35, 35, 13, 14, 32
01/12/2016, 90, , , , , 
03/12/2016, , 78, 40, 18, 15, 102
04/12/2016, 169, 69, 67, 13, 22, 56
05/12/2016, 164, 45, 30, 10, 18, 35
06/12/2016, 143, 52, 48, 15, 23, 54
07/12/2016, 131, 61, 43, 15, 19, 77
08/12/2016, 144, 69, 79, 25, 26, 59
09/12/2016, 164, 62, 42, 24, 28, 58
10/12/2016, 152, 64, 57, 20, 19, 46
11/12/2016, 154, 43, 31, 10, 12, 44
12/12/2016, 114, 33, 30, 8, 15, 50
13/12/2016, 90, 31, 18, 7, 14, 31
14/12/2016, 91, 24, 14, 7, 10, 25
15/12/2016, 76, 42, 22, 10, 15, 39
16/12/2016, 112, 46, 25, 16, 22, 52
17/12/2016, 119, 60, 34, 15, 28, 56
18/12/2016, 156, 62, 49, 5, 20, 76
19/12/2016, 147, 28, 18, 2, 11, 44
20/12/2016, 81, 31, 19, 3, 14, 52
21/12/2016, 85, 25, 15, 4, 14, 31
22/12/2016, 72, 43, 27, 11, 18, 50
23/12/2016, 113, 29, 19, 6, 15, 53
24/12/2016, 82, 13, 15, 3, 12, 38
25/12/2016, 42, 10, 14, 4, 13, 48
26/12/2016, 31, 3, 11, 8, 12, 25
27/12/2016, 8, 25, 25, 12, 16, 50
28/12/2016, 62, 57, 28, 13, 24, 53
29/12/2016, 139, 58, 29, 15, 22, 61
30/12/2016, 143, 75, 38, 17, 23, 58
31/12/2016, 171, , , , , 
01/01/2017, , 60, 23, 6, 12, 70
02/01/2017, 158, 61, 36, 11, 17, 69
03/01/2017, 159, 42, 20, 8, 18, 66
04/01/2017, 115, 26, 9, 6, 12, 28
05/01/2017, 80, 35, 15, 7, 12, 48
06/01/2017, 102, 37, 20, 9, 12, 40
07/01/2017, 104, 35, 15, 7, 14, 44
08/01/2017, 104, 26, 15, 4, 13, 54
09/01/2017, 81, 35, 17, , 12, 85
10/01/2017, 106, 18, 10, 4, 10, 40
11/01/2017, 65, 6, 1, 5, 8, 20
12/01/2017, 24, , , , , 
16/01/2017, , 31, , , 10, 16
17/01/2017, 84, 44, 21, 13, 11, 35
18/01/2017, 115, 56, 21, 5, 14, 70
19/01/2017, 147, 32, 9, 6, 13, 40
20/01/2017, 82, 40, 9, 7, 13, 27
21/01/2017, 114, 42, 8, 6, 15, 23
22/01/2017, 120, , , , , 
23/01/2017, , 49, 19, 21, 17, 71
24/01/2017, 129, 52, 21, 14, 14, 51
25/01/2017, 141, 47, 18, 15, 14, 47
26/01/2017, 129, 39, 15, 10, 13, 32
27/01/2017, 112, 26, 13, 6, 10, 16
28/01/2017, 81, 17, 4, 6, 10, 20
29/01/2017, 62, 19, 6, 7, 12, 20
30/01/2017, 68, 26, 9, 9, 12, 33
31/01/2017, 82, 23, 6, 6, 14, 34
01/02/2017, 76, 26, 4, 8, 13, 39
02/02/2017, 80, 24, 4, 7, 14, 40
03/02/2017, 77, 21, 9, 7, 11, 23
04/02/2017, 70, 25, 5, 7, 11, 30
05/02/2017, 78, 22, 3, 8, 12, 37
06/02/2017, 71, 19, 3, 6, 12, 28
07/02/2017, 62, 21, 4, 6, 13, 37
08/02/2017, 63, 17, 3, 9, 12, 29
09/02/2017, 59, 123, 7, 11, 15, 18
10/02/2017, 98, 44, 9, 12, 15, 
11/02/2017, 125, 44, 12, 14, 15, 
12/02/2017, 123, 47, 13, 22, 23, 
13/02/2017, 128, 50, 14, 14, 14, 
14/02/2017, 140, 41, 12, 16, 19, 
15/02/2017, 113, 23, 3, 11, 13, 
16/02/2017, 74, , , , , 
19/02/2017, , 14, 2, 6, 11, 
20/02/2017, 45, 10, 10, 5, 12, 
21/02/2017, 39, 10, 13, 3, 11, 
22/02/2017, 39, 14, 2, 5, 12, 
23/02/2017, 53, 16, , 9, 13, 
24/02/2017, 59, 16, 2, 9, 12, 
25/02/2017, 59, 20, 4, 9, 14, 
26/02/2017, 69, 21, 4, 14, 14, 
27/02/2017, 70, 27, 7, 12, 24, 
28/02/2017, 83, 49, 14, 10, 13, 
01/03/2017, 126, 74, 20, 12, 16, 
02/03/2017, 156, 70, 4, 15, 17, 
03/03/2017, 151, 63, 5, 10, 13, 
04/03/2017, 150, 55, 7, 7, 13, 
05/03/2017, 131, 58, 1, 6, 17, 
06/03/2017, 137, 53, 3, 6, 13, 
07/03/2017, 142, , , , , 
09/03/2017, , 73, , 12, 12, 
10/03/2017, 160, 60, , 4, 11, 
11/03/2017, 151, 36, , 4, 10, 
12/03/2017, 92, 35, , 3, 10, 
13/03/2017, 88, , , , , 
14/03/2017, , 46, 15, 1, 11, 
15/03/2017, 108, 40, 21, 2, 16, 
16/03/2017, 110, 43, 18, 3, 13, 
17/03/2017, 106, 40, 19, 4, 10, 
18/03/2017, 99, 30, 20, 4, 10, 
19/03/2017, 78, 35, 15, 4, 10, 
20/03/2017, 80, 28, 12, 5, 10, 
21/03/2017, 68, 31, 11, 4, 10, 
22/03/2017, 74, 30, 11, 4, 10, 
23/03/2017, 75, 29, 13, 3, 10, 
24/03/2017, 73, 28, 11, 6, 13, 
25/03/2017, 69, 34, 10, 7, 13, 
26/03/2017, 77, 46, 10, 10, 14, 
27/03/2017, 96, 60, 18, 13, 16, 
28/03/2017, 136, 48, 18, 8, 12, 
29/03/2017, 116, 43, 15, 24, 14, 
30/03/2017, 101, 25, 10, 19, 13, 
31/03/2017, 68, 37, 11, 22, 14, 
01/04/2017, 87, 48, 13, 34, 16, 
02/04/2017, 106, 52, 16, 36, 17, 
03/04/2017, 116, 34, 9, 20, 13, 
04/04/2017, 83, 37, 12, 17, 13, 
05/04/2017, 88, 34, 13, 14, 13, 
06/04/2017, 83, 32, 18, 12, 12, 
07/04/2017, 79, 35, 20, 11, 12, 
08/04/2017, 84, 40, 18, 14, 13, 
09/04/2017, 92, 46, 18, 18, 14, 
10/04/2017, 101, 44, 15, 28, 14, 
11/04/2017, 94, 34, 12, 19, 13, 
12/04/2017, 83, 18, 14, 55, 15, 
13/04/2017, 48, 23, 14, 75, 14, 
14/04/2017, 55, 4, 4, 39, 12, 
15/04/2017, 14, , , , , 
16/04/2017, , 14, 19, 69, 12, 
17/04/2017, 39, 8, 17, 36, 12, 
18/04/2017, 26, 10, 22, 51, 13, 
19/04/2017, 30, 24, 15, 27, 13, 
20/04/2017, 53, 50, 14, 22, 13, 
21/04/2017, 113, , , , , 
24/04/2017, , 33, 13, 24, 13, 
25/04/2017, 78, 41, 16, 25, 13, 
26/04/2017, 98, 28, 15, 19, 13, 
27/04/2017, 72, 38, 17, 29, 14, 
28/04/2017, 82, 42, 13, 30, 14, 
29/04/2017, 87, 35, 14, 22, 13, 
30/04/2017, 87, 30, 12, 16, 12, 
01/05/2017, 73, 30, 9, 15, 12, 
02/05/2017, 73, 36, 9, 17, 12, 
03/05/2017, 83, 34, 16, 22, 13, 
04/05/2017, 81, 30, 10, 26, 13, 
05/05/2017, 71, 35, 13, 24, 13, 
06/05/2017, 85, 30, 11, 21, 13, 
07/05/2017, 74, 26, 10, 17, 12, 
08/05/2017, 65, 27, 11, 20, 13, 
09/05/2017, 66, 26, 11, 19, 12, 
10/05/2017, 66, 24, 9, 14, 12, 
11/05/2017, 60, 21, 16, 16, 12, 
12/05/2017, 60, 27, 12, 25, 12, 
13/05/2017, 68, 24, 9, 16, 12, 
14/05/2017, 61, 22, 11, 16, 12, 
15/05/2017, 57, 28, 12, 16, 12, 
16/05/2017, 70, , , , , 
17/05/2017, , 26, 13, 17, 12, 
18/05/2017, 75, 15, 13, 13, 12, 
19/05/2017, 56, 24, 11, 18, 12, 
20/05/2017, 64, 32, 17, 18, 13, 
21/05/2017, 78, 27, 12, 15, 12, 
22/05/2017, 65, 31, 11, 17, 12, 
23/05/2017, 72, 21, 14, 18, 11, 
24/05/2017, 60, 25, 13, 17, 11, 
25/05/2017, 61, 26, 12, 21, 11, 
26/05/2017, 55, 37, 15, 24, 12, 
27/05/2017, 81, 47, 16, 27, 12, 
28/05/2017, 102, 58, 17, 28, 12, 
29/05/2017, 136, , , , , 
30/05/2017, , 30, 13, 19, 13, 
31/05/2017, 72, 29, 15, 14, 14, 
01/06/2017, 59, 34, 16, 15, 16, 
02/06/2017, 62, 27, 15, 14, 17, 
03/06/2017, 45, 26, 17, 14, 17, 
04/06/2017, 49, 25, 17, 15, 18, 
05/06/2017, 47, 9, 14, 13, 14, 
06/06/2017, 22, 3, 13, 13, 12, 
07/06/2017, 10, 4, 14, 12, 13, 
08/06/2017, 12, 3, 14, 11, 13, 
09/06/2017, 8, 4, 14, 11, 13, 
10/06/2017, 10, , , , , 
11/06/2017, , 5, 13, 13, 14, 
12/06/2017, 14, 2, 15, 14, 13, 
13/06/2017, 7, 2, 16, 10, 14, 
14/06/2017, 7, 4, 16, 12, 14, 
15/06/2017, 10, 3, 15, 13, 14, 
16/06/2017, 9, 2, 14, 11, 13, 
17/06/2017, 6, 2, 15, 11, 13, 
18/06/2017, 8, 3, 13, 11, 13, 
19/06/2017, 10, , , , , 
20/06/2017, , 2, 14, 13, 13, 
21/06/2017, 4, 3, 14, 13, 14, 
22/06/2017, 6, 9, 17, 10, 14, 
23/06/2017, 21, 21, 17, 9, 14, 
24/06/2017, 52, 23, 17, 11, 14, 
25/06/2017, 54, 31, 17, 10, 14, 
26/06/2017, 68, 23, 18, 9, 15, 
27/06/2017, 56, 21, 19, 8, 14, 
28/06/2017, 53, 27, 19, 9, 13, 
29/06/2017, 64, 30, 21, 10, 14, 
30/06/2017, 62, 36, 21, 11, 14, 
01/07/2017, 66, 34, 23, 11, 14, 
02/07/2017, 64, 23, 23, 10, 14, 
03/07/2017, 49, 6, 25, 10, 13, 
04/07/2017, 11, 5, 26, 8, 13, 
05/07/2017, 8, 3, 26, 8, 13, 
06/07/2017, 5, 3, 26, 9, 13, 
07/07/2017, 7, 2, 24, 9, 13, 
08/07/2017, 5, 2, 34, 8, 13, 
09/07/2017, 5, 2, 23, 8, 13, 
10/07/2017, 7, 2, 22, 8, 13, 
11/07/2017, 5, 20, 21, 8, 13, 
12/07/2017, 36, 33, 21, 8, 13, 
13/07/2017, 64, 28, 21, 9, 14, 
14/07/2017, 46, 25, 21, 8, 13, 
15/07/2017, 57, 20, 20, 8, 13, 
16/07/2017, 47, 14, 22, 7, 13, 
17/07/2017, 39, 23, 20, 8, 13, 
18/07/2017, 61, 18, 22, 8, 13, 
19/07/2017, 51, 21, 21, 7, 13, 
20/07/2017, 55, 27, 20, 8, 13, 
21/07/2017, 58, 24, 24, 9, 13, 
22/07/2017, 63, 20, 18, 10, 14, 
23/07/2017, 47, 39, 20, 13, 14, 
24/07/2017, 82, 35, 18, 7, 13, 
25/07/2017, 96, , , , , 
06/08/2017, , 21, 13, 17, 13, 
07/08/2017, 44, 22, 19, 12, 15, 
08/08/2017, 44, 23, 18, 7, 14, 
09/08/2017, 57, , , , , 
10/08/2017, , 21, 14, 9, 12, 
11/08/2017, 46, 17, 19, 9, 13, 
12/08/2017, 32, 26, 18, 10, 15, 
13/08/2017, 60, 27, 18, 10, 15, 
14/08/2017, 67, 16, 20, 7, 13, 
15/08/2017, 46, 13, 19, 8, 14, 
16/08/2017, 41, 15, 18, 8, 14, 
17/08/2017, 48, 33, 18, 8, 13, 
18/08/2017, 91, 28, 17, 13, 15, 
19/08/2017, 70, , , , , 
21/08/2017, , 25, 16, 2, 15, 
22/08/2017, 62, 35, 18, 2, 16, 
23/08/2017, 82, 102, 498, 3, 15, 
24/08/2017, 35, 53, 5, 1, 13, 
25/08/2017, 90, 18, , , 14, 
26/08/2017, 57, 21, , , 14, 
27/08/2017, 58, 19, , , 14, 
28/08/2017, 51, 12, , , 14, 
29/08/2017, 38, 13, , , 14, 
30/08/2017, 39, 29, , , 15, 
31/08/2017, 79, 21, , , 15, 
01/09/2017, 58, 14, , , 15, 
02/09/2017, 45, 12, , , 14, 
03/09/2017, 39, 24, , , 15, 
04/09/2017, 68, 18, , , 15, 
05/09/2017, 52, 18, , , 14, 
06/09/2017, 53, , , , , 
08/09/2017, , 12, , , 15, 
09/09/2017, 40, 7, , , 13, 
10/09/2017, 26, , , , , 
18/09/2017, , 18, , , 13, 
19/09/2017, 50, 18, , , 14, 
20/09/2017, 45, 23, , , 13, 
21/09/2017, 63, 24, , , 13, 
22/09/2017, 72, , , , , 
24/09/2017, , 14, , , 13, 
25/09/2017, 53, 15, , , 13, 
26/09/2017, 36, 23, , , 13, 
27/09/2017, 62, 24, , , 14, 
28/09/2017, 59, 24, , , 14, 
29/09/2017, 61, 21, , , 14, 
30/09/2017, 55, 10, , , 13, 
01/10/2017, 30, 23, , , 17, 
02/10/2017, 54, 14, , , 13, 
03/10/2017, 48, 13, , , 13, 
04/10/2017, 42, 16, , , 13, 
05/10/2017, 48, 17, , , 13, 
06/10/2017, 50, 10, , , 13, 
07/10/2017, 38, , , , , 
10/10/2017, , 8, , , 13, 
11/10/2017, 33, 17, , , 13, 
12/10/2017, 56, 17, , , 13, 
13/10/2017, 54, 18, , , 12, 
14/10/2017, 59, 13, , , 14, 
15/10/2017, 42, 7, , , 12, 
16/10/2017, 30, 4, , , 12, 
17/10/2017, 14, 5, , , 12, 
18/10/2017, 17, 16, , , 13, 
19/10/2017, 49, , , , , 
22/10/2017, , 15, , , 14, 
23/10/2017, 46, 6, , , 13, 
24/10/2017, 20, 12, , , 14, 
25/10/2017, 38, 18, , , 14, 
26/10/2017, 53, 6, , , 13, 
27/10/2017, 26, , , , , 
29/10/2017, , 34, , , 15, 
30/10/2017, 98, 26, , , 13, 
31/10/2017, 80, 31, , , 13, 
01/11/2017, 86, 30, , , 13, 
02/11/2017, 86, 29, , , 13, 
03/11/2017, 79, 23, , , 14, 
04/11/2017, 58, 23, , , 14, 
05/11/2017, 68, 19, , , 13, 
06/11/2017, 64, 11, , , 13, 
07/11/2017, 32, 11, , , 13, 
08/11/2017, 40, 4, , , 13, 
09/11/2017, 16, 7, , , 13, 
10/11/2017, 24, 8, , , 13, 
11/11/2017, 30, 4, , , 13, 
12/11/2017, 18, 2, , , 13, 
13/11/2017, 9, 5, , , 13, 
14/11/2017, 19, 10, , , 13, 
15/11/2017, 38, 7, , , 16, 
16/11/2017, 27, 7, , , 17, 
17/11/2017, 23, 7, , , 15, 
18/11/2017, 18, 5, , , 13, 
19/11/2017, 23, 7, , , 13, 
20/11/2017, 23, 9, , , 13, 
21/11/2017, 36, 8, , , 13, 
22/11/2017, 33, , , , , 
23/11/2017, , 6, , , 13, 
24/11/2017, 26, 5, , , 13, 
25/11/2017, 19, 5, , , 13, 
26/11/2017, 18, 3, , , 14, 
27/11/2017, 9, 60, , , 13, 
28/11/2017, 141, 65, , , 13, 
29/11/2017, 154, 61, , , 13, 
30/11/2017, 146, 30, , , 13, 
01/12/2017, 83, 38, , , 13, 
02/12/2017, 108, 49, , , 14, 
03/12/2017, 125, 34, , , 13, 
04/12/2017, 96, 28, , , 13, 
05/12/2017, 79, 42, , , 13, 
06/12/2017, 111, 52, , , 37, 
07/12/2017, 142, 34, , , 36, 
08/12/2017, 99, 33, , , 37, 
09/12/2017, 93, 52, , , 36, 
10/12/2017, 144, 46, , , 37, 
11/12/2017, 129, 48, , , 35, 
12/12/2017, 140, 37, , , 36, 
13/12/2017, 102, 31, , , 35, 
14/12/2017, 85, 20, , , 36, 
15/12/2017, 63, 19, , , 36, 
16/12/2017, 59, 39, , , 36, 
17/12/2017, 109, 50, , , 38, 
18/12/2017, 131, 38, , , 44, 
19/12/2017, 105, 46, , , 46, 
20/12/2017, 121, 44, , , 46, 
21/12/2017, 117, 52, , , 52, 
22/12/2017, 132, 56, , , 47, 
23/12/2017, 148, 44, , , 40, 
24/12/2017, 121, 56, , , 46, 
25/12/2017, 142, 66, , , 47, 
26/12/2017, 160, 55, , , 37, 
27/12/2017, 150, 44, , , 37, 
28/12/2017, 127, 52, , , 40, 
29/12/2017, 142, 20, , , 37, 
30/12/2017, 67, 33, , , 38, 
31/12/2017, 94, 46, , , 43, 
01/01/2018, 123, 60, , , 41, 
02/01/2018, 158, 43, , , 39, 
03/01/2018, 118, 40, , , 38, 
04/01/2018, 113, 28, , , 37, 
05/01/2018, 83, 23, , , 36, 
06/01/2018, 73, 21, , , 36, 
07/01/2018, 71, 14, , , 36, 
08/01/2018, 46, 31, , , 36, 
09/01/2018, 91, 35, , , 41, 
10/01/2018, 100, 39, , , 44, 
11/01/2018, 110, 43, , , 46, 
12/01/2018, 118, 51, , , 49, 
13/01/2018, 131, 55, , , 43, 
14/01/2018, 148, 55, , , 42, 
15/01/2018, 143, 45, , , 40, 
16/01/2018, 128, 44, , , 41, 
17/01/2018, 126, 38, , , 40, 
18/01/2018, 110, 26, , , 44, 
19/01/2018, 76, 34, , , 40, 
20/01/2018, 103, 33, , , 38, 
21/01/2018, 100, 21, , , 38, 
22/01/2018, 70, 18, , , 37, 
23/01/2018, 64, 19, , , 37, 
24/01/2018, 67, 14, , , 37, 
25/01/2018, 55, 15, , , 37, 
26/01/2018, 57, 16, , , 38, 
27/01/2018, 61, 14, , , 36, 
28/01/2018, 52, 22, , , 37, 
29/01/2018, 69, 39, , , 37, 
30/01/2018, 110, 39, , , 37, 
31/01/2018, 111, 39, , , 44, 
01/02/2018, 109, 36, , , 44, 
02/02/2018, 99, 33, , , 45, 
03/02/2018, 93, 36, , , 49, 
04/02/2018, 100, 38, , , 42, 
05/02/2018, 107, 38, , , 38, 
06/02/2018, 105, 41, , , 40, 
07/02/2018, 117, 39, , , 36, 
08/02/2018, 112, 12, , , 34, 
09/02/2018, 42, 44, , , 24, 
10/02/2018, 124, 38, , , 22, 
11/02/2018, 115, 40, , , 22, 
12/02/2018, 119, 44, , , 28, 
13/02/2018, 126, 15, , , 24, 
14/02/2018, 50, 6, , , 23, 
15/02/2018, 24, 17, , , 23, 
16/02/2018, 63, , , , , 
20/02/2018, , 10, , , 23, 
21/02/2018, 44, 11, , , 23, 
22/02/2018, 42, 9, , , 24, 
23/02/2018, 40, , , , , 
25/02/2018, , 7, , , 26, 
26/02/2018, 29, 1, , , 25, 
27/02/2018, 6, 1, , , 24, 
28/02/2018, 4, 1, , , 24, 
01/03/2018, 4, 1, , , 24, 
02/03/2018, 3, 1, , , 24, 
03/03/2018, 3, 1, , , 24, 
04/03/2018, 4, 1, , , 24, 
05/03/2018, 2, , , , 24, 
06/03/2018, , , , , 24, 
07/03/2018, , 24, , , 25, 
08/03/2018, 55, 38, , , 29, 
09/03/2018, 82, 46, , , 29, 
10/03/2018, 94, 53, , , 30, 
11/03/2018, 121, 57, , , 26, 
12/03/2018, 135, 52, , , 27, 
13/03/2018, 123, 35, , , 27, 
14/03/2018, 86, 37, , , 26, 
15/03/2018, 88, 33, , , 28, 
16/03/2018, 78, 25, , , 27, 
17/03/2018, 73, 21, , , 26, 
18/03/2018, 62, 44, , , 28, 
19/03/2018, 83, 28, , , 31, 
20/03/2018, 61, , , , , 
29/03/2018, , 22, , , 30, 
30/03/2018, 68, 21, , , 29, 
31/03/2018, 67, 17, , , 29, 
01/04/2018, 60, 20, , , 32, 
02/04/2018, 65, 17, , , 30, 
03/04/2018, 54, 17, , , 30, 
04/04/2018, 55, 13, , , 30, 
05/04/2018, 47, 10, , , 29, 
06/04/2018, 36, 18, , , 31, 
07/04/2018, 40, , , , , 
18/04/2018, , 3, , , 32, 
19/04/2018, 14, 2, , , 32, 
20/04/2018, 8, , , , , 
25/04/2018, , 2, , , 38, 
26/04/2018, 8, , , , , 
16/05/2018, , 20, , , 28, 
17/05/2018, 47, 19, , , 28, 
18/05/2018, 48, 15, , , 28, 
19/05/2018, 60, , , , , 
27/05/2018, , 44, , , 29, 
28/05/2018, 85, 53, , , 29, 
29/05/2018, 105, 52, , , 29, 
30/05/2018, 107, 51, , , 29, 
31/05/2018, 114, 52, , , 29, 
01/06/2018, 122, 50, , , 29, 
02/06/2018, 108, 44, , , 29, 
03/06/2018, 94, 55, , , 29, 
04/06/2018, 109, 28, , , 29, 
05/06/2018, 55, 46, , , 30, 
06/06/2018, 87, 64, , , 30, 
07/06/2018, 127, 78, , , 31, 
08/06/2018, 146, 187, , , 30, 
09/06/2018, 299, 152, , , 30, 
10/06/2018, 219, 105, , , 30, 
11/06/2018, 184, 62, , , 30, 
12/06/2018, 102, 51, , , 31, 
13/06/2018, 67, 61, , , 30, 
14/06/2018, 110, 45, , , 30, 
15/06/2018, 88, 71, , , 30, 
16/06/2018, 143, 59, , , 30, 
17/06/2018, 106, 72, , , 31, 
18/06/2018, 128, 70, , , 31, 
19/06/2018, 119, 68, , , 31, 
20/06/2018, 111, 102, , , 31, 
21/06/2018, 171, , , , , 
26/06/2018, , 35, , , 32, 
27/06/2018, 89, , , , , 
25/07/2018, , 71, , , , 
26/07/2018, 95, 98, , , , 
27/07/2018, 180, , , , , 
03/05/2019, , , 13, , , 
04/05/2019, , , 17, , , 
05/05/2019, , , 71, , , 
06/05/2019, , , 24, , , 
07/05/2019, , , 56, , , 
08/05/2019, , , 25, , , 
09/05/2019, , , 5, , , 
10/05/2019, , , 4, , , 
11/05/2019, , , , , , 
12/05/2019, , , , , , 
13/05/2019, , , , , , 
14/05/2019, , , , , , 
15/05/2019, , , , , , 
16/05/2019, , , , 24, , 
17/05/2019, , , , 25, , 
18/05/2019, , , , 26, , 
19/05/2019, , , , 20, , 
20/05/2019, , , , 19, , 
21/05/2019, , , , 13, , 
22/05/2019, , , , , , 
23/05/2019, , , , , , 
24/05/2019, , , , , , 
25/05/2019, , , , , , 
26/05/2019, , , , , , 
27/05/2019, , , , , , 
28/05/2019, , , , , , 
29/05/2019, , , , , , 
30/05/2019, , , , , , 
31/05/2019, , , , , , 
01/06/2019, , , , , , 
02/06/2019, , , , , , 
03/06/2019, , , , , , 
04/06/2019, , , , , , 
05/06/2019, , , , , , 
06/06/2019, , , , , , 
07/06/2019, , , , , , 
08/06/2019, , , , , , 
09/06/2019, , , , , , 
10/06/2019, , , , , , 
11/06/2019, , , , , , 
12/06/2019, , , , , , 
13/06/2019, , , , , , 
14/06/2019, , , , , , 
15/06/2019, , , , , , 
16/06/2019, , , , , , 
17/06/2019, , , , , , 
18/06/2019, , , , , , 
19/06/2019, , , , , , 
20/06/2019, , , , , , 
21/06/2019, , , , , , 
22/06/2019, , , , , , 
23/06/2019, , , , , , 
24/06/2019, , , , , , 
25/06/2019, , , , , , 
26/06/2019, , , , , , 
27/06/2019, , 3, 26, 19, , 17
28/06/2019, 4, 7, 50, 28, , 18
29/06/2019, 14, 5, 33, 18, , 14
30/06/2019, 11, 6, 22, 21, , 15
01/07/2019, 14, 6, 28, 18, , 14
02/07/2019, 17, 6, 26, 14, , 
03/07/2019, 16, 3, 16, 15, , 
04/07/2019, 10, 5, 14, 23, , 7
05/07/2019, 10, 5, 18, 21, , 6
06/07/2019, 9, 6, 26, 23, , 6
07/07/2019, 12, 7, 20, 25, , 7
08/07/2019, 12, 7, 42, 21, , 6
09/07/2019, 13, 5, 21, 21, , 6
10/07/2019, 13, 7, 11, 26, , 9
11/07/2019, 13, 7, 15, 23, , 7
12/07/2019, 14, 8, 13, 24, , 7
13/07/2019, 13, 9, 11, 17, , 7
14/07/2019, 20, 9, 14, 24, , 11
15/07/2019, 21, 9, 441, 28, , 10
16/07/2019, 21, 7, 151, 24, , 8
17/07/2019, 14, 8, 16, 24, , 8
18/07/2019, 17, 9, 18, 27, , 8
19/07/2019, 21, 6, 14, 24, , 4
20/07/2019, 14, 7, 13, 26, , 7
21/07/2019, 14, 7, 46, 28, , 9
22/07/2019, 14, 7, 19, 28, , 10
23/07/2019, 14, 3, 28, 24, , 6
24/07/2019, 7, , 18, 21, , 7
27/07/2019, , , 15, 22, , 10
28/07/2019, , , 17, 24, , 9
29/07/2019, , 6, 32, 24, , 8
30/07/2019, 16, 7, 34, 16, , 4
31/07/2019, 21, 6, 14, 19, , 6
01/08/2019, 17, 4, 17, 14, , 6
02/08/2019, 13, 4, 17, 8, , 2
03/08/2019, 13, 6, 18, 16, , 8
04/08/2019, 18, , , 21, , 9
05/08/2019, , , , 20, , 7
06/08/2019, , , , 27, , 7
07/08/2019, , , , 21, , 7
08/08/2019, , , , 18, , 6
09/08/2019, , , 13, 17, , 7
10/08/2019, , , , 16, , 6
11/08/2019, , , , 8, , 7
12/08/2019, , , , 9, , 7
13/08/2019, , , , 10, , 5
14/08/2019, , , , 9, , 5
15/08/2019, , , , 10, , 7
16/08/2019, , , , 8, , 7
17/08/2019, , , , 7, , 5
18/08/2019, , , , 10, , 7
19/08/2019, , 4, 22, 11, , 7
20/08/2019, 8, , , 9, , 10
21/08/2019, , , , 10, , 10
22/08/2019, , , , 6, , 5
23/08/2019, , , , 6, , 5
24/08/2019, , , , 8, , 6
25/08/2019, , , , 8, , 10
13/09/2019, , 8, 34, 11, , 7
14/09/2019, 18, 13, 43, 9, , 7
15/09/2019, 31, 12, 36, 11, , 9
16/09/2019, 30, 29, 36, 9, , 6
17/09/2019, 54, 37, 32, 6, , 5
18/09/2019, 74, 28, 22, 7, , 7
19/09/2019, 60, 38, 39, 7, , 8
20/09/2019, 75, 36, 30, 6, , 4
21/09/2019, 61, 38, 45, 10, , 5
22/09/2019, 53, 63, 57, 15, , 6
23/09/2019, 102, 72, 46, 18, , 8
24/09/2019, 113, 76, 63, 17, , 7
25/09/2019, 122, 75, 51, 15, , 6
26/09/2019, 132, 71, 59, 18, , 8
27/09/2019, 122, 84, 58, 21, , 10
28/09/2019, 146, 88, 54, 19, , 7
29/09/2019, 154, 99, 63, 16, , 8
30/09/2019, 175, 84, 50, 17, , 9
01/10/2019, 150, 64, 20, 14, , 9
02/10/2019, 116, 41, 18, 11, , 8
03/10/2019, 86, 57, 14, 13, , 11
04/10/2019, 120, 51, 22, 10, , 8
05/10/2019, 94, 52, 26, 8, , 5
06/10/2019, 94, 61, 29, 10, , 5
07/10/2019, 105, 26, 16, 5, , 4
08/10/2019, 58, 20, 14, 6, , 5
09/10/2019, 42, 54, 15, 9, , 6
10/10/2019, 109, 35, 15, 10, , 6
11/10/2019, 56, 36, 15, 10, , 5
12/10/2019, 61, 36, 15, 8, , 4
13/10/2019, 67, 29, 18, 5, , 2
14/10/2019, 58, 30, 20, 6, , 2
15/10/2019, 60, 39, 40, 6, , 5
16/10/2019, 76, 45, 35, , , 7
17/10/2019, 97, 24, 21, 23, , 4
18/10/2019, 48, 29, 34, , , 5
19/10/2019, 49, 46, 41, , , 5
20/10/2019, 94, 56, 27, , , 7
21/10/2019, 118, 36, 22, , , 3
22/10/2019, 68, 28, 22, , , 4
23/10/2019, 55, 16, 17, , , 2
24/10/2019, 35, 32, 16, , , 2
25/10/2019, 67, 52, 23, , , 1
26/10/2019, 112, 44, 15, , , 1
27/10/2019, 95, 29, 13, , , 1
28/10/2019, 64, 23, 27, , , 1
29/10/2019, 40, 47, 34, , , 2
30/10/2019, 90, 53, 20, , , 1
31/10/2019, 103, 23, 19, , , 
01/11/2019, 61, 26, 13, , , 
02/11/2019, 62, 32, 20, , , 
03/11/2019, 71, 38, 33, , , 1
04/11/2019, 70, 62, 46, , , 2
05/11/2019, 120, 78, 35, , , 1
06/11/2019, 157, 69, 39, , , 10
07/11/2019, 149, 56, 41, , , 7
08/11/2019, 118, 64, 49, , , 8
09/11/2019, 131, 74, 54, , , 6
10/11/2019, 164, 76, 45, , , 8
11/11/2019, 165, 96, 44, , , 9
12/11/2019, 217, 53, 15, , , 7
13/11/2019, 117, 29, 14, , , 8
14/11/2019, 56, 53, 21, , , 9
15/11/2019, 101, 48, 27, , , 6
16/11/2019, 91, 31, 17, , , 4
17/11/2019, 61, 27, 16, , , 7
18/11/2019, 53, 32, 18, , , 5
19/11/2019, 59, 61, 19, , , 9
20/11/2019, 105, 71, 15, , , 9
21/11/2019, 131, 73, 14, , , 12
22/11/2019, 128, 70, 14, , , 12
23/11/2019, 120, 57, 8, , , 11
24/11/2019, 89, 64, 13, , , 13
25/11/2019, 101, 65, 12, , , 11
26/11/2019, 113, 71, 14, , , 10
27/11/2019, 124, 47, 10, , , 6
28/11/2019, 69, 54, 10, , , 9
29/11/2019, 84, 68, 7, , , 12
30/11/2019, 126, 54, 11, , , 7
01/12/2019, 96, 30, 16, , , 6
02/12/2019, 44, 48, 16, 37, 6, 9
03/12/2019, 82, 59, 19, 20, 7, 8
04/12/2019, 107, 51, 20, 15, 6, 5
05/12/2019, 84, 42, 20, 15, 4, 6
06/12/2019, 65, 64, 21, 22, 6, 9
07/12/2019, 116, 74, 23, 27, 9, 11
08/12/2019, 139, 85, 26, 31, 11, 15
09/12/2019, 153, 91, 26, 33, 9, 15
10/12/2019, 167, 95, 28, 35, 10, 18
11/12/2019, 177, 119, 3, 29, 8, 15
12/12/2019, 213, 78, 22, 33, 8, 14
13/12/2019, 156, 83, 9, 25, 6, 12
14/12/2019, 166, 50, 6, 20, 5, 10
15/12/2019, 95, 34, 4, 12, 3, 10
16/12/2019, 64, 28, 8, 18, 4, 13
17/12/2019, 50, 26, 6, 11, 3, 11
18/12/2019, 46, 35, 6, 13, 4, 11
19/12/2019, 63, 43, 6, 13, 4, 8
20/12/2019, 84, 52, 6, 11, 3, 9
21/12/2019, 102, 49, 5, 11, 3, 9
22/12/2019, 90, 76, 5, 12, 4, 15
23/12/2019, 154, 94, 4, 20, 4, 20
24/12/2019, 168, 41, 6, 15, 2, 9
25/12/2019, 49, 51, 6, 17, 5, 10
26/12/2019, 75, 44, 6, 11, 3, 7
27/12/2019, 68, 65, 6, 19, 7, 8
28/12/2019, 117, 74, 8, 22, 5, 11
29/12/2019, 144, , , , , 
31/12/2019, , 80, 4, 28, 4, 15
01/01/2020, 153, 65, 5, 25, 4, 15
02/01/2020, 118, 44, 6, 21, 3, 10
03/01/2020, 59, 44, 6, 21, 3, 12
04/01/2020, 70, 46, 6, 18, 2, 9
05/01/2020, 66, 47, 7, 17, 2, 9
06/01/2020, 63, 51, 6, 22, 2, 13
07/01/2020, 84, 48, 6, 18, 3, 12
08/01/2020, 62, 49, 6, 22, 4, 11
09/01/2020, 70, 41, 6, 15, 3, 8
10/01/2020, 52, 42, 6, 12, 3, 9
11/01/2020, 57, 38, 7, 13, 4, 8
12/01/2020, 61, 77, 4, 19, 8, 14
13/01/2020, 149, 90, 5, 28, 8, 18
14/01/2020, 171, 37, 6, 13, 3, 7
15/01/2020, 54, 41, 6, 15, 6, 12
16/01/2020, 60, 36, 8, 13, 5, 8
17/01/2020, 62, 49, 8, 12, 3, 10
18/01/2020, 97, 36, 10, 10, 3, 7
19/01/2020, 66, 46, 12, 13, 3, 11
20/01/2020, 92, 67, 7, 20, 4, 15
21/01/2020, 140, 56, 9, 15, 3, 14
22/01/2020, 111, 31, 12, 9, 2, 7
23/01/2020, 53, 23, 11, 6, 2, 5
24/01/2020, 43, 19, 17, 5, 2, 4
25/01/2020, 35, 15, 18, 9, 2, 5
26/01/2020, 23, 24, 15, 9, 3, 5
27/01/2020, 36, 36, 14, 9, 3, 5
28/01/2020, 62, 46, 14, 7, 3, 5
29/01/2020, 86, 56, 13, 16, 3, 8
30/01/2020, 115, 57, 9, 26, 5, 10
31/01/2020, 109, 70, 10, 20, 4, 9
01/02/2020, 142, 83, 12, 15, 4, 10
02/02/2020, 171, 60, 14, 10, 3, 13
03/02/2020, 124, 15, 18, 1, 3, 5
04/02/2020, 29, 24, 19, 1, 4, 9
05/02/2020, 46, 58, 6, 6, 4, 15
06/02/2020, 107, 57, 2, 6, 3, 15
07/02/2020, 108, 33, 2, , 4, 8
08/02/2020, 58, 15, 5, , 3, 5
09/02/2020, 27, 43, 3, , 7, 11
10/02/2020, 77, 52, 8, , 5, 11
11/02/2020, 99, 57, 4, 26, 4, 14
12/02/2020, 108, 42, 8, 21, 3, 15
13/02/2020, 81, 30, 14, 16, 3, 12
14/02/2020, 51, 40, 15, 18, 3, 12
15/02/2020, 62, 27, 15, 12, 4, 4
16/02/2020, 36, 40, 13, 17, 6, 6
17/02/2020, 64, 52, 14, 28, 15, 8
18/02/2020, 84, 63, 7, 33, 18, 10
19/02/2020, 116, 86, 6, 25, 8, 11
20/02/2020, 160, 98, 6, 26, 5, 12
21/02/2020, 189, 82, 16, 30, 5, 16
22/02/2020, 168, 71, 13, 32, 5, 14
23/02/2020, 137, 51, 12, 25, 4, 9
24/02/2020, 90, 47, 7, 20, 4, 9
25/02/2020, 81, 42, 5, 29, 4, 13
26/02/2020, 65, 41, 7, 24, 4, 10
27/02/2020, 66, 33, 7, 18, 3, 9
28/02/2020, 48, 34, 11, 16, 3, 7
29/02/2020, 47, 32, 12, 15, 3, 8
01/03/2020, 51, 28, 11, 14, 3, 9
02/03/2020, 43, 22, 11, 15, 3, 6
03/03/2020, 34, 23, 28, 17, 4, 6
04/03/2020, 38, 31, 8, 13, 4, 9
05/03/2020, 51, 61, 10, 22, 6, 12
06/03/2020, 112, 45, 9, 21, 4, 12
07/03/2020, 72, 45, 17, 18, 3, 9
08/03/2020, 76, 54, 33, 18, 3, 9
09/03/2020, 100, 45, 17, 17, 4, 7
10/03/2020, 70, 52, 15, 28, 6, 12
11/03/2020, 83, 40, 13, 21, 4, 13
12/03/2020, 71, 40, 14, 14, 4, 11
13/03/2020, 74, 37, 13, 16, 5, 8
14/03/2020, 60, 51, 10, 18, 6, 9
15/03/2020, 95, 59, 5, 22, 7, 17
16/03/2020, 121, 31, 11, 21, 4, 16
17/03/2020, 59, 16, 7, 9, 4, 8
18/03/2020, 32, 17, 7, 8, 4, 6
19/03/2020, 31, 47, 8, 22, 5, 12
20/03/2020, 80, 31, 16, 13, 4, 9
21/03/2020, 57, 22, 15, 8, 4, 7
22/03/2020, 40, 27, 14, 11, 4, 10
23/03/2020, 48, 19, 14, 7, 4, 6
24/03/2020, 31, 17, 14, 7, , 5
25/03/2020, 27, 13, 14, 4, , 4
26/03/2020, 23, 19, 17, 5, , 7
27/03/2020, 32, 21, 14, 4, , 6
28/03/2020, 34, 14, 46, 2, 4, 4
29/03/2020, 25, , , , , 
31/03/2020, , 36, 7, 6, 5, 5
01/04/2020, 65, 28, 5, 3, 5, 6
02/04/2020, 54, 25, 7, 6, 5, 8
03/04/2020, 48, 15, 6, 2, 5, 4
04/04/2020, 28, 8, 13, 1, 5, 4
05/04/2020, 14, 18, 11, 6, 5, 6
06/04/2020, 34, 36, 21, 7, 5, 6
07/04/2020, 69, 46, 17, 12, 5, 9
08/04/2020, 89, 41, 25, 11, 6, 8
09/04/2020, 76, 33, 23, 11, 6, 8
10/04/2020, 60, 22, 18, 6, 5, 6
11/04/2020, 42, 17, 22, 5, 5, 4
12/04/2020, 31, 22, 20, 5, 5, 4
13/04/2020, 42, 26, 38, 6, 6, 5
14/04/2020, 48, 31, 32, 8, 7, 6
15/04/2020, 57, 26, 17, 6, 4, 8
16/04/2020, 49, 15, 14, 2, 4, 5
17/04/2020, 28, 14, 17, 3, 4, 5
18/04/2020, 27, 17, 13, 1, 4, 6
19/04/2020, 33, 13, 14, 3, 34, 5
20/04/2020, 25, 15, 14, 4, 24, 7
21/04/2020, 24, 10, 13, 5, 15, 8
22/04/2020, 12, 6, 17, 2, 6, 5
23/04/2020, 7, 6, 16, 2, 10, 4
24/04/2020, 11, 11, 22, 3, 6, 5
25/04/2020, 15, 10, 18, 3, 6, 5
26/04/2020, 14, 11, 27, 8, 7, 8
27/04/2020, 17, 44, 37, 11, 16, 8
28/04/2020, 55, 67, 42, 10, 11, 10
29/04/2020, 99, 48, 24, 5, 6, 8
30/04/2020, 61, 35, 12, 6, 5, 8
01/05/2020, 49, 40, 23, 3, 5, 6
02/05/2020, 47, 33, 16, 4, 5, 8
03/05/2020, 41, 36, 21, 7, 5, 8
04/05/2020, 40, 39, 17, 6, 5, 10
05/05/2020, 47, 37, 13, 4, 5, 10
06/05/2020, 42, 41, 13, 5, 5, 10
07/05/2020, 51, 40, 17, 5, 5, 9
08/05/2020, 46, 40, 18, 5, 5, 10
09/05/2020, 52, 39, 25, 4, 5, 7
10/05/2020, 44, 32, 14, 5, 5, 10
11/05/2020, 37, 25, 14, 5, 5, 9
12/05/2020, 30, 28, 15, 4, 6, 9
13/05/2020, 32, 23, 19, 4, 6, 8
14/05/2020, 22, 27, 15, 3, 5, 6
15/05/2020, 32, 29, 18, 2, 6, 7
16/05/2020, 35, 24, 15, , 6, 7
17/05/2020, 26, 28, 30, , 6, 9
18/05/2020, 32, 39, 18, , 6, 10
19/05/2020, 49, 32, 17, , 6, 10
20/05/2020, 33, 45, 24, 12, 6, 11
21/05/2020, 44, 41, 15, 10, 6, 9
22/05/2020, 38, 28, 19, 7, 6, 8
23/05/2020, 37, 37, 17, 8, 6, 9
24/05/2020, 48, 30, 26, 7, 6, 9
25/05/2020, 34, 21, 20, 4, 7, 5
26/05/2020, 27, 27, 21, 7, 7, 7
27/05/2020, 35, 47, 24, 9, 8, 10
28/05/2020, 56, 35, 18, 9, 6, 9
29/05/2020, 41, 31, 19, 9, 6, 9
30/05/2020, 34, 32, 17, 6, 6, 7
31/05/2020, 28, 29, 16, 11, 7, 11
01/06/2020, 24, 39, 15, 11, 7, 11
02/06/2020, 41, 32, 31, 7, 6, 9
03/06/2020, 35, 32, 24, 7, 6, 8
04/06/2020, 36, 36, 24, 11, 6, 10
05/06/2020, 47, 40, 17, 13, 7, 10
06/06/2020, 51, 42, 18, 13, 8, 8
07/06/2020, 42, 39, 15, 11, 9, 7
08/06/2020, 36, 50, 26, 16, 10, 9
09/06/2020, 37, 36, 20, 14, 7, 8
10/06/2020, 33, 31, 17, 13, 7, 9
11/06/2020, 34, 30, 19, 13, 7, 7
12/06/2020, 29, 28, 17, 12, 7, 7
13/06/2020, 28, 28, 12, 12, 7, 9
14/06/2020, 35, 25, 12, 16, 6, 11
15/06/2020, 35, 26, 16, 11, 1, 6
16/06/2020, 21, 30, 13, 11, 2, 6
17/06/2020, 22, 25, 11, 11, 1, 7
18/06/2020, 18, 24, 12, 13, 1, 8
19/06/2020, 20, 23, 20, 10, 1, 5
20/06/2020, 21, 27, 23, 10, 1, 4
21/06/2020, 24, 28, 18, 13, 1, 7
22/06/2020, 21, 33, 22, 17, 2, 7
23/06/2020, 22, 36, 16, 18, 1, 8
24/06/2020, 23, 43, 20, 19, 2, 10
25/06/2020, 50, 30, 18, 11, 1, 6
26/06/2020, 23, 27, 27, 12, 1, 4
27/06/2020, 20, 27, 23, 11, 1, 4
28/06/2020, 23, 31, 18, 15, 3, 9
29/06/2020, 28, 31, 26, 17, 1, 8
30/06/2020, 30, 32, 17, 17, 2, 11
01/07/2020, 33, 30, 17, 17, 2, 11
02/07/2020, 32, 24, 18, 14, 2, 10
03/07/2020, 24, 19, 17, 15, 2, 10
04/07/2020, 24, 21, 16, 11, 2, 8
05/07/2020, 23, 20, 19, 9, 2, 6
06/07/2020, 20, 26, 23, 10, 2, 6
07/07/2020, 27, 27, 18, 11, 2, 7
08/07/2020, 24, 32, 18, 10, 2, 7
09/07/2020, 23, 35, 18, 11, 2, 8
10/07/2020, 22, 43, 18, 13, 4, 10
11/07/2020, 29, 37, 20, 13, 2, 10
12/07/2020, 34, 34, 24, 14, 2, 8
13/07/2020, 32, 29, 31, 17, 2, 8
14/07/2020, 31, 27, 24, 11, 2, 6
15/07/2020, 27, 25, 22, 7, 2, 6
16/07/2020, 24, 26, 22, 8, 2, 6
17/07/2020, 22, 27, 23, 8, 2, 5
18/07/2020, 24, 28, 22, 8, 2, 5
19/07/2020, 26, 24, 20, 9, 2, 10
20/07/2020, 29, 24, 14, 6, 4, 7
21/07/2020, 27, 21, 14, 5, 3, 6
22/07/2020, 20, 21, 14, , 3, 6
23/07/2020, 19, 24, 14, , 3, 8
24/07/2020, 25, 25, 16, , 3, 6
25/07/2020, 21, 21, 15, , 3, 6
26/07/2020, 23, 42, 15, , 4, 10
27/07/2020, 51, 53, 28, , 4, 12
28/07/2020, 76, 44, 16, , 3, 13
29/07/2020, 54, 37, 15, 12, 3, 11
30/07/2020, 44, 33, 16, 16, 3, 9
31/07/2020, 43, 24, 14, 9, 3, 4
01/08/2020, 31, 10, 13, 6, 3, 4
02/08/2020, 15, 20, 13, 10, 4, 12
03/08/2020, 32, 19, 12, 9, 4, 13
04/08/2020, 27, 20, 13, 10, 3, 15
05/08/2020, 29, 13, 12, 8, 3, 13
06/08/2020, 20, 15, 12, 6, 3, 14
07/08/2020, 21, 20, 13, 6, 3, 21
08/08/2020, 24, 19, 13, 8, 3, 21
09/08/2020, 23, 24, 17, 14, 3, 21
10/08/2020, 26, 19, 8, 19, 4, 11
11/08/2020, 14, 21, 12, 12, 4, 10
12/08/2020, 23, 13, 12, 11, 3, 9
13/08/2020, 17, 13, 11, 7, 4, 10
14/08/2020, 19, 16, 6, 8, 4, 10
15/08/2020, 22, 32, 6, 9, 4, 9
16/08/2020, 43, 13, 6, 9, 4, 10
17/08/2020, 19, 8, , 8, 4, 11
18/08/2020, 13, 21, , 12, 4, 14
19/08/2020, 28, 30, , 12, 4, 8
20/08/2020, 41, 19, , 17, 4, 14
21/08/2020, 23, 19, , 11, 4, 7
22/08/2020, 26, 24, , 10, 4, 8
23/08/2020, 32, 22, , 12, 4, 9
24/08/2020, 26, 19, , 9, 4, 7
25/08/2020, 21, 26, , 13, 4, 7
26/08/2020, 30, 39, , 16, 4, 7
27/08/2020, 50, 30, , 15, 4, 11
28/08/2020, 38, 26, , 15, 4, 9
29/08/2020, 32, 30, , 17, 5, 8
30/08/2020, 37, 32, , 14, 5, 9
31/08/2020, 40, 32, , 18, 5, 9
01/09/2020, 40, 51, , 15, 4, 7
02/09/2020, 76, 48, , 21, 4, 11
03/09/2020, 71, 38, , 18, 4, 12
04/09/2020, 55, 28, , 12, 4, 7
05/09/2020, 35, 23, , 13, 4, 7
06/09/2020, 28, 12, , 12, 4, 7
07/09/2020, 17, 36, , 19, 5, 12
08/09/2020, 47, 23, , 14, 6, 11
09/09/2020, 30, 24, , 10, 5, 11
10/09/2020, 31, 23, , 15, 5, 12
11/09/2020, 28, 22, , 11, 4, 11
12/09/2020, 28, 17, , 9, 4, 9
13/09/2020, 25, 18, , 10, 5, 13
14/09/2020, 23, 18, , 9, 5, 10
15/09/2020, 22, 21, , 10, 5, 11
16/09/2020, 25, 28, , 14, 5, 12
17/09/2020, 33, 12, , 6, 5, 3
18/09/2020, 15, 12, , 7, 5, 5
19/09/2020, 18, 24, , 9, 5, 10
20/09/2020, 36, 28, , 10, 6, 12
21/09/2020, 40, 14, , 8, 5, 11
22/09/2020, 19, 20, , 9, 6, 12
23/09/2020, 27, 14, , 10, 5, 7
24/09/2020, 19, 27, , 13, 6, 10
25/09/2020, 37, 16, , 10, 5, 9
26/09/2020, 22, 13, , 6, 5, 6
27/09/2020, 20, 22, , 15, 5, 10
28/09/2020, 32, 31, , 16, 5, 11
29/09/2020, 44, 22, , 13, 5, 12
30/09/2020, 28, 16, , 13, 5, 14
01/10/2020, 22, 26, , 17, 6, 13
02/10/2020, 37, 28, , 13, 6, 15
03/10/2020, 40, 21, , 9, 6, 10
04/10/2020, 33, 20, , 8, 6, 15
05/10/2020, 28, 22, , 1, 6, 5
06/10/2020, 33, 15, , , 6, 5
07/10/2020, 20, 19, , 8, 6, 4
08/10/2020, 27, 16, , 8, 6, 5
09/10/2020, 21, 22, , 9, 7, 4
10/10/2020, 32, 24, , 10, 7, 4
11/10/2020, 39, 39, , 17, 8, 8
12/10/2020, 60, 38, , 17, 8, 6
13/10/2020, 56, 14, , 8, 6, 4
14/10/2020, 26, 9, , 8, 6, 5
15/10/2020, 16, 12, , 8, 6, 5
16/10/2020, 18, 13, , 10, 7, 4
17/10/2020, 15, 16, , 10, 7, 5
18/10/2020, 26, 20, , 12, 7, 6
19/10/2020, 28, 20, , 14, 9, 5
20/10/2020, 25, 21, , 15, 8, 6
21/10/2020, 25, 36, , 20, 10, 7
22/10/2020, 46, 51, , 27, 10, 12
23/10/2020, 75, 53, , 29, 11, 11
24/10/2020, 80, 48, , 19, 9, 7
25/10/2020, 76, 33, , 17, 7, 6
26/10/2020, 55, 37, , 23, 7, 12
27/10/2020, 57, 38, , 15, 7, 8
28/10/2020, 60, 25, , 12, 7, 5
29/10/2020, 44, 13, , 13, 7, 7
30/10/2020, 24, 23, , 15, 7, 10
31/10/2020, 35, 47, , 22, 8, 11
01/11/2020, 74, 37, , 18, 8, 10
02/11/2020, 62, 19, , 14, 9, 6
03/11/2020, 26, 36, 14, 22, 6, 11
04/11/2020, 56, 54, 15, 34, 3, 14
05/11/2020, 91, 59, 13, 31, 2, 14
06/11/2020, 112, 31, 18, 17, 2, 9
07/11/2020, 53, 26, 25, 18, 3, 7
08/11/2020, 47, 32, 29, 24, 5, 8
09/11/2020, 54, 38, 30, 25, 7, 8
10/11/2020, 65, 40, 26, 30, 7, 11
11/11/2020, 60, 45, 39, 31, 5, 11
12/11/2020, 73, 41, 34, 30, 5, 10
13/11/2020, 66, 39, 31, 24, 5, 8
14/11/2020, 67, 26, 21, 14, 1, 6
15/11/2020, 49, 23, 3, 12, 1, 10
16/11/2020, 45, 23, 6, 15, 1, 13
17/11/2020, 37, 22, 5, 13, 1, 10
18/11/2020, 30, 26, 4, 13, 1, 12
19/11/2020, 36, 25, 4, 13, 1, 11
20/11/2020, 35, 19, 5, 12, 1, 6
21/11/2020, 26, 23, 6, 14, 1, 6
22/11/2020, 34, 31, 5, 19, 1, 10
23/11/2020, 38, 32, 4, 24, 2, 9
24/11/2020, 47, 37, 8, 28, 2, 8
25/11/2020, 60, 34, 5, 29, 1, 8
26/11/2020, 50, 35, 18, 24, 2, 7
27/11/2020, 59, 25, 12, 14, 2, 5
28/11/2020, 44, 20, 18, 14, 2, 4
29/11/2020, 34, 27, 21, 20, 3, 5
30/11/2020, 46, 40, 15, 27, 6, 7
01/12/2020, 70, 46, 12, 27, 4, 8
02/12/2020, 84, 37, 13, 20, 3, 7
03/12/2020, 70, 23, 15, 18, 3, 6
04/12/2020, 42, 27, 16, 19, 3, 6
05/12/2020, 50, 43, 19, 26, 4, 7
06/12/2020, 82, 50, 26, 25, 4, 7
07/12/2020, 100, 40, 17, 26, 4, 8
08/12/2020, 78, 50, 14, 34, 4, 11
09/12/2020, 103, 55, 24, 38, 6, 11
10/12/2020, 113, 49, 16, 32, 4, 12
11/12/2020, 103, 37, 13, 28, 4, 9
12/12/2020, 73, 32, 8, 21, 2, 8
13/12/2020, 63, 26, 5, 16, 2, 8
14/12/2020, 49, 13, 5, 11, 1, 7
15/12/2020, 25, 13, 6, 9, 2, 6
16/12/2020, 26, 17, 7, 8, 1, 5
17/12/2020, 34, 20, 8, 8, 1, 5
18/12/2020, 38, 24, 15, 11, 2, 5
19/12/2020, 47, 26, 20, 12, 3, 4
20/12/2020, 50, 34, 25, 18, 4, 7
21/12/2020, 66, 48, 25, 28, 4, 9
22/12/2020, 96, 48, 12, 30, 8, 11
23/12/2020, 98, 37, 16, 23, 4, 9
24/12/2020, 74, 51, 13, 32, 8, 13
25/12/2020, 107, 48, 5, 28, 6, 13
26/12/2020, 95, 50, 3, 17, 3, 12
27/12/2020, 102, 27, 6, 16, 2, 12
28/12/2020, 54, 17, 6, 17, 2, 10
29/12/2020, 33, 24, 14, 16, 3, 9
30/12/2020, 43, 31, 17, 24, 6, 9
31/12/2020, 58, 43, 29, 23, 6, 10
01/01/2021, 86, 66, 30, 26, 7, 11
02/01/2021, 143, 63, 18, 23, 7, 9
03/01/2021, 136, 62, 22, 26, 8, 10
04/01/2021, 138, 72, 12, 27, 7, 14
05/01/2021, 154, 57, 15, 16, 4, 10
06/01/2021, 125, 49, 7, 15, 4, 10
07/01/2021, 106, 14, 11, 8, 2, 8
08/01/2021, 29, 22, 12, 11, 4, 6
09/01/2021, 43, 26, 13, 13, 4, 6
10/01/2021, 52, 32, 17, 14, 4, 7
11/01/2021, 62, 31, 22, 22, 5, 12
12/01/2021, 60, 50, 17, 28, 10, 14
13/01/2021, 103, 57, 23, 31, 13, 12
14/01/2021, 122, 62, 4, 30, 6, 17
15/01/2021, 138, 60, 4, 25, 10, 15
16/01/2021, 135, 47, 12, 13, 4, 8
17/01/2021, 100, 36, 23, 18, 4, 10
18/01/2021, 73, 42, 16, 27, 7, 13
19/01/2021, 87, 48, 8, 27, 8, 15
20/01/2021, 100, 68, 4, 15, 4, 18
21/01/2021, 141, 63, 9, , 4, 17
22/01/2021, 133, 63, 6, , 4, 14
23/01/2021, 133, 49, 14, , 4, 11
24/01/2021, 102, 35, 7, 25, 3, 14
25/01/2021, 60, 28, 8, 20, 2, 12
26/01/2021, 39, 24, 10, 23, 3, 12
27/01/2021, 32, 25, 5, 18, 3, 11
28/01/2021, 37, 36, 2, 18, 5, 10
29/01/2021, 61, 55, 2, 37, 6, 21
30/01/2021, 101, 51, 3, 23, 8, 15
31/01/2021, 95, 40, 3, 22, 7, 12
01/02/2021, 57, 36, 7, 26, 9, 12
02/02/2021, 53, 38, 17, 32, 9, 10
03/02/2021, 55, 41, 15, 37, 9, 13
04/02/2021, 65, 40, 12, 38, 9, 12
05/02/2021, 62, 39, 18, 35, 9, 10
06/02/2021, 62, 38, 15, 34, 10, 10
07/02/2021, 62, 37, 19, 25, 9, 8
08/02/2021, 65, 13, 23, 18, 6, 6
09/02/2021, 26, 33, 25, 24, 9, 10
10/02/2021, 61, 25, 35, 22, 8, 7
11/02/2021, 46, 25, 30, 21, 8, 6
12/02/2021, 47, 23, 35, 22, 8, 6
13/02/2021, 43, 21, 28, 25, 8, 6
14/02/2021, 38, 25, 19, 24, 8, 7
15/02/2021, 48, 28, 16, 24, 8, 7
16/02/2021, 53, 25, 17, 20, 8, 7
17/02/2021, 46, 33, 16, 13, 10, 9
18/02/2021, 60, 42, 24, 13, 11, 13
19/02/2021, 77, 37, 34, 11, 11, 8
20/02/2021, 70, 29, 35, 10, 10, 6
21/02/2021, 52, 23, 17, 10, 8, 8
22/02/2021, 42, 23, 16, 8, 7, 10
23/02/2021, 43, 19, 21, 1, 6, 5
24/02/2021, 32, 21, 12, 1, 6, 6
25/02/2021, 34, 20, 8, 2, 6, 10
26/02/2021, 33, 26, 7, 1, 6, 7
27/02/2021, 47, 26, 5, 2, 7, 10
28/02/2021, 51, 23, 6, 6, 7, 15
01/03/2021, 44, 22, 7, 16, 7, 10
02/03/2021, 35, 36, 7, 16, 7, 12
03/03/2021, 65, 30, 7, 15, 7, 13
04/03/2021, 59, 19, 6, 16, 7, 16
05/03/2021, 37, 20, 12, 16, 7, 11
06/03/2021, 38, 20, 14, 16, 7, 9
07/03/2021, 37, 20, 13, 16, 7, 13
08/03/2021, 39, 10, 8, 15, 7, 7
09/03/2021, 21, 10, 12, 15, 7, 6
10/03/2021, 20, 11, 10, 15, 7, 8
11/03/2021, 22, 11, 12, 16, 7, 8
12/03/2021, 20, 12, 10, 16, 7, 11
13/03/2021, 24, 12, 16, 16, 7, 8
14/03/2021, 24, 8, 15, 15, 7, 6
15/03/2021, 16, 9, 12, 15, 7, 10
16/03/2021, 17, 8, 11, 15, 7, 8
17/03/2021, 16, 7, 10, 15, 7, 11
18/03/2021, 15, 5, 10, 14, 7, 8
19/03/2021, 10, 3, 11, 14, 7, 9
20/03/2021, 7, 3, 16, 14, 7, 5
21/03/2021, 5, 33, 19, 15, 7, 6
22/03/2021, 51, 61, 24, 17, 9, 8
23/03/2021, 81, 63, 9, 18, 11, 12
24/03/2021, 101, 58, 11, 18, 8, 17
25/03/2021, 113, 34, 9, 16, 7, 10
26/03/2021, 59, 22, 9, 15, 7, 8
27/03/2021, 38, 25, 7, 15, 7, 10
28/03/2021, 42, 39, 11, 15, 7, 11
29/03/2021, 63, 43, 14, 16, 7, 14
30/03/2021, 67, 49, 13, 16, 7, 13
31/03/2021, 74, 37, 15, 15, 7, 12
01/04/2021, 54, 28, 16, 15, 7, 12
02/04/2021, 44, 34, 16, 15, 8, 11
03/04/2021, 53, 43, 16, 16, 8, 11
04/04/2021, 66, 41, 9, 16, 8, 14
05/04/2021, 63, 44, 22, 16, 8, 10
06/04/2021, 70, 31, 20, 16, 7, 9
07/04/2021, 44, 32, 18, 15, 8, 10
08/04/2021, 44, 30, 10, 15, 8, 7
09/04/2021, 46, 43, 9, 14, 8, 9
10/04/2021, 77, 44, 13, 15, 8, 10
11/04/2021, 78, 28, 16, 14, 8, 5
12/04/2021, 37, 23, 18, 15, 8, 7
13/04/2021, 33, 24, 18, 14, 8, 7
14/04/2021, 33, 24, 21, 14, 8, 8
15/04/2021, 35, 26, 21, 14, 8, 8
16/04/2021, 36, 20, 18, 14, 7, 6
17/04/2021, 33, 35, 9, 15, 9, 9
18/04/2021, 57, 27, 16, 15, 8, 8
19/04/2021, 41, 21, 22, 14, 8, 5
20/04/2021, 28, 22, 24, 13, 7, 4
21/04/2021, 29, 24, 25, 14, 8, 6
22/04/2021, 31, 23, 24, 14, 8, 6
23/04/2021, 32, 27, 24, 14, 8, 5
24/04/2021, 39, 32, 26, 15, 8, 9
25/04/2021, 54, 27, 22, 16, 8, 9
26/04/2021, 48, 22, 10, 16, 10, 9
27/04/2021, 32, 22, 16, 15, 9, 6
28/04/2021, 36, 15, 38, 16, 9, 5
29/04/2021, 19, , , , , 
03/05/2021, , 19, 18, 14, 7, 4
04/05/2021, 24, 18, 25, 16, 8, 7
05/05/2021, 29, 30, 24, 16, 8, 7
06/05/2021, 40, 27, 22, 15, 8, 6
07/05/2021, 39, 25, 21, 14, 8, 5
08/05/2021, 33, 20, 23, 14, 8, 4
09/05/2021, 28, 23, 25, 14, 8, 4
10/05/2021, 34, 25, 32, 15, 8, 7
11/05/2021, 36, 23, 25, 15, 8, 6
12/05/2021, 32, 23, 26, 15, 8, 5
13/05/2021, 36, 16, 24, 15, 8, 4
14/05/2021, 24, 17, 25, 13, 8, 3
15/05/2021, 24, 20, 31, 13, 8, 4
16/05/2021, 29, 16, 31, 13, 8, 4
17/05/2021, 22, 14, 30, 13, 8, 4
18/05/2021, 18, 19, 24, 14, 8, 5
19/05/2021, 24, 19, 29, 15, 8, 6
20/05/2021, 24, 19, 27, 14, 8, 5
21/05/2021, 26, 17, 33, 13, 9, 4
22/05/2021, 24, 16, 40, 13, 9, 4
23/05/2021, 22, 9, 35, 16, 9, 4
24/05/2021, 14, 8, 15, 14, 9, 5
25/05/2021, 7, 8, 24, 14, 9, 6
26/05/2021, 7, 8, 25, 14, 9, 6
27/05/2021, 7, 7, 24, 15, 9, 6
28/05/2021, , 9, 24, 14, 9, 4
29/05/2021, 7, 7, 32, 14, 9, 5
30/05/2021, 8, 19, 29, 16, 9, 6
31/05/2021, 20, 22, 25, 15, 9, 6
01/06/2021, 24, 25, 32, 15, 9, 6
02/06/2021, 31, 25, 30, 14, 9, 6
03/06/2021, 32, 19, 22, 15, 10, 3
04/06/2021, 23, 31, 35, 16, 12, 6
05/06/2021, 44, 49, 27, 16, 10, 7
06/06/2021, 84, 24, 24, 17, 10, 7
07/06/2021, 38, 18, 24, 17, 10, 7
08/06/2021, 30, 16, 23, 18, 9, 7
09/06/2021, 26, 16, 25, 17, 10, 10
10/06/2021, 23, 17, 25, 18, 9, 9
11/06/2021, 22, 16, 22, 15, 10, 4
12/06/2021, 25, 7, 22, 14, 10, 4
13/06/2021, 10, 11, 23, 15, 10, 5
14/06/2021, 13, 16, 23, 16, 10, 7
15/06/2021, 16, 16, 24, 16, 8, 7
16/06/2021, 19, 9, 29, 16, 5, 7
17/06/2021, 7, 15, 31, 16, 7, 6
18/06/2021, 13, 14, 26, 15, 7, 5
19/06/2021, 13, 19, 22, 14, 7, 5
20/06/2021, 16, 23, 27, 14, 7, 6
21/06/2021, 21, 25, 29, 14, 7, 5
22/06/2021, 32, 14, 24, 13, 7, 6
23/06/2021, 18, 20, 23, 14, 7, 10
24/06/2021, 27, 22, 21, 13, 7, 10
25/06/2021, 27, 16, 23, 11, 8, 7
26/06/2021, 18, 14, 22, 11, 7, 5
27/06/2021, 16, 16, 22, 11, 7, 6
28/06/2021, 12, 17, 20, 11, 8, 7
29/06/2021, 14, 16, 21, 11, 8, 6
30/06/2021, 14, 17, 20, 11, 7, 5
01/07/2021, 14, 15, 19, 11, 8, 5
02/07/2021, 12, 17, 23, 10, 8, 5
03/07/2021, 18, 15, 22, 10, 8, 6
04/07/2021, 18, 11, 21, 11, 8, 7
05/07/2021, 13, 16, 25, 11, 8, 9
06/07/2021, 19, 16, 21, 11, 8, 6
07/07/2021, 22, 9, 20, 11, 7, 10
08/07/2021, 14, 11, 17, 11, 8, 7
09/07/2021, 15, 14, 17, 11, 8, 7
10/07/2021, 18, 12, 17, 11, 8, 5
11/07/2021, 16, 13, 18, 17, 9, 5
12/07/2021, 17, 12, 18, 16, 9, 3
13/07/2021, 16, 12, 18, 16, 9, 4
14/07/2021, 16, 10, 18, 17, 8, 5
15/07/2021, 13, 15, 18, 21, 9, 7
16/07/2021, 19, 15, 17, 21, 9, 5
17/07/2021, 19, 12, 19, 21, 8, 6
18/07/2021, 18, 23, 16, 26, 9, 8
19/07/2021, 35, 20, 26, 22, 8, 5
20/07/2021, 33, 12, 24, 18, 8, 4
21/07/2021, 20, 22, 20, 23, 8, 7
22/07/2021, 35, 10, 18, 17, 8, 6
23/07/2021, 18, 13, 19, 13, 8, 4
24/07/2021, 21, 15, 28, 14, 8, 3
25/07/2021, 23, 13, 40, 12, 8, 3
26/07/2021, 21, 9, 29, 12, 8, 3
27/07/2021, 14, 13, 28, 13, 8, 3
28/07/2021, 22, 18, 28, 14, 8, 4
29/07/2021, 34, 21, 32, 16, 8, 4
30/07/2021, 38, 14, 31, 17, 9, 3
31/07/2021, 24, 6, 22, 11, 8, 2
01/08/2021, 10, 12, 29, 20, 9, 3
02/08/2021, 20, 15, 39, 21, 9, 3
03/08/2021, 26, 21, 37, 12, 9, 4
04/08/2021, 39, 21, 34, 15, 9, 4
05/08/2021, 38, 23, 26, 14, 9, 4
06/08/2021, 41, 13, 29, 13, 10, 3
07/08/2021, 22, 24, 25, 14, 9, 4
08/08/2021, 44, 41, 24, 16, 9, 5
09/08/2021, 77, 16, 20, 17, 9, 4
10/08/2021, 32, 19, 20, 13, 9, 4
11/08/2021, 36, 21, 21, 15, 9, 4
12/08/2021, 41, 23, 20, 16, 10, 4
13/08/2021, 42, 26, 23, 13, 9, 3
14/08/2021, 50, 9, 21, 14, 9, 3
15/08/2021, 22, 14, 22, 15, 9, 4
16/08/2021, 17, 1, 24, 11, 9, 3
17/08/2021, 2, 1, 22, 14, 9, 3
18/08/2021, 2, 53, 21, 15, 10, 3
19/08/2021, 84, 22, 24, 13, 9, 3
20/08/2021, 40, 33, 25, 11, 9, 2
21/08/2021, 57, 62, 24, 9, 9, 2
22/08/2021, 116, 20, 24, 14, 10, 3
23/08/2021, 28, 17, 22, 14, 9, 4
24/08/2021, 26, 10, 20, 11, 9, 3
25/08/2021, 15, 11, 19, 14, 9, 4
26/08/2021, 16, 10, 21, 14, 10, 3
27/08/2021, 16, 8, 25, 13, 9, 2
28/08/2021, 13, , 31, 13, 11, 2
29/08/2021, , 7, 23, 11, 10, 3
30/08/2021, 15, 12, 27, 15, 9, 3
31/08/2021, 19, 15, 35, 15, 10, 3
01/09/2021, 23, 13, 28, 10, 9, 2
02/09/2021, 22, 17, 27, 12, 10, 3
03/09/2021, 27, 12, 28, 11, 9, 3
04/09/2021, 21, 7, 21, 11, 9, 3
05/09/2021, 11, 14, 36, 14, 9, 3
06/09/2021, 22, 19, 20, 15, 9, 4
07/09/2021, 32, 12, 20, 13, 9, 4
08/09/2021, 20, 4, 27, 14, 9, 4
09/09/2021, 7, 10, 36, 15, 9, 5
10/09/2021, 16, 16, 59, 14, 9, 4
11/09/2021, 26, 26, 105, 14, 10, 4
12/09/2021, 42, 27, 36, 15, 9, 5
13/09/2021, 44, 15, 22, 14, 9, 4
14/09/2021, 26, 12, 19, 16, 9, 5
15/09/2021, 19, 16, 19, 19, 9, 7
16/09/2021, 25, 9, 20, 15, 9, 6
17/09/2021, 14, 12, 19, 14, 10, 4
18/09/2021, 19, 12, 20, 11, 9, 3
19/09/2021, 19, 19, 33, 15, 10, 4
20/09/2021, 31, 24, 29, 20, 11, 7
21/09/2021, 38, 19, 19, 21, 12, 6
22/09/2021, 29, 17, 26, 21, 11, 6
23/09/2021, 28, 15, 17, 14, 10, 4
24/09/2021, 25, 11, 18, 15, 9, 6
25/09/2021, 19, 15, 21, 14, 9, 5
26/09/2021, 27, 14, 34, 19, 9, 7
27/09/2021, 22, 23, 37, 19, 10, 6
28/09/2021, 36, 27, 56, 22, 11, 7
29/09/2021, 44, 23, 48, 21, 11, 7
30/09/2021, 37, 20, 20, 21, 11, 8
01/10/2021, 33, 18, 19, 16, 10, 6
02/10/2021, 29, 23, 32, 19, 10, 7
03/10/2021, 36, 16, 31, 21, 10, 8
04/10/2021, 27, 17, 26, 21, 10, 7
05/10/2021, 27, 51, 35, 22, 10, 7
06/10/2021, 89, 53, 44, 21, 10, 8
07/10/2021, 99, 38, 42, 16, 10, 4
08/10/2021, 65, 25, 22, 13, 10, 4
09/10/2021, 43, 9, 22, 6, 9, 2
10/10/2021, 17, 10, 19, 11, 9, 4
11/10/2021, 19, 15, 32, 9, 10, 3
12/10/2021, 23, 16, 13, 13, 10, 3
13/10/2021, 24, 9, 15, 9, 9, 2
14/10/2021, 15, 9, 12, 11, 9, 3
15/10/2021, 16, 10, 17, 11, 9, 4
16/10/2021, 18, 9, 16, 10, 10, 3
17/10/2021, 14, 11, 9, 12, , 4
18/10/2021, 21, 30, 12, 25, 9, 10
19/10/2021, 51, 43, 21, 28, 10, 9
20/10/2021, 80, 26, 17, 14, 10, 5
21/10/2021, 43, 17, 23, 13, 10, 4
22/10/2021, 26, 36, 36, 22, 10, 5
23/10/2021, 61, 42, 43, 20, 10, 5
24/10/2021, 73, 51, 56, 33, 11, 11
25/10/2021, 93, 67, 66, 39, 14, 11
26/10/2021, 130, 56, 66, 35, 11, 10
27/10/2021, 107, 55, 21, 27, 11, 7
28/10/2021, 109, 18, 21, 17, 10, 5
29/10/2021, 35, 10, 18, 11, 10, 4
30/10/2021, 19, 22, 13, 13, 10, 6
31/10/2021, 41, 15, 9, 14, 10, 6
01/11/2021, 29, 21, 8, 15, 10, 7
02/11/2021, 39, 36, 11, 27, 11, 12
03/11/2021, 63, 28, 13, 23, 10, 7
04/11/2021, 45, 27, 13, 19, 10, 5
05/11/2021, 43, 27, 8, 19, 10, 5
06/11/2021, 41, 30, 9, 20, 10, 7
07/11/2021, 46, 20, 14, 11, 10, 3
08/11/2021, 34, 39, 19, 23, 12, 5
09/11/2021, 63, 36, 22, 23, 11, 5
10/11/2021, 62, 52, 23, 30, 12, 7
11/11/2021, 96, 53, 24, 24, 13, 5
12/11/2021, 99, 39, 25, 19, 11, 4
13/11/2021, 69, 57, 27, 25, 12, 7
14/11/2021, 116, 66, 16, 40, 16, 9
15/11/2021, 133, 71, 9, 35, 13, 8
16/11/2021, 152, 52, 8, 18, 11, 6
17/11/2021, 110, 21, 16, 12, 10, 4
18/11/2021, 37, 57, 9, 41, 13, 13
19/11/2021, 111, 51, 10, 22, 10, 7
20/11/2021, 102, 34, 10, 17, 10, 5
21/11/2021, 57, 24, 13, 14, 11, 4
22/11/2021, 36, 30, 13, 13, 10, 3
23/11/2021, 51, 38, 15, 16, 11, 6
24/11/2021, 64, 51, 11, 27, 11, 9
25/11/2021, 96, 57, 16, 27, 11, 8
26/11/2021, 115, 54, 28, 23, 12, 5
27/11/2021, 104, 74, 8, 24, 14, 7
28/11/2021, 157, 55, 27, 53, 12, 17
29/11/2021, 103, 53, 23, 25, 16, 6
30/11/2021, 100, 46, 26, 27, 13, 7
01/12/2021, 86, 61, 29, 34, 15, 9
02/12/2021, 124, 64, 26, 41, 13, 14
03/12/2021, 129, 53, 26, 50, 14, 16
04/12/2021, 108, 61, 30, 39, 13, 9
05/12/2021, 132, 70, 29, 41, 13, 12
06/12/2021, 144, 71, 24, 42, 17, 10
07/12/2021, 144, 73, 22, 48, 17, 11
08/12/2021, 149, 73, 17, 31, 12, 7
09/12/2021, 154, 75, 20, 34, 14, 8
10/12/2021, 153, 62, 17, 39, 11, 10
11/12/2021, 128, 61, 24, 25, 12, 7
12/12/2021, 124, 34, 14, 22, 12, 7
13/12/2021, 64, 65, 38, 34, 13, 10
14/12/2021, 141, 69, 14, 45, 16, 13
15/12/2021, 150, 62, 17, 43, 12, 15
16/12/2021, 131, 57, 17, 27, 12, 8
17/12/2021, 114, 39, 18, 20, 12, 5
18/12/2021, 74, 55, 14, 26, 13, 6
19/12/2021, 113, 62, 17, 28, 15, 7
20/12/2021, 130, 57, 15, 32, 12, 8
21/12/2021, 115, 74, 17, 41, 12, 10
22/12/2021, 152, 55, 15, 41, 14, 9
23/12/2021, 116, 51, 13, 40, 14, 11
24/12/2021, 109, 52, 10, 38, 14, 10
25/12/2021, 114, 49, 10, 27, 15, 7
26/12/2021, 98, 17, 3, 12, 11, 5
27/12/2021, 32, 20, 11, 18, 12, 5
28/12/2021, 37, 32, 6, 18, 12, 5
29/12/2021, 57, 41, 11, 15, 11, 5
30/12/2021, 73, 54, 7, 18, 11, 7
31/12/2021, 102, 65, 7, 16, 13, 6
01/01/2022, 137, 58, 14, 25, 12, 9
02/01/2022, 103, 95, 8, 35, 12, 11
03/01/2022, 179, 98, 13, 42, 12, 14
04/01/2022, 174, 58, 8, 34, 12, 10
05/01/2022, 102, 45, 8, 27, 12, 8
06/01/2022, 74, 51, 12, 33, 13, 8
07/01/2022, 87, 55, 11, 31, 14, 8
08/01/2022, 102, 48, 5, 15, 12, 6
09/01/2022, 90, 41, 4, 13, 11, 7
10/01/2022, 80, 41, 12, 23, 12, 8
11/01/2022, 71, 62, 4, 38, 16, 13
12/01/2022, 119, 58, 6, 23, 13, 7
13/01/2022, 116, 74, 3, 37, 16, 13
14/01/2022, 153, 69, 5, 33, 12, 11
15/01/2022, 144, 61, 6, 28, 12, 11
16/01/2022, 124, 18, 6, 12, 11, 5
17/01/2022, 33, 45, 19, 26, 13, 9
18/01/2022, 78, 53, 17, 29, 14, 8
19/01/2022, 97, 57, 7, 36, 13, 11
20/01/2022, 114, 62, 3, 34, 15, 10
21/01/2022, 131, 56, 4, 30, 12, 12
22/01/2022, 112, 54, 7, 28, 12, 11
23/01/2022, 102, 34, 7, 27, 12, 9
24/01/2022, 59, 29, 7, 22, 11, 9
25/01/2022, 54, 27, 7, 24, 11, 9
26/01/2022, 49, 26, 8, 21, 11, 7
27/01/2022, 47, 28, 10, 21, 11, 6
28/01/2022, 47, 32, 9, 15, 11, 7
29/01/2022, 59, 27, 10, 12, 11, 7
30/01/2022, 51, 20, 12, 8, 11, 5
31/01/2022, 37, 19, 12, 6, 11, 4
01/02/2022, 36, 13, 9, 6, 11, 4
02/02/2022, 25, 18, 14, 8, 11, 4
03/02/2022, 33, 31, 16, 11, 11, 5
04/02/2022, 57, 41, 16, 17, 11, 5
05/02/2022, 79, 51, 13, 18, 11, 7
06/02/2022, 104, 50, 9, 19, 12, 7
07/02/2022, 99, 28, 6, 19, 11, 8
08/02/2022, 58, 11, 5, 12, 11, 6
09/02/2022, 21, 22, 4, 17, 12, 6
10/02/2022, 42, 36, 4, 23, 12, 9
11/02/2022, 70, 28, 4, 15, 12, 7
12/02/2022, 55, 12, 7, 10, 11, 4
13/02/2022, 24, 28, 11, 23, 12, 8
14/02/2022, 54, 48, 7, 26, 15, 8
15/02/2022, 95, 54, 4, 25, 12, 11
16/02/2022, 106, 52, 4, 39, 12, 12
17/02/2022, 101, 33, 4, 29, 12, 11
18/02/2022, 61, 8, 11, 11, 11, 4
19/02/2022, 15, 9, 14, 9, 11, 3
20/02/2022, 17, 14, 13, 12, 11, 4
21/02/2022, 27, 16, 12, 10, 11, 4
22/02/2022, 29, 29, 17, 16, 12, 4
23/02/2022, 52, 49, 19, 23, 13, 5
24/02/2022, 85, 72, 17, 36, 14, 7
25/02/2022, 137, 78, 19, 39, 15, 8
26/02/2022, 154, 89, 23, 35, 13, 8
27/02/2022, 172, 75, 15, 37, 14, 9
28/02/2022, 146, 63, 14, 37, 13, 9
01/03/2022, 130, 55, 15, 34, 13, 9
02/03/2022, 110, 54, 9, 30, 14, 8
03/03/2022, 105, 35, 7, 25, 12, 8
04/03/2022, 60, 33, 5, 26, 12, 8
05/03/2022, 60, 28, 5, 22, 12, 7
06/03/2022, 51, 30, 14, 32, 12, 13
07/03/2022, 52, 44, 19, 34, 12, 9
08/03/2022, 84, 38, 15, 34, 13, 7
09/03/2022, 61, 31, 7, 32, 13, 7
10/03/2022, 51, 30, 7, 33, 12, 8
11/03/2022, 50, 23, 8, 21, 12, 4
12/03/2022, 38, 22, 7, 23, 12, 5
13/03/2022, 36, 25, 7, 27, 12, 8
14/03/2022, 41, 52, 11, 35, 12, 9
15/03/2022, 93, 40, 7, 26, 12, 7
16/03/2022, 69, 36, 8, 24, 12, 9
17/03/2022, 61, 51, 9, 29, 13, 10
18/03/2022, 93, 34, 8, 21, 12, 7
19/03/2022, 59, 39, 7, 16, 12, 4
20/03/2022, 64, 41, 9, 21, 12, 7
21/03/2022, 70, 40, 11, 25, 12, 9
22/03/2022, 69, 17, 9, 15, 12, 4
23/03/2022, 32, 40, 7, 24, 13, 9
24/03/2022, 70, 38, 6, 28, 12, 11
25/03/2022, 69, 51, 19, 27, 12, 9
26/03/2022, 94, 29, 9, 21, 14, 5
27/03/2022, 50, 36, 7, 28, 13, 8
28/03/2022, 62, 53, 3, 39, 16, 12
29/03/2022, 99, 49, 6, 31, 13, 10
30/03/2022, 98, 28, 10, 30, 13, 9
31/03/2022, 51, 6, 18, 12, 12, 3
01/04/2022, 13, 11, 23, 14, 13, 3
02/04/2022, 18, 27, 24, 20, 14, 5
03/04/2022, 45, 44, 21, 33, 16, 6
04/04/2022, 77, 56, 27, 36, 17, 7
05/04/2022, 103, 61, 36, 38, 15, 9
06/04/2022, 121, 57, 29, 31, 17, 7
07/04/2022, 115, 54, 35, 41, 18, 9
08/04/2022, 109, 36, 21, 30, 14, 6
09/04/2022, 66, 24, 13, 26, 13, 6
10/04/2022, 46, 26, 6, 29, 13, 9
11/04/2022, 50, 21, 6, 21, 12, 6
12/04/2022, 39, 23, 17, 28, 15, 8
13/04/2022, 44, 23, 8, 26, 13, 8
14/04/2022, 44, 21, 8, 21, 12, 7
15/04/2022, 41, 14, 7, 23, 12, 6
16/04/2022, 27, 12, 4, 12, 12, 4
17/04/2022, 25, 10, 6, 16, 12, 5
18/04/2022, 18, 20, 19, 21, 15, 6
19/04/2022, 39, 35, 19, 29, 17, 11
20/04/2022, 66, 35, 18, 27, 17, 11
21/04/2022, 68, 18, 9, 17, 15, 6
22/04/2022, 35, 20, 8, 17, 15, 8
23/04/2022, 38, 19, 9, 12, 14, 5
24/04/2022, 37, 24, 8, 19, 15, 9
25/04/2022, 45, 23, 7, 20, 15, 9
26/04/2022, 43, 18, 7, 17, 15, 8
27/04/2022, 35, 16, 7, 13, 14, 6
28/04/2022, 32, 24, 7, 16, 15, 11
29/04/2022, 46, 19, 6, 14, 14, 5
30/04/2022, 36, 9, 7, 9, 13, 3
01/05/2022, 16, 12, 9, 14, 13, 4
02/05/2022, 23, 23, 9, 20, 13, 5
03/05/2022, 43, 33, 15, 27, 13, 7
04/05/2022, 66, 37, 14, 31, 13, 8
05/05/2022, 62, 59, 12, 28, 14, 9
06/05/2022, 102, 31, 6, 18, 13, 7
07/05/2022, 49, 25, 6, 14, 13, 6
08/05/2022, 39, 27, 6, 12, 13, 5
09/05/2022, 43, 30, 6, 14, 13, 8
10/05/2022, 46, 44, 8, 21, 14, 10
11/05/2022, 68, 31, 8, 22, 14, 9
12/05/2022, 49, 44, 10, 13, 14, 10
13/05/2022, 67, , , , , 
16/06/2022, , 17, 7, 18, 14, 7
17/06/2022, 18, 22, 9, 18, 14, 7
18/06/2022, 27, 23, 8, 18, 14, 6
19/06/2022, 30, 28, 8, 21, 14, 6
20/06/2022, 35, 25, 7, 21, 14, 3
21/06/2022, 30, 23, 10, 24, 14, 3
22/06/2022, 31, 29, 11, 28, 14, 7
23/06/2022, 46, 25, 7, 22, 14, 3
24/06/2022, 38, 17, 6, 19, 14, 2
25/06/2022, 23, 21, 7, 21, 14, 2
26/06/2022, 31, 17, 7, 23, 14, 4
27/06/2022, 21, 23, 13, 36, 14, 9
28/06/2022, 32, 29, 16, 28, 14, 6
29/06/2022, 44, 25, 8, 32, 14, 8
30/06/2022, 40, 23, 11, 24, 14, 3
01/07/2022, 37, 17, 9, 21, 14, 3
02/07/2022, 24, 15, 11, 22, 14, 3
03/07/2022, 21, 22, 11, 28, 14, 5
04/07/2022, 33, 22, 8, 27, 14, 8
05/07/2022, 32, 33, 10, 31, 14, 9
06/07/2022, 53, 19, 6, 23, 14, 10
07/07/2022, 28, 25, 6, 27, 14, 10
08/07/2022, 39, 32, 6, 25, 14, 9
09/07/2022, 51, 26, 8, 21, 14, 4
10/07/2022, 43, 20, 6, 25, 14, 5
11/07/2022, 31, 19, 6, 25, 15, 8
12/07/2022, 30, 20, 7, 24, 15, 7
13/07/2022, 30, 22, 6, 23, 15, 5
14/07/2022, 36, 13, 6, 23, 15, 5
15/07/2022, 21, 12, 6, 20, 14, 4
16/07/2022, 18, 13, 7, 21, 15, 4
17/07/2022, 20, 19, 6, 29, 15, 9
18/07/2022, 29, 16, 5, 23, 15, 7
19/07/2022, 24, 17, 5, 23, 15, 9
20/07/2022, 25, 22, 5, 20, 15, 9
21/07/2022, 36, 17, 2, 23, 15, 9
22/07/2022, 27, 21, 2, 23, 15, 3
23/07/2022, 35, 14, 2, 20, 15, 3
24/07/2022, 21, 14, 2, 21, 15, 4
25/07/2022, 21, 15, 2, 21, 15, 4
26/07/2022, 22, 14, 2, 20, 15, 3
27/07/2022, 20, 19, 3, 26, 15, 7
28/07/2022, 28, 23, 3, 28, 15, 7
29/07/2022, 36, 22, 5, 30, 15, 7
30/07/2022, 35, 15, 2, 27, 15, 4
31/07/2022, 23, 19, 3, 27, 15, 6
01/08/2022, 31, 19, 3, 29, 16, 7
02/08/2022, 31, 18, 5, 29, 15, 7
03/08/2022, 29, 19, 3, 29, 15, 7
04/08/2022, 28, 17, 4, 30, 15, 6
05/08/2022, 27, 16, 2, 27, 15, 11
06/08/2022, 26, 20, 3, 25, 15, 7
07/08/2022, 33, 18, 6, 21, 15, 6
08/08/2022, 29, 12, 7, 23, 15, 5
09/08/2022, 20, 14, 8, 20, 15, 4
10/08/2022, 23, 7, 6, 17, 15, 6
11/08/2022, 12, 14, 5, 27, 15, 15
12/08/2022, 22, 23, 8, 30, 15, 10
13/08/2022, 36, 14, 7, 24, 15, 8
14/08/2022, 22, 13, 5, 26, 15, 9
15/08/2022, 18, 17, 8, 30, 15, 9
16/08/2022, 23, 17, 6, 26, 15, 9
17/08/2022, 24, 18, 11, 27, 15, 7
18/08/2022, 26, 18, 14, 29, 15, 8
19/08/2022, 27, 11, 7, 24, 15, 6
20/08/2022, 18, 8, 5, 20, 15, 8
21/08/2022, 14, 9, 5, 24, 15, 9
22/08/2022, 13, 16, 5, 25, 15, 11
23/08/2022, 25, 23, 14, 31, 15, 8
24/08/2022, 37, 22, 7, 27, 15, 9
25/08/2022, 38, 9, 7, 17, 15, 6
26/08/2022, 14, 13, 7, 24, 15, 8
27/08/2022, 19, 12, 7, 19, 15, 5
28/08/2022, 19, 12, 7, 18, 15, 6
29/08/2022, 18, 16, 5, 26, 15, 9
30/08/2022, 23, 19, 6, 33, 15, 11
31/08/2022, 29, 21, 8, 21, 15, 4
01/09/2022, 36, 18, 12, 21, 15, 4
02/09/2022, 30, 23, 13, 30, 15, 7
03/09/2022, 38, 19, 9, 21, 15, 4
04/09/2022, 32, 16, 11, 29, 15, 9
05/09/2022, 24, 26, 18, 32, 15, 7
06/09/2022, 41, 35, 18, 35, 15, 8
07/09/2022, 57, 19, 7, 19, 15, 5
08/09/2022, 35, 18, 6, 26, 15, 10
09/09/2022, 30, 26, 10, 29, 15, 9
10/09/2022, 42, 22, 6, 29, 15, 8
11/09/2022, 36, 24, 11, 35, 15, 10
12/09/2022, 36, 31, 19, 29, 15, 7
13/09/2022, 51, 39, 18, 34, 15, 9
14/09/2022, 65, 27, 8, 35, 16, 9
15/09/2022, 44, 25, 4, 29, 16, 14
16/09/2022, 39, 27, 4, 33, 16, 10
17/09/2022, 42, 34, 16, 35, 16, 10
18/09/2022, 60, 22, 14, 33, 16, 9
19/09/2022, 37, 28, 11, 28, 16, 7
20/09/2022, 46, 24, 8, 28, 16, 7
21/09/2022, 41, 23, 5, 33, 16, 10
22/09/2022, 38, 21, 14, 25, 15, 5
23/09/2022, 37, 21, 10, 21, 16, 4
24/09/2022, 41, 23, 11, 22, 15, 4
25/09/2022, 42, 25, 14, 33, 16, 11
26/09/2022, 43, 36, 17, 32, 16, 11
27/09/2022, 62, 36, 7, 26, 16, 6
28/09/2022, 65, 24, 7, 25, 16, 8
29/09/2022, 44, 17, 5, 21, 16, 10
30/09/2022, 30, 17, 5, 21, 16, 11
01/10/2022, 29, 15, 5, 20, 16, 8
02/10/2022, 22, 23, 6, 24, 16, 11
03/10/2022, 37, 28, 7, 28, 16, 10
04/10/2022, 44, 27, 6, 30, 16, 8
05/10/2022, 41, 28, 7, 31, 16, 10
06/10/2022, 44, 27, 6, 33, 16, 12
07/10/2022, 41, 24, 8, 32, 16, 9
08/10/2022, 37, 20, 6, 22, 16, 4
09/10/2022, 33, 14, 10, 23, 16, 5
10/10/2022, 19, 37, 14, 26, 16, 6
11/10/2022, 60, 34, 20, 37, 16, 6
12/10/2022, 49, 35, 22, 40, 16, 10
13/10/2022, 52, 42, 20, 33, 17, 6
14/10/2022, 70, 35, 23, 34, 16, 7
15/10/2022, 55, 40, 19, 31, 16, 6
16/10/2022, 70, 24, 20, 27, 16, 5
17/10/2022, 38, 31, 25, 29, 16, 4
18/10/2022, 48, 35, 14, 31, 16, 6
19/10/2022, 59, 12, 10, 18, 16, 2
20/10/2022, 24, 15, 4, 22, 16, 5
21/10/2022, 27, 30, 8, 29, 16, 12
22/10/2022, 48, 42, 12, 34, 17, 12
23/10/2022, 66, 48, 19, 36, 17, 9
24/10/2022, 86, 36, 14, 37, 16, 9
25/10/2022, 60, 46, 10, 34, 16, 9
26/10/2022, 80, 34, 6, 31, 17, 9
27/10/2022, 50, 39, 8, 44, 17, 12
28/10/2022, 55, 48, 21, 40, 17, 9
29/10/2022, 84, 39, 16, 30, 16, 7
30/10/2022, 70, 18, 10, 22, 17, 4
31/10/2022, 29, 21, 13, 28, 17, 6
01/11/2022, 30, 29, 17, 38, 17, 12
02/11/2022, 47, 5, 20, 45, 18, 15
03/11/2022, 11, 5, 17, 40, 19, 11
04/11/2022, 10, 4, 19, 32, 18, 6
05/11/2022, 8, 5, 22, 35, 18, 7
06/11/2022, 9, 26, 7, 47, 18, 12
07/11/2022, 43, 54, 18, 37, 18, 9
08/11/2022, 101, 49, 18, 35, 18, 8
09/11/2022, 92, 44, 2, 36, 19, 12
10/11/2022, 77, 38, 2, 34, 19, 11
11/11/2022, 66, 28, 4, 33, 19, 10
12/11/2022, 44, 36, 3, 33, 19, 9
13/11/2022, 60, 34, 4, 37, 19, 15
14/11/2022, 53, 28, 2, 29, 19, 11
15/11/2022, 47, 21, 3, 28, 19, 9
16/11/2022, 34, 16, 3, 22, 19, 9
17/11/2022, 25, 19, 3, 25, 18, 9
18/11/2022, 29, 22, 3, 28, 17, 11
19/11/2022, 33, 26, 7, 24, 17, 7
20/11/2022, 42, 41, 4, 37, 17, 11
21/11/2022, 67, 41, 7, 31, 17, 8
22/11/2022, 73, 35, 6, 26, 17, 8
23/11/2022, 62, 21, 2, 19, 17, 5
24/11/2022, 38, 24, 1, 21, 17, 8
25/11/2022, 40, 27, 2, 18, 17, 10
26/11/2022, 45, 17, 3, 17, 17, 3
27/11/2022, 26, 15, 3, 20, 17, 6
28/11/2022, 21, 19, 4, 21, 17, 7
29/11/2022, 28, 13, 3, 17, 17, 6
30/11/2022, 19, 1, 1, 13, 17, 3
01/12/2022, 3, 12, 4, 15, 17, 3
02/12/2022, 22, 22, 5, 23, 17, 5
03/12/2022, 38, 17, 2, 14, 17, 3
04/12/2022, 30, 13, 3, 17, 17, 4
05/12/2022, 20, 34, 5, 28, 17, 8
06/12/2022, 58, 39, 7, 24, 17, 5
07/12/2022, 71, 27, 2, 18, 17, 5
08/12/2022, 50, 26, 2, 17, 17, 4
09/12/2022, 49, 23, 2, 17, 17, 4
10/12/2022, 43, 33, 7, 26, 17, 7
11/12/2022, 57, 35, 15, 32, 17, 11
12/12/2022, 64, 34, 11, 45, 17, 9
13/12/2022, 56, 31, 17, 33, 17, 7
14/12/2022, 53, 35, 14, 47, 18, 9
15/12/2022, 59, 40, 22, 44, 18, 9
16/12/2022, 72, 19, 13, 25, 17, 4
17/12/2022, 31, 13, 15, 25, 17, 3
18/12/2022, 21, 30, 14, 41, 17, 8
19/12/2022, 52, 41, 9, 49, 17, 9
20/12/2022, 70, 29, 18, 40, 18, 13
21/12/2022, 49, 40, 17, 41, 18, 9
22/12/2022, 71, 28, 8, 45, 18, 8
23/12/2022, 49, 21, 16, 44, 18, 8
24/12/2022, 39, 19, 8, 42, 18, 7
25/12/2022, 36, 11, 6, 43, 18, 10
26/12/2022, 23, 9, 5, 43, 18, 10
27/12/2022, 19, 10, 4, 27, 18, 4
28/12/2022, 20, 19, 5, 17, 18, 4
29/12/2022, 53, 33, 5, 21, 18, 5
30/12/2022, 94, 47, 5, 23, 18, 5
31/12/2022, 129, 54, 11, 32, 18, 7
01/01/2023, 144, 66, 8, 28, 18, 6
02/01/2023, 164, 59, 4, 29, 18, 8
03/01/2023, 123, 100, 3, 37, 18, 11
04/01/2023, 173, 81, 5, 31, 18, 8
05/01/2023, 153, 56, 9, 20, 18, 4
06/01/2023, 97, 75, 10, 36, 18, 11
07/01/2023, 137, 118, 11, 43, 18, 10
08/01/2023, 197, 114, 10, 39, 18, 11
09/01/2023, 195, 104, 3, 31, 18, 9
10/01/2023, 178, 81, 2, 21, 18, 10
11/01/2023, 148, 57, 1, 19, 18, 10
12/01/2023, 98, 62, 2, 23, 18, 11
13/01/2023, 108, 77, 10, 24, 18, 9
14/01/2023, 136, 62, 5, 16, 18, 6
15/01/2023, 107, 33, 6, 13, 17, 5
16/01/2023, 50, 62, 6, 8, 18, 4
17/01/2023, 102, 65, 9, 9, 18, 6
18/01/2023, 108, 91, 7, 10, 18, 8
19/01/2023, 160, 99, 7, 9, 18, 9
20/01/2023, 177, 121, 17, 14, 18, 7
21/01/2023, 197, 120, 8, 14, 18, 7
22/01/2023, 207, 86, 4, 15, 18, 5
23/01/2023, 151, 50, 13, 10, 17, 2
24/01/2023, 68, 67, 11, 12, 18, 3
25/01/2023, 112, 82, 7, 9, 18, 5
26/01/2023, 143, 72, 10, 10, 18, 4
27/01/2023, 127, 68, 14, 12, 18, 4
28/01/2023, 107, 88, 16, 15, 18, 9
29/01/2023, 150, 115, 14, 28, 18, 7
30/01/2023, 187, 89, 7, 36, 18, 9
31/01/2023, 155, 75, 7, 35, 18, 9
01/02/2023, 136, 64, 2, 29, 18, 9
02/02/2023, 107, , , , , 
09/02/2023, , 51, 5, 24, 20, 7
10/02/2023, 57, 40, 7, 16, 20, 3
11/02/2023, 52, 51, 7, 20, 19, 4
12/02/2023, 68, 61, 7, 31, 20, 10
13/02/2023, 88, 55, 7, 23, 20, 5
14/02/2023, 71, 61, 11, 23, 20, 4
15/02/2023, 100, 73, 11, 27, 20, 5
16/02/2023, 130, 111, 8, 41, 21, 10
17/02/2023, 179, 79, 7, 42, 21, 9
18/02/2023, 129, 84, 7, 26, 20, 5
19/02/2023, 145, 69, 17, 29, 20, 7
20/02/2023, 121, 87, 13, 46, 20, 10
21/02/2023, 149, 71, 14, 38, 20, 8
22/02/2023, 99, 74, 9, 41, 20, 8
23/02/2023, 99, , , , , 
24/02/2023, , 49, 22, 33, 20, 7
25/02/2023, 70, 73, 25, 31, 21, 4
26/02/2023, 123, 94, 20, 42, 21, 7
27/02/2023, 159, 92, 15, 44, 22, 8
28/02/2023, 151, 81, 6, 39, 22, 9
01/03/2023, 123, 110, 25, 38, 22, 7
02/03/2023, 183, 110, 17, 45, 20, 8
03/03/2023, 172, 77, , 26, 17, 4
04/03/2023, 128, 98, , 32, 17, 6
05/03/2023, 167, 91, 19, 39, 17, 7
06/03/2023, 143, 71, 19, 33, 17, 6
07/03/2023, 98, 68, 14, 38, 18, 11
08/03/2023, 88, 90, 19, 29, 18, 6
09/03/2023, 148, 88, 12, 32, 18, 6
10/03/2023, 133, 73, 7, 34, 18, 9
11/03/2023, 104, 79, 15, 34, 18, 6
12/03/2023, 122, 73, 19, 16, 17, 2
13/03/2023, 67, 94, 21, 29, 17, 4
14/03/2023, 118, 97, 12, 37, 18, 9
15/03/2023, 136, 64, 11, 26, 18, 5
16/03/2023, 76, 56, 9, 25, 18, 7
17/03/2023, 65, 56, 8, 25, 17, 5
18/03/2023, 64, 52, 8, 19, 17, 3
19/03/2023, 60, 53, 8, 21, 17, 5
20/03/2023, 66, 60, 9, 31, 18, 11
21/03/2023, 87, 78, 15, 31, 18, 8
22/03/2023, 132, 78, 15, 33, 18, 10
23/03/2023, 117, 77, 11, 31, 18, 9
24/03/2023, 120, 66, 11, 26, 18, 9
25/03/2023, 90, 51, 6, 18, 19, 4
26/03/2023, 56, 44, 7, 19, 19, 5
27/03/2023, 54, 57, 7, 22, 19, 5
28/03/2023, 67, 50, 8, 21, 19, 6
29/03/2023, 69, 60, 5, 26, 19, 7
30/03/2023, 79, 88, 5, 41, 20, 14
31/03/2023, 135, 68, 5, 37, 21, 13
01/04/2023, 104, 49, 9, 26, 20, 9
02/04/2023, 69, 54, 11, 25, 18, 9
03/04/2023, 72, 70, 12, 30, 19, 12
04/04/2023, 95, 77, 12, 30, 18, 8
05/04/2023, 121, 70, 13, 27, 18, 8
06/04/2023, 105, 69, 10, 31, 18, 7
07/04/2023, 91, 73, 15, 24, 18, 3
08/04/2023, 103, 71, 9, 28, 19, 6
09/04/2023, 108, 59, 5, 33, 19, 10
10/04/2023, 99, 61, 7, 31, 19, 11
11/04/2023, 101, 60, 9, 32, 19, 12
12/04/2023, 94, 45, 10, 28, 18, 8
13/04/2023, 61, 48, 11, 32, 18, 13
14/04/2023, 71, 68, 12, 31, 18, 11
15/04/2023, 105, 74, 10, 34, 18, 9
16/04/2023, 99, 70, 12, 25, 17, 6
17/04/2023, 100, 60, 13, 24, 18, 13
18/04/2023, 84, 83, 19, 27, 18, 11
19/04/2023, 122, 87, 18, 40, 19, 12
20/04/2023, 127, 85, 17, 40, 18, 11
21/04/2023, 130, 77, 17, 24, 18, 8
22/04/2023, 109, 61, 17, 21, 17, 5
23/04/2023, 83, 59, 18, 21, 18, 7
24/04/2023, 72, 46, 16, 25, 17, 4
25/04/2023, 42, 55, 12, 29, 18, 5
26/04/2023, 68, 66, 13, 32, 18, 5
27/04/2023, 96, 54, 12, 22, 18, 5
28/04/2023, 58, 46, 12, 25, 18, 4
29/04/2023, 41, 57, 12, 25, 18, 3
30/04/2023, 53, 80, 22, 26, 18, 3
01/05/2023, 100, 67, 16, 21, 18, 2
02/05/2023, 70, 45, 14, 14, 17, 1
03/05/2023, 45, 49, 20, 16, 17, 5
04/05/2023, 60, 63, 25, 24, 18, 8
05/05/2023, 77, 72, 31, 22, 18, 6
06/05/2023, 99, 66, 25, 21, 18, 4
07/05/2023, 90, 47, 69, 27, 18, 5
08/05/2023, 51, 58, 25, 30, 19, 10
09/05/2023, 83, 54, 34, 26, 18, 9
10/05/2023, 74, 44, 60, 32, 18, 7
11/05/2023, 40, 40, 14, 26, 18, 7
12/05/2023, 41, 32, 18, 18, 18, 2
13/05/2023, 35, 39, 19, 25, 18, 6
14/05/2023, 56, 52, 33, 29, 18, 6
15/05/2023, 67, 50, 36, 23, 18, 6
16/05/2023, 65, 72, 39, 29, 18, 7
17/05/2023, 103, 81, 36, 24, 19, 8
18/05/2023, 122, 67, 38, 44, 19, 8
19/05/2023, 96, 68, 102, 24, 18, 6
20/05/2023, 104, 63, 102, 21, 18, 5
21/05/2023, 92, 67, 126, 24, 18, 8
22/05/2023, 95, 65, 103, 27, 18, 6
23/05/2023, 91, 62, 74, 21, 18, 5
24/05/2023, 90, 51, 53, 33, 18, 9
25/05/2023, 59, 50, 46, 25, 19, 9
26/05/2023, 56, 47, 61, 22, 18, 7
27/05/2023, 49, 39, 55, 18, 18, 5
28/05/2023, 46, 53, 77, 33, 18, 8
29/05/2023, 62, 58, 49, 31, 19, 8
30/05/2023, 69, 62, 41, 27, 19, 7
31/05/2023, 86, 61, 80, 23, 19, 7
01/06/2023, 95, 61, 92, 32, 19, 9
02/06/2023, 82, 57, 34, 25, 18, 6
03/06/2023, 72, 59, 36, 30, 18, 6
04/06/2023, 75, 57, 28, 33, 19, 10
05/06/2023, 83, 55, 37, 21, 19, 7
06/06/2023, 77, 52, 60, 23, 19, 5
07/06/2023, 75, 65, 40, 31, 19, 9
08/06/2023, 114, 40, 25, 22, 18, 8
09/06/2023, 47, 61, 24, 32, 18, 9
10/06/2023, 89, 67, 29, 19, 18, 5
11/06/2023, 115, 65, 22, 29, 19, 12
12/06/2023, 101, 49, 26, 20, 18, 5
13/06/2023, 78, 35, 15, 19, 18, 6
14/06/2023, 42, 44, 40, 26, 18, 9
15/06/2023, 51, 53, 135, 34, 18, 9
16/06/2023, 58, 49, , 24, 18, 6
17/06/2023, 47, 39, , 22, 18, 7
18/06/2023, 41, 55, , 29, 19, 10
19/06/2023, 54, 57, 21, 30, 19, 10
20/06/2023, 66, 56, 127, 31, 19, 10
21/06/2023, 62, 65, 138, 37, 19, 13
22/06/2023, 78, 41, 13, 22, 18, 6
23/06/2023, 49, 40, , 24, 19, 11
24/06/2023, 45, 22, , 20, 18, 7
25/06/2023, 25, 50, , 28, 19, 12
26/06/2023, 60, 53, , 27, 19, 10
27/06/2023, 57, 35, , 20, 19, 6
28/06/2023, 36, 36, , 17, 18, 5
29/06/2023, 41, 47, , 25, 18, 8
30/06/2023, 50, 52, , 25, 18, 8
01/07/2023, 61, 52, , 22, 18, 8
02/07/2023, 56, 54, , 29, 19, 11
03/07/2023, 64, 47, , 24, 19, 7
04/07/2023, 57, 49, , 27, 19, 10
05/07/2023, 51, 44, , 19, 19, 6
06/07/2023, 41, 39, , 21, 19, 4
07/07/2023, 34, 36, , 18, 19, 5
08/07/2023, 35, 39, , 26, 19, 6
09/07/2023, 30, 46, , 28, 19, 7
10/07/2023, 46, 44, 16, 27, 19, 7
11/07/2023, 48, 41, 11, 30, 19, 6
12/07/2023, 42, 49, 16, 32, 19, 8
13/07/2023, 56, 45, 11, 26, 19, 7
14/07/2023, 52, 51, 15, 27, 19, 6
15/07/2023, 68, 59, 21, 27, 19, 6
16/07/2023, 79, 74, 25, 31, 19, 7
17/07/2023, 105, 61, 19, 23, 19, 4
18/07/2023, 82, 41, 10, 31, 19, 9
19/07/2023, 60, 57, 8, 28, 19, 10
20/07/2023, 81, 55, 8, 26, 19, 8
21/07/2023, 74, 46, 8, 24, 19, 6
22/07/2023, 48, 35, 8, 20, 19, 4
23/07/2023, 33, 41, 8, 25, 19, 7
24/07/2023, 42, 41, 8, 26, 19, 7
25/07/2023, 39, 49, 15, 28, 19, 7
26/07/2023, 55, 57, 19, 29, 20, 8
27/07/2023, 76, 53, 11, 29, 19, 7
28/07/2023, 64, 54, 18, 26, 19, 7
29/07/2023, 77, 54, 8, 29, 19, 8
30/07/2023, 71, 47, 7, 31, 19, 10
31/07/2023, 60, 39, 9, 29, 19, 10
01/08/2023, 55, 52, 8, 27, 19, 8
02/08/2023, 67, 48, 8, 21, 19, 7
03/08/2023, 58, 33, 6, 26, 20, 10
04/08/2023, 43, 37, 7, 23, 20, 10
05/08/2023, 52, 44, 7, 25, 20, 9
06/08/2023, 43, 49, 6, 27, 20, 10
07/08/2023, 50, 53, 6, 30, 20, 10
08/08/2023, 53, 52, 9, 26, 20, 9
09/08/2023, 68, 55, 7, 30, 20, 11
10/08/2023, 76, 63, 6, 33, 21, 13
11/08/2023, 94, 58, 8, 28, 20, 9
12/08/2023, 73, 55, 12, 24, 19, 5
13/08/2023, 75, 49, 11, 32, 20, 8
14/08/2023, 54, 42, 11, 30, 19, 8
15/08/2023, 58, 61, 7, 36, 20, 11
16/08/2023, 80, 62, 13, 29, 20, 9
17/08/2023, 86, 53, 12, 28, 20, 8
18/08/2023, 63, 64, 7, 38, 20, 12
19/08/2023, 92, 47, 6, 27, 20, 9
20/08/2023, 57, 55, 6, 35, 20, 11
21/08/2023, 67, 55, 8, 31, 20, 9
22/08/2023, 63, 55, 16, 27, 19, 7
23/08/2023, 70, 45, 8, 30, 18, 8
24/08/2023, 59, 55, 9, 26, 19, 7
25/08/2023, 79, 43, 8, 28, 20, 8
26/08/2023, 50, 54, 12, 28, 20, 9
27/08/2023, 71, 35, 9, 23, 20, 7
28/08/2023, 45, 46, 10, 22, 19, 6
29/08/2023, 62, 41, 20, 22, 19, 5
30/08/2023, 53, 55, 26, 29, 19, 6
31/08/2023, 88, 64, 25, 26, 19, 5
01/09/2023, 104, 60, 23, 23, 19, 5
02/09/2023, 104, 55, 15, 24, 20, 5
03/09/2023, 81, 26, 9, 18, 19, 3
04/09/2023, 37, 42, 10, 25, 20, 7
05/09/2023, 57, 64, 12, 25, 20, 6
06/09/2023, 98, 58, 20, 22, 20, 6
07/09/2023, 92, 43, 14, 19, 19, 4
08/09/2023, 59, 49, 12, 23, 20, 7
09/09/2023, 70, 59, 12, 22, 19, 6
10/09/2023, 98, 61, 11, 27, 20, 8
11/09/2023, 90, 60, 7, 33, 20, 9
12/09/2023, 93, 32, 9, 17, 19, 4
13/09/2023, 43, 13, 8, 15, 19, 3
14/09/2023, 31, 4, 9, 19, 19, 5
15/09/2023, 51, , 8, 24, 19, 7
16/09/2023, 77, , 7, 26, 20, 7
17/09/2023, 78, , 7, 30, 20, 10
18/09/2023, 65, 14, 7, 25, 19, 8
19/09/2023, 50, 21, 7, 21, 20, 7
20/09/2023, 31, 25, 6, 21, 20, 7
21/09/2023, 35, 24, 6, 23, 20, 6
22/09/2023, 35, 26, 6, 25, 20, 7
23/09/2023, 37, 38, 6, 28, 20, 7
24/09/2023, 58, 51, 8, 24, 20, 6
25/09/2023, 86, 48, 6, 21, 20, 5
26/09/2023, 77, 23, 6, 19, 20, 6
27/09/2023, 34, 29, 6, 21, 20, 6
28/09/2023, 43, 51, 8, 25, 20, 8
29/09/2023, 81, 59, 9, 22, 20, 6
30/09/2023, 105, 41, 6, 25, 20, 6
01/10/2023, 70, 47, 7, 31, 20, 9
02/10/2023, 77, 53, 12, 31, 20, 8
03/10/2023, 91, 53, 11, 30, 21, 8
04/10/2023, 90, 50, 9, 27, 20, 8
05/10/2023, 71, 53, 7, 24, 20, 7
06/10/2023, 67, 46, 7, 19, 20, 6
07/10/2023, 60, 28, 20, 18, 19, 4
08/10/2023, 41, 39, 20, 20, 19, 4
09/10/2023, 63, 35, 19, 20, 19, 4
10/10/2023, 50, 43, 19, 22, 20, 5
11/10/2023, 66, 37, 11, 19, 20, 4
12/10/2023, 57, 49, 15, 24, 20, 6
13/10/2023, 80, 56, 17, 20, 21, 5
14/10/2023, 96, 34, 20, 17, 20, 4
15/10/2023, 50, 58, 23, 27, 20, 7
16/10/2023, 107, 68, 37, 31, 21, 8
17/10/2023, 127, 76, 23, 33, 22, 9
18/10/2023, 140, 76, 18, 27, 22, 7
19/10/2023, 132, 48, 17, 20, 21, 5
20/10/2023, 70, 38, 22, 22, 20, 5
21/10/2023, 49, 48, 23, 25, 20, 5
22/10/2023, 76, 64, 17, 27, 21, 7
23/10/2023, 117, 74, 15, 32, 22, 8
24/10/2023, 133, 79, 17, 30, 22, 8
25/10/2023, 148, 62, 11, 37, 22, 9
26/10/2023, 98, 86, 15, 39, 23, 9
27/10/2023, 155, 53, 9, 21, 22, 5
28/10/2023, 77, 41, 8, 17, 21, 4
29/10/2023, 67, 36, 12, 27, 22, 9
30/10/2023, 50, 62, 21, 29, 28, 9
31/10/2023, 113, 68, 24, 27, 24, 6
01/11/2023, 124, 79, 25, 36, 28, 8
02/11/2023, 142, 62, 13, 27, 30, 7
03/11/2023, 98, 46, 7, 21, 26, 6
04/11/2023, 52, 46, 7, 20, 24, 5
05/11/2023, 52, 51, 7, 25, 26, 7
06/11/2023, 63, 35, 7, 19, 30, 5
07/11/2023, 45, 64, 21, 26, 31, 7
08/11/2023, 107, 56, 8, 28, 31, 8
09/11/2023, 80, 55, 8, 25, 31, 8
10/11/2023, 76, 50, 6, 23, 31, 7
11/11/2023, 59, 48, 6, 25, 31, 6
12/11/2023, 68, 24, 6, 12, 40, 4
13/11/2023, 24, 28, 9, 18, 43, 5
14/11/2023, 37, 58, 7, 23, 38, 7
15/11/2023, 106, 38, 11, 16, 37, 4
16/11/2023, 62, 45, 20, 32, 35, 9
17/11/2023, 66, 74, 21, 37, 29, 9
18/11/2023, 140, 78, 23, 40, 27, 10
19/11/2023, 150, 84, 34, 35, 26, 8
20/11/2023, 167, , , , , 
21/11/2023, , 102, 14, 40, 24, 9
22/11/2023, 187, 80, 18, 34, 24, 8
23/11/2023, 152, 83, 13, 41, 25, 12
24/11/2023, 150, 87, 15, 42, 24, 9
25/11/2023, 140, 79, 27, 32, 23, 7
26/11/2023, 137, 92, 29, 38, 25, 11
27/11/2023, 160, 91, 22, 36, 24, 9
28/11/2023, 164, 107, 30, 41, 24, 10
29/11/2023, 187, 92, 15, 30, 24, 7
30/11/2023, 172, 36, 15, 15, 24, 4
01/12/2023, 65, 52, 9, 16, 25, 5
02/12/2023, 103, 53, 7, 16, 25, 5
03/12/2023, 107, 44, 7, 18, 24, 6
04/12/2023, 69, 65, 5, 23, 24, 7
05/12/2023, 112, 61, 8, 21, 24, 6
06/12/2023, 109, 62, 16, 33, 24, 11
07/12/2023, 119, 75, 16, 41, 24, 9
08/12/2023, 133, 80, 11, 34, 24, 9
09/12/2023, 141, 59, 9, 23, 24, 7
10/12/2023, 79, 74, 7, 31, 25, 11
11/12/2023, 88, 80, 6, 32, 25, 13
12/12/2023, 102, 61, 11, 28, 23, 8
13/12/2023, 79, 63, 8, 25, 23, 7
14/12/2023, 87, 62, 7, 27, 23, 8
15/12/2023, 75, 62, 6, 21, 23, 6
16/12/2023, 73, 33, 9, 16, 22, 4
17/12/2023, 45, 58, 7, 18, 23, 5
18/12/2023, 113, 34, 9, 12, 23, 3
19/12/2023, 57, 34, 13, 15, 23, 4
20/12/2023, 57, 53, 15, 24, 23, 7
21/12/2023, 100, 57, 21, 24, 23, 6
22/12/2023, 98, 66, 25, 31, 23, 8
23/12/2023, 134, 72, 23, 17, 23, 4
24/12/2023, 157, , , , , 
26/12/2023, , , 5, 38, 25, 9
27/12/2023, , , 31, 37, 25, 9
28/12/2023, , 104, 22, 38, 25, 10
29/12/2023, 182, 107, 12, 31, 24, 9
30/12/2023, 192, 71, 7, 30, 24, 8
31/12/2023, 118, 81, 16, 32, 24, 8
01/01/2024, 140, 65, 13, 27, 24, 8
02/01/2024, 98, 52, 11, 21, 23, 7
03/01/2024, 70, 64, 7, 31, 25, 10
04/01/2024, 122, 80, 12, 34, 24, 10
05/01/2024, 152, 66, 14, 28, 24, 8
06/01/2024, 106, 64, 14, 27, 23, 7
07/01/2024, 95, 64, 13, 23, 23, 7
08/01/2024, 90, 62, 9, 25, 23, 8
09/01/2024, 82, 55, 6, 22, 23, 9
10/01/2024, 83, 29, 5, 16, 23, 7
11/01/2024, 51, 16, 5, 15, 15, 7
12/01/2024, 31, 44, 5, 19, 8, 9
13/01/2024, 82, 62, 7, 22, 8, 9
14/01/2024, 116, 67, 6, 26, 8, 10
15/01/2024, 108, 68, 7, 31, 8, 10
16/01/2024, 100, 64, 5, 27, 9, 10
17/01/2024, 112, , , , , 
23/01/2024, , 40, 9, 15, 7, 5
24/01/2024, 69, 49, 12, 15, 7, 5
25/01/2024, 90, 54, 10, 14, 7, 4
26/01/2024, 116, 46, 8, 13, 8, 5
27/01/2024, 112, 40, 11, 12, 8, 4
28/01/2024, 89, 50, 10, 18, 8, 7
29/01/2024, 117, 68, 6, 24, 8, 10
30/01/2024, 160, 79, 6, 25, 8, 13
31/01/2024, 175, 84, 6, 26, 8, 13
01/02/2024, 170, 83, 10, 23, 8, 11
02/02/2024, 145, 50, 6, 18, 8, 6
03/02/2024, 64, 45, 8, 16, 7, 5
04/02/2024, 60, 49, 7, 15, 7, 5
05/02/2024, 66, 54, 6, 9, 7, 8
06/02/2024, 79, 48, 5, 1, 8, 6
07/02/2024, 76, 28, 10, 1, , 4
08/02/2024, 59, 34, 17, 1, 7, 4
09/02/2024, 65, 58, 18, 5, 7, 4
10/02/2024, 142, 42, 16, 9, 7, 5
11/02/2024, 91, 54, 16, 11, 7, 4
12/02/2024, 113, 43, 13, 6, 7, 2
13/02/2024, 63, 43, 13, 6, 7, 3
14/02/2024, 59, 57, 9, 7, 7, 7
15/02/2024, 82, 63, 10, 6, 8, 7
16/02/2024, 118, 54, 11, 4, 8, 5
17/02/2024, 89, 48, 8, 4, 7, 4
18/02/2024, 68, 49, 6, 4, 7, 6
19/02/2024, 57, 52, 6, 3, 7, 5
20/02/2024, 75, 56, 7, 4, 7, 6
21/02/2024, 78, 55, 6, 4, 7, 8
22/02/2024, 70, 52, 6, 3, 7, 7
23/02/2024, 96, 17, 5, 2, 8, 4
24/02/2024, 38, 22, 5, 2, 8, 4
25/02/2024, 38, 34, 5, 3, 8, 5
26/02/2024, 62, 26, 6, 3, 8, 4
27/02/2024, 47, 43, 5, 3, 8, 6
28/02/2024, 86, 29, 9, 2, 8, 4
29/02/2024, 55, 27, 11, 3, 8, 5
01/03/2024, 46, 42, 12, 3, 8, 6
02/03/2024, 84, 58, 10, 3, 8, 5
03/03/2024, 127, 70, 7, 3, 8, 12
04/03/2024, 145, 111, 16, 3, 8, 12
05/03/2024, 197, 93, 14, 2, 8, 9
06/03/2024, 167, 73, 11, 2, 7, 8
07/03/2024, 131, 86, 7, 1, 8, 10
08/03/2024, 170, 77, 7, 1, 8, 7
09/03/2024, 154, 41, 6, 1, 8, 6
10/03/2024, 65, 45, 10, 1, 9, 9
11/03/2024, 74, 78, 10, 1, 8, 9
12/03/2024, 148, 66, 9, 1, 8, 9
13/03/2024, 118, 44, 7, 1, 8, 9
14/03/2024, 83, 62, 5, 1, 8, 11
15/03/2024, 109, 58, 9, 1, 8, 7
16/03/2024, 73, 57, 8, 1, 8, 6
17/03/2024, 80, 53, 10, 1, 7, 8
18/03/2024, 68, 43, 15, 1, 7, 5
19/03/2024, 65, 58, 8, 1, 8, 10
20/03/2024, 88, 78, 14, 1, 8, 9
21/03/2024, 130, 72, 13, 1, 8, 8
22/03/2024, 112, 56, 9, 1, 8, 5
23/03/2024, 76, 54, 11, 1, 7, 6
24/03/2024, 72, 56, 11, 1, 7, 7
25/03/2024, 72, 59, 11, 1, 7, 6
26/03/2024, 73, 60, 10, 1, 7, 5
27/03/2024, 93, 63, 11, 1, 7, 8
28/03/2024, 89, 67, 10, 1, 8, 9
29/03/2024, 104, 67, 8, 1, 8, 8
30/03/2024, 103, 68, 11, 1, 7, 7
31/03/2024, 109, 77, 11, 1, 7, 7
01/04/2024, 118, 72, 11, 1, 7, 7
02/04/2024, 103, 78, 11, 1, 8, 8
03/04/2024, 112, 73, 11, 1, 7, 8
04/04/2024, 100, 59, 11, 1, 8, 5
05/04/2024, 69, 54, 10, 1, 7, 6
06/04/2024, 63, 47, 10, 1, 7, 8
07/04/2024, 65, 48, 10, 1, 7, 7
08/04/2024, 45, 56, 6, 1, 7, 9
09/04/2024, 79, 67, 7, 1, 8, 11
10/04/2024, 99, 61, 10, 1, 8, 9
11/04/2024, 86, 61, 10, 1, 7, 6
12/04/2024, 72, 54, 10, 1, 7, 4
13/04/2024, 55, 59, 10, 1, 7, 5
14/04/2024, , 66, 11, 1, 8, 7
15/04/2024, , 58, 10, 1, 8, 4
16/04/2024, , 56, 10, 1, 7, 5
17/04/2024, , 57, 10, 1, 8, 5
18/04/2024, , 59, 10, 1, 7, 6
19/04/2024, , 69, 11, 1, 7, 7
20/04/2024, , 68, 9, 1, 7, 6
21/04/2024, , 63, 9, 1, 7, 9
22/04/2024, , 67, , 1, 8, 9
23/04/2024, , 72, 9, 1, 8, 9
24/04/2024, 136, 65, , 1, 8, 7
25/04/2024, 105, 75, 9, 1, 7, 9
26/04/2024, 114, 76, 9, 1, 8, 7
27/04/2024, 120, , , , , 
07/05/2024, , 56, 9, 1, 8, 9
08/05/2024, 65, 44, 9, 1, 8, 6
09/05/2024, 53, 58, , 1, 8, 7
10/05/2024, 78, 49, 9, 1, 8, 4
11/05/2024, 59, 50, , 1, , 6
12/05/2024, 54, 35, 9, 1, 8, 5
13/05/2024, 45, 56, 12, 1, 8, 6
14/05/2024, 82, 50, 10, 1, 8, 8
15/05/2024, 60, 60, 10, 1, 8, 7
16/05/2024, 89, 60, 12, 1, 8, 6
17/05/2024, 80, 48, 11, 1, 8, 3
18/05/2024, 48, 45, 12, 1, 8, 5
19/05/2024, 47, 50, 10, 1, 8, 9
20/05/2024, 62, 64, 11, 1, 8, 8
21/05/2024, 91, 59, 16, 1, 8, 5
22/05/2024, 89, 63, 11, 1, 8, 10
23/05/2024, 92, 73, 10, 1, 8, 8
24/05/2024, 99, 37, 11, 1, 8, 6
25/05/2024, 39, 33, 14, 1, 8, 4
26/05/2024, 30, 54, 13, 1, 8, 8
27/05/2024, 59, 65, 13, 1, 8, 8
28/05/2024, 85, 56, 14, 1, 8, 6
29/05/2024, 58, 50, 13, 1, 8, 6
30/05/2024, 47, 39, 10, 1, 8, 8
31/05/2024, 48, 63, 10, 1, 8, 8
01/06/2024, 98, 60, 11, 1, 8, 6
02/06/2024, 84, 58, 12, 1, 8, 7
03/06/2024, 76, 56, 12, 1, 8, 7
04/06/2024, 76, 50, 12, 1, 8, 5
05/06/2024, 65, 35, 8, 1, 8, 7
06/06/2024, 41, 66, 9, 1, 6, 11
07/06/2024, 94, 54, 6, 1, 4, 7
08/06/2024, 53, 33, 7, 1, 4, 9
09/06/2024, 40, 52, 6, 1, 4, 9
10/06/2024, 56, 51, 9, 1, 4, 7
11/06/2024, 52, 55, 11, 1, 4, 7
12/06/2024, 75, 61, 10, 1, 4, 8
13/06/2024, 82, 65, 9, 1, 4, 9
14/06/2024, 90, 90, 10, 1, 4, 8
15/06/2024, 163, 68, 10, 1, 4, 6
16/06/2024, 102, 55, 9, 1, 4, 8
17/06/2024, 68, 54, 8, 1, 4, 8
18/06/2024, 73, 53, 10, 1, 4, 6
19/06/2024, 61, 57, 10, 1, 4, 8
20/06/2024, 78, 51, 10, 1, 4, 6
21/06/2024, 61, 41, 10, 1, , 4
22/06/2024, 36, 47, 9, 1, , 6
23/06/2024, 55, 35, 9, 1, 4, 8
24/06/2024, 38, 42, 9, 1, 4, 8
25/06/2024, 47, 43, 8, 1, 4, 8
26/06/2024, 46, 35, 8, 1, 4, 7
27/06/2024, 34, 37, 8, 1, 4, 5
28/06/2024, 35, 39, 10, 1, 4, 4
29/06/2024, 36, 46, 10, 1, 4, 5
30/06/2024, 44, 53, 9, 1, 4, 7
01/07/2024, 54, 56, 9, 1, 4, 6
02/07/2024, 72, 55, 9, 1, 4, 11
03/07/2024, 72, 33, 9, 1, 4, 5
04/07/2024, 29, 27, 9, 1, 4, 3
05/07/2024, 24, 47, 8, 1, 4, 5
06/07/2024, 50, 32, 10, 1, 4, 3
07/07/2024, 26, 35, 10, 1, 4, 4
08/07/2024, 29, 37, 10, 1, 4, 5
09/07/2024, 35, 48, 11, 1, 4, 8
10/07/2024, 55, 53, 9, 1, 4, 7
11/07/2024, 59, 44, 11, 1, 4, 7
12/07/2024, 41, 39, 11, 1, 4, 5
13/07/2024, 37, 33, 9, 1, 4, 6
14/07/2024, 36, 34, 9, 1, 4, 4
15/07/2024, 43, 38, 9, 1, , 6
16/07/2024, 50, 48, 9, 1, , 6
17/07/2024, 50, 28, 8, 1, 4, 7
18/07/2024, 32, 44, 9, 1, , 10
19/07/2024, 51, 48, 10, 1, 4, 9
20/07/2024, 57, 52, 14, 1, 4, 6
21/07/2024, 51, 39, 9, 1, 4, 6
22/07/2024, 55, 27, , 1, 4, 5
23/07/2024, 38, , , , , 
24/07/2024, , 36, 7, 1, 4, 10
25/07/2024, 44, 54, 10, 1, 4, 8
26/07/2024, 66, 60, 10, 1, 4, 6
27/07/2024, 82, 36, 8, 1, 4, 6
28/07/2024, 57, 43, 8, 1, 4, 10
29/07/2024, 48, 33, 8, 1, 4, 8
30/07/2024, 39, 32, 7, 1, 4, 7
31/07/2024, 29, 44, 7, 1, 4, 7
01/08/2024, 42, 42, 7, 1, 4, 6
02/08/2024, 32, 48, 6, 1, 4, 8
03/08/2024, 43, 39, 7, 1, 4, 5
04/08/2024, 41, 49, 8, 1, 4, 8
05/08/2024, 60, 49, 7, 1, 4, 8
06/08/2024, 56, 54, 7, 1, 4, 8
07/08/2024, 66, 48, 7, 1, 4, 7
08/08/2024, 54, 40, 7, 1, 4, 5
09/08/2024, 43, 47, 8, 1, 4, 6
10/08/2024, 51, 35, 6, 1, 4, 5
11/08/2024, 32, 58, 7, 1, 4, 9
12/08/2024, 77, 41, 8, 1, 4, 5
13/08/2024, 59, 30, 7, 1, 4, 5
14/08/2024, 41, 44, 7, 1, 4, 6
15/08/2024, 53, 57, 7, 1, 4, 7
16/08/2024, 87, 66, 8, 1, 4, 9
17/08/2024, 114, 62, 7, 1, 4, 8
18/08/2024, 103, 65, 7, 1, 4, 9
19/08/2024, 108, 50, 8, 1, 4, 9
20/08/2024, 66, 39, 8, 1, 4, 8
21/08/2024, 49, 49, 6, 1, 4, 6
22/08/2024, 48, 35, 6, 1, 4, 9
23/08/2024, 48, 38, 6, 1, 4, 8
24/08/2024, 53, 32, 7, 1, 4, 7
25/08/2024, 31, 41, 7, 1, 4, 8
26/08/2024, 47, 49, 6, 1, 4, 9
27/08/2024, 63, 59, 7, 1, 4, 7
28/08/2024, 85, 61, 7, 1, 4, 10
29/08/2024, 96, 32, 8, 1, 4, 6
30/08/2024, 35, 54, 7, 1, 4, 9
31/08/2024, 73, 47, 7, 1, 4, 5
01/09/2024, 74, 44, 7, 1, 4, 5
02/09/2024, 61, 27, 7, 1, 4, 5
03/09/2024, 36, 53, 7, 1, 4, 6
04/09/2024, 88, 60, 8, 1, 4, 6
05/09/2024, 94, 43, 7, 1, 4, 6
06/09/2024, 58, 25, 7, 1, 4, 1
07/09/2024, 23, 17, 7, 1, 4, 3
08/09/2024, 24, 29, 8, 1, 4, 7
09/09/2024, 28, 21, 7, 1, 4, 7
10/09/2024, 34, 20, 7, 1, 4, 7
11/09/2024, 34, 29, 8, 1, 5, 6
12/09/2024, 43, 29, 7, 1, , 7
13/09/2024, 40, , 9, 1, 4, 4
20/09/2024, , , 9, 1, 5, 7
21/09/2024, , , , 1, 5, 3
22/09/2024, , , 9, 1, 4, 10
23/09/2024, , , 9, 1, 5, 7
24/09/2024, , , , 1, , 10
25/09/2024, , , , 1, 5, 9
26/09/2024, , 60, 9, 1, 5, 8
27/09/2024, 80, 44, , 1, 5, 5
28/09/2024, 48, 37, , 1, 5, 5
29/09/2024, 45, 22, , 1, 4, 2
30/09/2024, 26, , , , , 
01/10/2024, , 42, 9, 1, 5, 6
02/10/2024, 56, 43, 9, 1, 4, 6
03/10/2024, 59, 73, 9, 1, 5, 6
04/10/2024, 127, 74, 9, 1, 5, 6
05/10/2024, 132, 79, 9, 1, 5, 7
06/10/2024, 145, 80, 9, 1, 5, 7
07/10/2024, 146, 68, 9, 1, 5, 6
08/10/2024, 126, 76, 9, 1, 5, 7
09/10/2024, 142, 89, , 1, 5, 7
10/10/2024, 165, 84, , 1, 5, 9
11/10/2024, 161, 77, , 1, 5, 9
12/10/2024, 146, 69, , 1, 5, 8
13/10/2024, 116, 65, 9, 1, 5, 9
14/10/2024, 108, 57, 9, 1, 5, 7
15/10/2024, 83, 58, 9, 1, 5, 7
16/10/2024, 89, 64, , 1, 5, 9
17/10/2024, 101, 55, 9, 1, 5, 8
18/10/2024, 69, 55, , 1, 5, 8
19/10/2024, 69, 57, 9, 1, 5, 8
20/10/2024, 78, 59, 9, 1, 5, 8
21/10/2024, 100, 56, , 1, 5, 6
22/10/2024, 94, 33, , 1, 5, 4
23/10/2024, 41, 61, , 1, 5, 8
24/10/2024, 94, 76, 9, 1, 5, 8
25/10/2024, 139, 68, 9, 1, 5, 5
26/10/2024, 117, 47, , 1, 5, 3
27/10/2024, 67, 33, 9, 1, 5, 3
28/10/2024, 42, 43, , 1, 5, 8
29/10/2024, 67, 69, , 1, 5, 7
30/10/2024, 120, 92, 9, 1, 5, 13
31/10/2024, 164, 81, 9, 1, 5, 7
01/11/2024, 133, 68, 9, 1, 5, 6
02/11/2024, 116, 78, 9, 1, 5, 7
03/11/2024, 145, 68, 9, 1, 5, 6
04/11/2024, 133, 63, 9, 1, 5, 7
05/11/2024, 119, 70, 9, 1, 5, 7
06/11/2024, 137, 82, , 1, 5, 8
07/11/2024, 155, 77, 9, 1, 5, 8
08/11/2024, 144, 93, 9, 1, 5, 9
09/11/2024, 167, 90, 9, 1, 5, 9
10/11/2024, 169, 94, , 1, 5, 9
11/11/2024, 170, 89, , 1, 6, 11
12/11/2024, 156, 78, , 1, 5, 8
13/11/2024, 139, 79, 9, 1, 6, 10
14/11/2024, 136, 73, 9, 1, 5, 9
15/11/2024, 119, 60, 9, 1, 5, 7
16/11/2024, 89, 59, 9, 1, 5, 6
17/11/2024, 89, 71, 9, 1, 6, 7
18/11/2024, 123, 57, , 1, 5, 6
19/11/2024, 95, 57, 9, 1, 5, 7
20/11/2024, 74, 56, 9, 1, 5, 5
21/11/2024, 85, 61, , 1, 5, 6
22/11/2024, 104, 65, , 1, 5, 6
23/11/2024, 110, 73, 9, 1, 5, 7
24/11/2024, 132, 89, 9, 1, 5, 11
25/11/2024, 164, 55, 9, 1, 5, 5
26/11/2024, 74, 53, 9, 1, 5, 5
27/11/2024, 81, 38, , 1, 5, 3
28/11/2024, 51, 57, 9, 1, 5, 7
29/11/2024, 92, 83, 9, 1, 5, 8
30/11/2024, 147, 80, 9, 1, 5, 8
01/12/2024, 142, 81, 9, 1, 5, 8
02/12/2024, 143, 69, , 1, 6, 8
03/12/2024, 100, 68, , 1, 5, 8
04/12/2024, 91, 73, , 1, 5, 9
05/12/2024, 107, 80, , 1, 6, 10
06/12/2024, 125, 67, , 1, 5, 5
07/12/2024, 119, 32, 9, 1, 5, 4
08/12/2024, 40, 59, , 1, 5, 7
09/12/2024, 108, 111, 9, 1, 5, 12
10/12/2024, 192, 74, 9, 1, 5, 6
11/12/2024, 122, 42, 9, 1, 5, 3
12/12/2024, 49, 49, 9, , , 5
13/12/2024, 67, 49, , , , 4
14/12/2024, 84, 49, , , , 4
15/12/2024, 110, 61, , 1, 5, 8
16/12/2024, 143, 87, , 1, 5, 13
17/12/2024, 195, 71, , 1, 5, 9
18/12/2024, 153, 72, 7, 1, 5, 9
19/12/2024, 156, 73, 15, 1, 5, 9
20/12/2024, 161, 77, 16, 1, 5, 8
21/12/2024, 172, 99, 23, 1, 5, 9
22/12/2024, 214, 100, 26, 1, 5, 13
23/12/2024, 192, 93, 21, 1, 5, 10
24/12/2024, 180, 111, 11, 1, 6, 12
25/12/2024, 207, 82, 25, 1, 6, 8
26/12/2024, 171, 55, 17, 1, 5, 4
27/12/2024, 128, 50, 20, 1, 5, 8
28/12/2024, 111, 73, 19, 1, 5, 9
29/12/2024, 156, , , , , 
31/12/2024, , 112, 24, 1, 5, 10
01/01/2025, 209, 119, 30, 1, 5, 10
02/01/2025, 217, 94, 27, 1, 6, 12
03/01/2025, 183, 79, 16, 1, 6, 9
04/01/2025, 169, 89, 32, 1, 5, 10
05/01/2025, 174, 92, 26, 1, 6, 13
06/01/2025, 183, 99, 14, 1, 6, 10
07/01/2025, 198, 79, 7, 1, 6, 9
08/01/2025, 168, 71, 21, 1, 5, 7
09/01/2025, 161, 39, 14, 1, 5, 5
10/01/2025, 99, 49, 15, 1, 5, 6
11/01/2025, 107, 70, 17, 1, 5, 10
12/01/2025, 145, 89, 15, 1, 6, 10
13/01/2025, 179, 81, 15, 1, 6, 10
14/01/2025, 168, 83, 20, 1, 5, 10
15/01/2025, 174, 76, 24, 1, 5, 8
16/01/2025, 164, 76, 15, 1, 5, 8
17/01/2025, 168, 89, 13, 1, 5, 7
18/01/2025, 179, 100, 19, 1, 5, 8
19/01/2025, 191, 109, 22, 1, 5, 11
20/01/2025, 208, 95, 20, 1, 5, 12
21/01/2025, 193, 82, 5, 1, 6, 11
22/01/2025, 172, 59, 5, 1, 6, 9
23/01/2025, 138, 56, 4, 1, 6, 8
24/01/2025, 137, 43, 3, 1, 6, 7
25/01/2025, 111, 25, 13, 1, 5, 4
26/01/2025, 60, 34, 21, 1, 5, 5
27/01/2025, 74, 47, 23, 1, 5, 3
28/01/2025, 100, 96, 20, 1, 5, 5
29/01/2025, 177, 68, 20, 1, 5, 4
30/01/2025, 142, 35, 11, 1, 5, 2
31/01/2025, 87, 31, 5, 1, 5, 4
01/02/2025, 78, 26, 7, 1, 5, 4
02/02/2025, 68, 15, 9, 1, 5, 4
03/02/2025, 41, 32, 14, 1, 5, 5
04/02/2025, 67, 51, 11, 1, 5, 8
05/02/2025, 108, 63, 4, 1, 5, 6
06/02/2025, 127, 11, 6, 1, 5, 4
07/02/2025, 27, 17, 10, 2, 5, 4
08/02/2025, 38, 43, 18, 1, 5, 4
09/02/2025, 90, 74, 9, 1, 5, 8
10/02/2025, 156, 91, 15, 1, 5, 8
11/02/2025, 182, 81, 9, 1, 5, 7
12/02/2025, 160, 69, 7, 1, 5, 8
13/02/2025, 146, 59, 6, 1, 5, 9
14/02/2025, 133, 48, 6, 1, 5, 10
15/02/2025, 119, 19, 4, 1, 5, 4
16/02/2025, 47, 43, 3, 1, 6, 6
17/02/2025, 89, 28, 2, 1, 5, 5
18/02/2025, 53, 46, 2, 1, 5, 7
19/02/2025, 87, 78, 2, 1, 6, 12
20/02/2025, 152, 56, 2, 1, 6, 7
21/02/2025, 105, 65, 2, 1, 6, 8
22/02/2025, 134, 36, 4, 1, 5, 4
23/02/2025, 61, 23, 6, 2, 5, 4
24/02/2025, 40, 39, 2, 2, 5, 6
25/02/2025, 86, 40, 4, 1, 5, 6
26/02/2025, 87, 73, 4, 1, 6, 9
27/02/2025, 166, 58, 5, 1, 6, 7
28/02/2025, 121, 58, 4, 1, 5, 7
01/03/2025, 98, 44, 4, 1, 6, 6
02/03/2025, 64, 50, 6, 1, , 9
03/03/2025, 72, 52, 6, 1, 6, 7
04/03/2025, 75, 53, 7, 1, 6, 7
05/03/2025, 79, 39, 7, 1, 5, 5
06/03/2025, 64, 25, 9, 2, 5, 3
07/03/2025, 42, , , , , 
09/03/2025, , 68, 6, 24, 6, 11
10/03/2025, 167, 63, 7, 10, 6, 8
11/03/2025, 129, 44, 4, 14, 6, 8
12/03/2025, 69, 38, 5, 15, , 7
13/03/2025, 54, 48, 7, 12, 6, 6
14/03/2025, 64, 50, 7, 9, 6, 7
15/03/2025, 67, 28, 11, 14, 6, 4
16/03/2025, 37, 30, 4, 10, 6, 4
17/03/2025, 50, 36, 12, 4, 6, 5
18/03/2025, 95, 42, 19, 1, 5, 4
19/03/2025, 84, 37, 24, 2, 5, 5
20/03/2025, 75, 83, 27, 5, 6, 8
21/03/2025, 148, 68, 24, 8, 6, 7
22/03/2025, 117, 27, 19, 10, 5, 5
23/03/2025, 78, 52, 20, 13, 5, 7
24/03/2025, 54, 69, 7, 16, 6, 7
25/03/2025, 106, 75, 9, 27, 6, 7
26/03/2025, 120, 61, 9, 42, 6, 8
27/03/2025, 102, 71, 7, 22, 6, 8
28/03/2025, 115, 57, 7, 9, 6, 3
29/03/2025, 79, 32, 7, 9, 6, 3
30/03/2025, 45, 44, 12, 9, 6, 4
31/03/2025, 60, 66, 19, 9, 5, 5
01/04/2025, 106, 71, 17, 38, 6, 7
02/04/2025, 118, 75, 16, 41, 6, 6
03/04/2025, 121, 61, 11, 44, 6, 5
04/04/2025, 94, 71, 6, 46, 6, 10
05/04/2025, 114, 88, 4, 49, 6, 8
06/04/2025, 142, 72, 5, 46, 5, 7
07/04/2025, 110, 73, 7, 52, 6, 8
08/04/2025, 122, 53, 8, , 6, 7
09/04/2025, 83, 58, 8, , 6, 8
10/04/2025, 90, 64, 8, , 6, 8
11/04/2025, 101, 74, 8, , 6, 5
12/04/2025, 130, 88, 14, , 6, 1
13/04/2025, 116, 120, 14, , 6, 4
14/04/2025, 168, 126, 18, , 6, 3
15/04/2025, 176, 136, 13, , 6, 3
16/04/2025, 178, 104, 8, , 6, 3
17/04/2025, 154, 91, 8, , 6, 3
18/04/2025, 144, 72, 8, , 6, 2
19/04/2025, 123, 61, 9, , 6, 1
20/04/2025, 98, 54, 8, , 6, 2
21/04/2025, 80, 68, 9, , 6, 3
22/04/2025, 106, 68, 10, , 6, 2
23/04/2025, 114, 64, 9, , 6, 3
24/04/2025, 100, 46, 8, , 5, 2
25/04/2025, 71, 58, 8, , 5, 2
26/04/2025, 86, 55, 9, , 6, 1
27/04/2025, 84, 50, 8, , 5, 2
28/04/2025, 73, 61, 8, , 6, 2
29/04/2025, 95, 59, 10, , 6, 2
30/04/2025, 92, 40, 9, , 6, 1
01/05/2025, 63, 49, 10, , 5, 1
02/05/2025, 74, 52, 9, 57, 5, 1
03/05/2025, 80, 48, 11, , 6, 1
04/05/2025, 69, 57, 12, , 6, 2
05/05/2025, 90, 55, , , 6, 
06/05/2025, 81, 48, , , 6, 
07/05/2025, 70, 54, 11, , 6, 6
08/05/2025, 80, 55, 15, , 6, 7
09/05/2025, 83, 61, 13, , , 7
10/05/2025, 94, 29, 10, , , 4
11/05/2025, 38, 59, 17, , , 5
12/05/2025, 92, 62, 12, , , 5
13/05/2025, 95, 54, 8, , , 6
14/05/2025, 77, 46, 7, , , 5
15/05/2025, 65, 44, 7, , , 5
16/05/2025, 62, 36, 7, , , 5
17/05/2025, 53, 36, 7, , 6, 4
18/05/2025, 47, 41, 7, , 6, 5
19/05/2025, 56, 45, 7, , 6, 5
20/05/2025, 62, 47, 7, , 6, 5
21/05/2025, 62, 46, 7, , , 4
22/05/2025, 55, 38, 7, , , 6
23/05/2025, 49, 38, 7, , , 4
24/05/2025, 47, 33, 14, , , 3
25/05/2025, 38, 41, 12, , , 5
26/05/2025, 58, 64, 9, , , 6
27/05/2025, 103, 62, 8, , , 6
28/05/2025, 99, 34, 11, , 6, 6
29/05/2025, 46, 39, 18, 20, 6, 5
30/05/2025, 57, 49, 21, 14, , 4
31/05/2025, 66, 44, 21, 12, , 5
01/06/2025, 56, 40, 12, 16, , 6
02/06/2025, 55, 44, 20, 18, 10, 5
03/06/2025, 62, 49, 26, 21, , 6
04/06/2025, 67, 57, 38, 18, , 6
05/06/2025, 90, 47, 48, 10, , 5
06/06/2025, 63, 44, 55, 18, , 5
07/06/2025, 57, 48, 26, 13, , 6
08/06/2025, 62, 48, 24, 22, , 6
09/06/2025, 63, 40, 24, 14, , 4
10/06/2025, 55, 54, 38, 16, , 4
11/06/2025, 80, 43, 22, 14, , 4
12/06/2025, 59, 34, 22, 11, , 3
13/06/2025, 45, 42, 19, 18, , 4
14/06/2025, 60, 56, 23, 18, , 5
15/06/2025, 89, 47, 22, 16, , 8
16/06/2025, 62, 55, 24, 13, , 7
17/06/2025, 75, 40, 22, 12, , 4
18/06/2025, 51, 55, 25, 13, , 5
19/06/2025, 80, 56, 24, 14, 9, 5
20/06/2025, 89, 45, 24, 13, 9, 5
21/06/2025, 63, 36, 22, 13, 9, 6
22/06/2025, 48, 50, 22, 14, 9, 6
23/06/2025, 66, 44, 24, 12, 9, 4
24/06/2025, 65, 36, 23, 12, 9, 4
25/06/2025, 47, 40, 23, 15, 9, 5
26/06/2025, 49, 47, 22, 14, 10, 9
27/06/2025, 69, 44, 22, 15, 9, 7
28/06/2025, 56, 43, 22, 12, 9, 6
29/06/2025, 55, 34, 22, 12, 9, 6
30/06/2025, 40, 28, 21, 11, 9, 6
01/07/2025, 37, 35, 22, 14, 10, 8
02/07/2025, 42, 48, 22, 13, 9, 9
03/07/2025, 63, 48, 22, 18, 9, 6
04/07/2025, 60, 56, 22, 18, 9, 5
05/07/2025, 76, 46, 22, 14, 9, 6
06/07/2025, 61, 53, 22, 19, 10, 8
07/07/2025, 70, , 23, 21, 10, 7
08/07/2025, 73, , 24, 19, 10, 5
09/07/2025, 90, , 21, 14, 9, 4
10/07/2025, 47, , 21, 13, 9, 4
11/07/2025, 51, 30, 21, 14, 9, 4
12/07/2025, 47, 32, 23, 15, 9, 4
13/07/2025, 46, 58, 23, 22, 10, 9
14/07/2025, 97, 65, 24, 25, 10, 9
15/07/2025, 109, 48, 25, 18, 9, 6
16/07/2025, 63, 45, 24, 19, 10, 5
17/07/2025, 61, 53, 23, 18, 10, 6
18/07/2025, 81, 72, 35, 18, 10, 5
19/07/2025, 130, , , , , 
21/07/2025, , 14, 18, 5, 10, 2
22/07/2025, 17, 28, 22, 11, 9, 6
23/07/2025, 41, 37, 22, 13, 10, 6
24/07/2025, 47, 54, 23, 16, 10, 7
25/07/2025, 76, 51, 21, 18, 10, 6
26/07/2025, 76, 45, 22, 18, 9, 4
27/07/2025, 63, 55, 22, 20, 10, 5
28/07/2025, 83, 65, 26, 22, 10, 5
29/07/2025, 114, 58, 23, 19, 10, 6
30/07/2025, 90, 43, 25, 17, 10, 5
31/07/2025, 56, 32, 24, 15, 9, 5
01/08/2025, 40, 57, 32, 22, 10, 6
02/08/2025, 87, 45, 25, 15, 10, 5
03/08/2025, 60, 31, 18, 15, 10, 6
04/08/2025, 42, 47, 24, 18, 10, 5
05/08/2025, 70, 48, 25, 15, 10, 9
06/08/2025, 73, 47, 21, 19, 10, 8
07/08/2025, 70, 46, 23, 16, 10, 5
08/08/2025, 61, 43, 24, 21, 10, 5
09/08/2025, 62, 40, 24, 12, 10, 6
10/08/2025, 57, 48, 24, 16, 10, 7
11/08/2025, 65, 43, 25, 15, 10, 6
12/08/2025, 52, 49, 24, 19, 10, 7
13/08/2025, 68, 62, 24, 26, 10, 8
14/08/2025, 101, 40, 22, 19, 10, 7
15/08/2025, 51, 41, 21, 15, 10, 7
16/08/2025, 52, 44, 21, 14, 10, 7
17/08/2025, 58, 36, 22, 13, 9, 5
18/08/2025, 48, 25, 22, 11, 9, 6
19/08/2025, 48, 31, 23, 12, 9, 5
20/08/2025, 8, 41, 26, 11, 9, 5
21/08/2025, 52, 31, 24, 3, 9, 4
22/08/2025, 37, 44, 24, 1, 10, 7
23/08/2025, 62, 54, 24, 1, 10, 5
24/08/2025, 84, 25, 19, 1, 9, 3
25/08/2025, 33, 18, 22, 1, 9, 5
26/08/2025, 28, 24, 22, 1, 10, 10
27/08/2025, 37, 52, 23, 1, 10, 9
28/08/2025, 79, 50, 23, , 10, 6
29/08/2025, 79, 31, 22, 1, 10, 4
30/08/2025, 37, 33, 23, 1, 10, 5
31/08/2025, 44, 47, 22, 1, 10, 7
01/09/2025, 70, 42, 22, 1, 10, 7
02/09/2025, 58, 41, 22, 1, 10, 7
03/09/2025, 54, 37, 22, 7, 10, 6
04/09/2025, 51, 41, 21, 17, 11, 6
05/09/2025, 59, 42, 23, 17, 11, 6
06/09/2025, 60, 47, 23, 23, 14, 5
07/09/2025, 72, 70, 48, 25, 11, 6
08/09/2025, 128, 50, 26, 16, 11, 8
09/09/2025, 74, 56, 21, 21, 11, 7
10/09/2025, 81, 41, 22, 11, 11, 7
11/09/2025, 55, 36, 23, 11, 10, 5
12/09/2025, 47, 36, 22, 14, 10, 6
13/09/2025, 44, 45, 22, 18, 11, 6
14/09/2025, 62, 41, 22, 15, 11, 6
15/09/2025, 58, 45, 22, 19, 12, 5
16/09/2025, 63, 49, 21, 16, 10, 6
17/09/2025, 72, 50, 22, 16, 10, 6
18/09/2025, 75, 52, 23, 19, 11, 6
19/09/2025, 83, 59, 28, 23, 11, 7
20/09/2025, 95, 61, 28, 23, 11, 7
21/09/2025, 97, 48, 22, 21, 11, 7
22/09/2025, 68, 52, 26, 17, 11, 5
23/09/2025, 77, 44, 21, 16, 11, 4
24/09/2025, 68, 34, 15, 12, 10, 4
25/09/2025, 51, 38, 20, 12, 10, 5
26/09/2025, 56, 30, 23, 14, 10, 4
27/09/2025, 42, 33, 24, 11, 10, 3
28/09/2025, 45, 18, 20, 7, 10, 3
29/09/2025, 33, 22, 26, 3, 10, 1
30/09/2025, 35, 44, 19, 16, 11, 10
01/10/2025, 50, 44, 23, 14, 11, 7
02/10/2025, 60, 43, 21, 16, 11, 6
03/10/2025, 70, 55, 23, 21, 11, 8
04/10/2025, 87, 58, 23, 19, 11, 5
05/10/2025, 96, 50, 24, 11, 10, 5
06/10/2025, 85, 20, 24, 12, 10, 4
07/10/2025, 27, 35, 22, 17, 11, 9
08/10/2025, 55, 56, 22, 21, 11, 6
09/10/2025, 90, 62, 30, 24, 11, 7
10/10/2025, 104, 62, 23, 23, 11, 8
11/10/2025, 105, 61, 25, 22, 11, 7
12/10/2025, 100, 46, 24, 15, 11, 8
13/10/2025, 68, 43, 22, 9, 11, 8
14/10/2025, 60, 49, 23, 11, 11, 10
15/10/2025, 65, 44, 21, 17, 11, 7
16/10/2025, 66, 56, 21, 20, 11, 6
17/10/2025, 85, 64, 22, 21, 12, 8
18/10/2025, 106, 63, 22, 19, 11, 5
19/10/2025, 108, 50, 19, 16, 11, 4
20/10/2025, 71, 41, 18, 13, 10, 3
21/10/2025, 51, 24, 24, 13, 11, 3
22/10/2025, 33, 16, 25, 13, 10, 3
23/10/2025, 25, 17, 18, 13, 11, 4
24/10/2025, 27, 48, , 21, 12, 5
25/10/2025, 75, 57, , 18, 11, 4
26/10/2025, 96, 41, , 17, 11, 4
27/10/2025, 64, 44, , 21, 12, 6
28/10/2025, 76, 63, , 25, 12, 7
29/10/2025, 109, 52, , 18, 11, 5
30/10/2025, 90, 21, , 12, 11, 4
31/10/2025, 31, 13, , 11, 11, 4
01/11/2025, 19, 16, , 10, 11, 3
02/11/2025, 23, 13, , 11, 11, 3
03/11/2025, 18, 23, , 12, 11, 4
04/11/2025, 38, 30, , 15, 11, 5
05/11/2025, 39, 56, , 19, 12, 7
06/11/2025, 83, 55, , 15, 11, 6
07/11/2025, 93, 42, , 15, 12, 6
08/11/2025, 62, 46, , 13, 11, 9
09/11/2025, 70, 36, , 11, 11, 7
10/11/2025, 47, 37, , 13, 11, 5
11/11/2025, 44, 43, , 20, 11, 6
12/11/2025, 63, 57, , 22, 12, 6
13/11/2025, 89, 73, , 22, 12, 8
14/11/2025, 117, 81, , 28, 13, 9
15/11/2025, 130, 88, , 19, 13, 7
16/11/2025, 151, 84, , 1, 12, 7
17/11/2025, 150, 43, , 1, 11, 4
18/11/2025, 76, 27, , 1, 11, 4
19/11/2025, 53, 55, , 1, 11, 5
20/11/2025, 69, 62, , 1, 12, 6
21/11/2025, 100, 74, , 1, 13, 7
22/11/2025, 125, 86, , 1, 13, 7
23/11/2025, 147, 86, , 1, 13, 7
24/11/2025, 143, 30, , 1, 13, 5
25/11/2025, 49, 44, , 1, 13, 6
26/11/2025, 75, 53, , 1, 12, 
27/11/2025, 88, 57, , 1, , 
28/11/2025, 87, 110, , 1, , 
29/11/2025, 171, 115, , 1, , 
30/11/2025, 176, 101, , , , 
01/12/2025, 165, 83, , 1, , 
02/12/2025, 148, 64, , 1, , 
03/12/2025, 112, 80, , 1, , 
04/12/2025, 137, 97, , 1, , 
05/12/2025, 160, 76, , , , 
06/12/2025, 128, 96, , 1, , 
07/12/2025, 162, 80, , 1, , 
08/12/2025, 138, 92, , 1, 14, 
09/12/2025, 154, 108, , 1, , 
10/12/2025, 175, , , , , 
14/12/2025, , 49, , 1, 16, 
15/12/2025, 66, 75, , 1, , 
16/12/2025, 119, , , , , 
11/01/2026,180,,,,,
18/01/2026,172,,,,,
05/03/2026,158,,,,,
06/03/2026,170,,,,,
07/03/2026,118,55,,,,
09/03/2026,128,58,,,,
10/03/2026,71,45,,,,
11/03/2026,165,66,,,,
12/03/2026,150,57,,,,
27/03/2026,117,81,,,,
2026/03/27,125,81,,,,
2026/03/27,125,81,,,,
2026/03/27,125,81,,,,
2026/03/27,125,81,,,,
2026/03/27,125,81,,,,
2026/03/27,125,81,,,,
