date,pm25,pm10,o3,no2,so2,co,psi
31/12/2013, , 27, 14, 9, 1, 4, 29
01/01/2014, 62, 30, 14, 7, 2, , 35
02/01/2014, 64, 29, 10, 10, 2, , 30
03/01/2014, 61, 20, 11, 8, 2, 4, 24
04/01/2014, 55, 16, 6, 7, 3, 4, 13
05/01/2014, 45, 13, 4, 10, 3, 4, 20
06/01/2014, 36, 28, 9, 10, 3, 5, 34
07/01/2014, 65, 29, 11, 8, 3, 4, 28
08/01/2014, 64, 18, 5, 10, 3, 4, 19
09/01/2014, 48, 18, 10, 14, 5, 4, 24
10/01/2014, 49, 18, 11, 8, 7, 4, 16
11/01/2014, 46, 17, 8, 9, 3, 3, 20
12/01/2014, 40, 22, 13, 8, 3, 4, 27
13/01/2014, 48, 30, 11, 10, 3, , 33
14/01/2014, 54, 32, 14, 9, 3, 5, 36
15/01/2014, 59, 35, 18, 10, 3, 5, 37
16/01/2014, 67, 31, 17, 10, 2, 4, 31
17/01/2014, 63, 27, 13, 9, 2, 3, 28
18/01/2014, 50, 27, 16, 6, 1, , 29
19/01/2014, 44, 27, 15, 8, 1, , 30
20/01/2014, 50, 27, 17, 10, 2, 4, 34
21/01/2014, 54, 32, 19, 11, 2, , 33
22/01/2014, 62, 36, 22, 11, 2, 5, 45
23/01/2014, 72, 44, 20, 11, 3, , 47
24/01/2014, 80, 41, 20, 7, 3, 4, 42
25/01/2014, 77, 38, 24, 8, 3, 4, 38
26/01/2014, 75, 33, 18, 6, 3, 4, 31
27/01/2014, 67, 29, 15, 6, 3, 3, 32
28/01/2014, 61, 28, 15, 5, 2, 3, 26
29/01/2014, 54, 23, 18, 6, 1, , 24
30/01/2014, 47, 24, 19, 5, 1, 3, 26
31/01/2014, 53, 24, 19, 8, 1, 3, 24
01/02/2014, 53, 21, 18, 10, 2, 4, 23
02/02/2014, 48, 20, 20, 9, 2, 8, 21
03/02/2014, 48, 24, 24, 9, 3, 4, 30
04/02/2014, 55, 30, 23, 8, 3, 3, 32
05/02/2014, 63, 25, 17, 9, 3, 3, 24
06/02/2014, 51, 22, 18, 10, 3, 4, 25
07/02/2014, 50, 30, 19, 10, 3, 4, 39
08/02/2014, 69, 31, 24, 10, 4, 4, 30
09/02/2014, 68, 30, 19, 12, 6, 4, 31
10/02/2014, 64, 27, 17, 9, 5, 4, 29
11/02/2014, 57, 27, 16, 7, 1, 3, 29
12/02/2014, 55, 30, 14, 7, 1, , 34
13/02/2014, 60, 30, 14, 7, 2, 3, 31
14/02/2014, 59, 30, 17, 6, 3, 4, 35
15/02/2014, 60, 32, 18, 6, 3, , 31
16/02/2014, 65, 31, 15, 6, 2, 4, 34
17/02/2014, 62, 35, 14, 7, 1, 4, 34
18/02/2014, 68, 31, 15, 7, 1, 3, 32
19/02/2014, 61, 25, 14, 5, , 3, 26
20/02/2014, 55, 27, 8, 5, 1, , 30
21/02/2014, 54, 29, 14, 6, 1, 3, 33
22/02/2014, 56, 29, 17, 6, 1, 4, 32
23/02/2014, 60, 32, 20, 7, 1, 4, 35
24/02/2014, 61, 32, 19, 10, 1, 3, 35
25/02/2014, 63, 32, 16, 7, 1, 4, 32
26/02/2014, 63, 29, 14, 6, 1, , 30
27/02/2014, 59, 31, 14, 5, 2, 6, 33
28/02/2014, 62, 29, 14, 5, 2, 4, 32
01/03/2014, 60, 27, 17, 6, 2, 4, 28
02/03/2014, 55, 27, 17, 9, 3, 5, 31
03/03/2014, 56, 36, 22, 9, 3, 5, 46
04/03/2014, 72, 33, 18, 9, 1, 3, 29
05/03/2014, 66, 26, 18, 6, , 3, 31
06/03/2014, 55, 34, 22, 7, 2, 4, 44
07/03/2014, 75, 46, 26, 7, 2, 5, 46
08/03/2014, 99, 46, 25, 6, 2, 5, 40
09/03/2014, 101, 37, 23, 5, 1, 5, 44
10/03/2014, 81, 42, 21, 8, 2, 5, 46
11/03/2014, 90, 59, 21, 7, 2, 6, 58
12/03/2014, 142, 50, 26, 7, 1, 6, 56
13/03/2014, 107, 58, 22, 8, 2, 7, 56
14/03/2014, 141, 49, 11, 6, 2, 5, 38
15/03/2014, 110, 27, 7, 8, 2, 4, 24
16/03/2014, 67, 17, 6, 9, 2, 4, 19
17/03/2014, 46, 20, 8, 9, 2, 4, 26
18/03/2014, 52, 28, 11, 12, 2, 5, 31
19/03/2014, 59, 27, 11, 12, 2, 4, 33
20/03/2014, 60, 27, 15, 13, 2, 5, 33
21/03/2014, 62, 33, 17, 6, 3, 4, 39
22/03/2014, 73, 31, 16, 4, 1, 3, 28
23/03/2014, 70, 26, 14, 6, 1, 4, 32
24/03/2014, 59, 33, 12, 8, 1, 4, 35
25/03/2014, 67, 35, 9, 8, 1, 4, 35
26/03/2014, 67, 30, 10, 10, 2, 4, 35
27/03/2014, 60, 40, 12, 8, 3, 4, 38
28/03/2014, 85, 22, 9, 12, 3, 3, 25
29/03/2014, 56, 26, 14, 12, 3, 4, 31
30/03/2014, 59, 22, 12, 9, 4, 3, 23
31/03/2014, 56, 26, 13, 12, 4, 3, 
01/04/2014, 59, 24, 16, 12, 6, 3, 
02/04/2014, 55, 22, 11, 9, 7, 2, 
03/04/2014, 54, 25, 11, 18, 5, 4, 
04/04/2014, 61, 28, 5, 16, 7, 3, 
05/04/2014, 68, 21, 16, 9, 4, 3, 
06/04/2014, 57, 20, 16, 12, 1, 3, 
07/04/2014, 44, 24, 14, 14, 4, 3, 
08/04/2014, 58, 26, 18, 16, 6, 3, 
09/04/2014, 59, 24, 11, 15, 4, 3, 
10/04/2014, 56, 26, 14, 20, 4, 5, 
11/04/2014, 60, 28, 12, 15, 5, 4, 55
12/04/2014, 62, 24, 20, 12, 2, 4, 57
13/04/2014, 60, 25, 10, 12, 5, 4, 55
14/04/2014, 60, 28, 14, 27, 3, 4, 
15/04/2014, 68, 37, 12, 17, 8, 2, 
16/04/2014, 80, 33, 15, 25, 12, 3, 
17/04/2014, 72, 39, 13, 27, 13, 4, 
18/04/2014, 80, 21, 11, 14, 7, 4, 
19/04/2014, 55, 31, 11, 11, 17, 4, 
20/04/2014, 70, 20, 3, 30, 11, 5, 
21/04/2014, 50, 30, 2, 25, 10, 6, 
22/04/2014, 70, 31, 7, 30, 15, 5, 
23/04/2014, 70, 30, 7, 24, 5, 4, 
24/04/2014, 70, 22, 11, 22, 4, 4, 
25/04/2014, 55, 34, 24, 26, 8, 4, 
26/04/2014, 72, 33, 9, 23, 6, 4, 
27/04/2014, 76, 21, 14, 25, 8, 4, 
28/04/2014, 53, 30, 9, 24, 16, 4, 
29/04/2014, 72, 31, 6, 32, 14, 4, 
30/04/2014, 72, 34, 7, 16, 8, 3, 
01/05/2014, 74, 20, 7, 25, 14, 3, 
02/05/2014, 50, 19, 9, 17, 6, 3, 
03/05/2014, 53, 17, 5, 14, 4, 3, 
04/05/2014, 38, 20, 12, 9, 5, 3, 
05/05/2014, 46, 20, 3, 13, 3, 3, 
06/05/2014, 53, 22, 13, 20, 3, 4, 50
07/05/2014, 53, 20, 19, 23, 6, 4, 46
08/05/2014, 47, 31, 18, 25, 12, 7, 66
09/05/2014, 70, 24, 18, 12, 7, 3, 45
10/05/2014, 56, 23, 22, 17, 4, 7, 56
11/05/2014, 50, 24, 13, 19, 3, 7, 56
12/05/2014, 58, 27, 31, 18, 7, 7, 61
13/05/2014, 62, 26, 20, 17, 12, 5, 55
14/05/2014, 61, 21, 23, 15, 10, 5, 52
15/05/2014, 52, 19, 15, 15, 8, 4, 46
16/05/2014, 50, 20, 19, 15, 7, 3, 44
17/05/2014, 47, 17, 13, 15, 7, 3, 37
18/05/2014, 38, 16, 11, 14, 6, 3, 48
19/05/2014, 42, 16, 16, 16, 6, 3, 43
20/05/2014, 39, 26, 19, 23, 8, 5, 62
21/05/2014, 62, 30, 15, 19, 9, 4, 55
22/05/2014, 68, 16, 10, 15, 6, 2, 38
23/05/2014, 42, 23, 15, 15, 5, 4, 52
24/05/2014, 54, 18, 11, 11, 5, 2, 40
25/05/2014, 46, 14, 8, 13, 3, 2, 42
26/05/2014, 32, 28, 6, 19, 7, 5, 59
27/05/2014, 62, 21, 15, 10, 10, 3, 36
28/05/2014, 51, 22, 11, 20, 7, 4, 57
29/05/2014, 51, 25, 11, 17, 12, 3, 57
30/05/2014, 59, 21, 11, 14, 15, 2, 43
31/05/2014, 50, 15, 9, 11, 6, 2, 32
01/06/2014, 33, 17, 8, 14, 4, 3, 51
02/06/2014, 42, 20, 13, 11, 5, 3, 48
03/06/2014, 49, 20, 6, 12, 4, 7, 45
04/06/2014, 47, 18, 5, 13, 6, 3, 48
05/06/2014, 42, 18, 5, 12, 7, 3, 41
06/06/2014, 45, 21, 11, 12, 6, 5, 49
07/06/2014, 56, 17, 11, 9, 4, 4, 39
08/06/2014, 42, 21, 13, 13, 4, 4, 46
09/06/2014, 47, 21, 10, 11, 4, 4, 56
10/06/2014, 51, 19, 11, 13, 3, 3, 48
11/06/2014, 46, 19, 12, 12, 2, 3, 46
12/06/2014, 40, 22, 13, 14, 5, 3, 52
13/06/2014, 53, 21, 5, 17, 6, 3, 44
14/06/2014, 50, 18, 13, 13, 9, 3, 42
15/06/2014, 46, 20, 13, 12, 4, 3, 51
16/06/2014, 51, 19, 13, 11, 1, 5, 44
17/06/2014, 45, 20, 13, 14, 2, 4, 44
18/06/2014, 46, 20, 10, 15, 3, 4, 46
19/06/2014, 51, 20, 11, 11, 2, 4, 49
20/06/2014, 48, 21, 15, 11, 3, 2, 50
21/06/2014, 50, 28, 19, 13, 7, 4, 59
22/06/2014, 59, 30, 18, 15, 10, 4, 58
23/06/2014, 63, 32, 16, 16, 13, 2, 61
24/06/2014, 66, 26, 11, 12, 12, 3, 43
25/06/2014, 55, 19, 14, 11, 11, 3, 47
26/06/2014, 46, 22, 7, 13, 17, 4, 49
27/06/2014, 52, 22, 11, 14, 17, 4, 55
28/06/2014, 57, 21, 13, 13, 13, 4, 44
29/06/2014, 50, 22, 12, 14, 12, 5, 50
30/06/2014, 54, 20, 12, 14, 14, 4, 48
01/07/2014, 49, 22, 13, 14, 9, 3, 55
02/07/2014, 54, 27, 12, 15, 7, 4, 60
03/07/2014, 63, 27, 9, 16, 9, 3, 59
04/07/2014, 62, 26, 7, 15, 8, 3, 53
05/07/2014, 63, 25, 9, 13, 13, 2, 52
06/07/2014, 62, 21, 9, 13, 12, 1, 51
07/07/2014, 55, 21, 13, 13, 12, 2, 52
08/07/2014, 55, 22, 7, 13, 9, 2, 42
09/07/2014, 52, 16, 14, 10, 4, 2, 48
10/07/2014, 42, 24, 9, 13, 4, 3, 54
11/07/2014, 52, 24, 9, 17, 9, 2, 52
12/07/2014, 56, 20, 13, 10, 14, 1, 46
13/07/2014, 52, 19, 12, 11, 6, 1, 48
14/07/2014, 51, 29, 13, 11, 7, 2, 54
15/07/2014, 57, 28, 16, 11, 5, 1, 54
16/07/2014, 55, 29, 8, 13, 6, 2, 57
17/07/2014, 58, 24, 13, 13, 8, 2, 55
18/07/2014, 57, 24, 11, 12, 5, , 52
19/07/2014, 55, 21, 13, 12, 7, 2, 51
20/07/2014, 53, 19, 13, 9, 5, , 47
21/07/2014, 48, 20, 11, 10, 4, , 44
22/07/2014, 46, 22, 13, 11, 4, , 53
23/07/2014, 50, 27, 15, 10, 2, , 56
24/07/2014, 57, 32, 15, 11, 3, , 59
25/07/2014, 61, 31, 14, 9, 1, 2, 56
26/07/2014, 60, 26, 14, 10, 1, 2, 51
27/07/2014, 52, 21, 13, 7, 3, 2, 52
28/07/2014, 51, 21, 8, 10, 3, 2, 48
29/07/2014, 51, 23, 6, 13, 4, 3, 55
30/07/2014, 56, 23, 6, 10, 6, 2, 42
31/07/2014, 53, 15, 10, 9, 6, 2, 42
01/08/2014, 36, 20, 13, 11, 6, 3, 53
02/08/2014, 49, 25, 18, 11, 5, , 56
03/08/2014, 59, 23, 12, 12, 7, , 56
04/08/2014, 57, 23, 7, 10, 6, , 43
05/08/2014, 54, 17, 6, 12, 9, 2, 46
06/08/2014, 44, 17, 8, 11, 9, 2, 37
07/08/2014, 42, 14, 6, 11, 9, , 41
08/08/2014, 36, 16, 13, 8, 5, 1, 31
09/08/2014, 37, 13, 11, 8, 4, 1, 30
10/08/2014, 23, 12, 6, 9, 6, 2, 36
11/08/2014, 37, 18, 5, 12, 9, , 43
12/08/2014, 42, 19, 4, 13, 12, 3, 49
13/08/2014, 49, 19, 6, 12, 10, 2, 47
14/08/2014, 50, 19, 3, 15, 7, 2, 46
15/08/2014, 47, 25, 14, 12, 6, 2, 60
16/08/2014, 59, 25, 7, 15, 6, 2, 55
17/08/2014, 58, 26, 21, 8, 5, 2, 55
18/08/2014, 55, 28, 18, 11, 5, 3, 55
19/08/2014, 59, 23, 17, 15, 7, 3, 60
20/08/2014, 58, 27, 17, 15, 8, 3, 60
21/08/2014, 62, 27, 11, 10, 10, 3, 54
22/08/2014, 62, 18, 12, 5, 5, 1, 43
23/08/2014, 45, 21, 5, 11, 8, 4, 55
24/08/2014, 54, 25, 7, 10, 8, 4, 59
25/08/2014, 63, 30, 9, 11, 9, 4, 60
26/08/2014, 67, 25, 12, 12, 16, 2, 51
27/08/2014, 59, 20, 4, 17, 19, 2, 47
28/08/2014, 55, 21, 13, 17, 11, 3, 54
29/08/2014, 54, 24, 17, 16, 8, 4, 56
30/08/2014, 59, 22, 17, 11, 7, 2, 54
31/08/2014, 54, 27, 28, 10, 7, 2, 61
01/09/2014, 63, 30, 19, 12, 7, 3, 61
02/09/2014, 67, 33, 13, 17, 8, 4, 62
03/09/2014, 75, 36, 22, 17, 12, 6, 71
04/09/2014, 81, 35, 16, 16, 11, 3, 62
05/09/2014, 80, 25, 13, 9, 14, 2, 40
06/09/2014, 58, 20, 20, 14, 11, 3, 52
07/09/2014, 43, 30, 21, 14, 8, 3, 64
08/09/2014, 68, 31, 20, 15, 5, 3, 62
09/09/2014, 72, 32, 18, 14, 6, 3, 61
10/09/2014, 73, 35, 19, 15, 5, 4, 61
11/09/2014, 72, 32, 17, 19, 3, 6, 65
12/09/2014, 74, 34, 15, 15, 1, 6, 66
13/09/2014, 75, 34, 17, 15, 1, 7, 67
14/09/2014, 75, 44, 15, 21, 2, 7, 90
15/09/2014, 100, 40, 24, 12, 1, 6, 62
16/09/2014, 84, 35, 22, 12, 1, 4, 67
17/09/2014, 67, 54, 27, 11, 1, 5, 97
18/09/2014, 126, 59, 17, 13, 2, 4, 89
19/09/2014, 147, 38, 9, 13, 2, 3, 56
20/09/2014, 85, 23, 18, 14, 3, 5, 62
21/09/2014, 58, 47, 23, 13, 2, 5, 77
22/09/2014, 102, 34, 23, 9, 1, 2, 61
23/09/2014, 71, 38, 22, 11, 1, 3, 69
24/09/2014, 80, 28, 12, 14, 1, 3, 49
25/09/2014, 64, 26, 35, 16, 2, 2, 66
26/09/2014, 62, 32, 26, 10, 2, 1, 66
27/09/2014, 76, 35, 31, 8, 1, 1, 73
28/09/2014, 81, 39, 27, 9, 2, 2, 70
29/09/2014, 85, 39, 22, 10, 3, 3, 73
30/09/2014, 89, 44, 23, 12, 4, 3, 74
01/10/2014, 98, 39, 27, 12, 5, 4, 74
02/10/2014, 91, 41, 26, 13, 6, 3, 73
03/10/2014, 95, 39, 15, 14, 5, 3, 64
04/10/2014, 83, 24, 15, 9, 8, 3, 33
05/10/2014, 60, 29, 26, 14, 9, 6, 94
06/10/2014, 110, 60, 22, 11, 7, , 86
07/10/2014, 108, 45, 18, 13, 5, 5, 82
08/10/2014, 119, 44, 23, 12, 5, 4, 65
09/10/2014, 76, 32, 25, 11, 6, 4, 59
10/10/2014, 65, 42, 25, 16, 6, 5, 87
11/10/2014, 123, 56, 27, 21, 6, 7, 89
12/10/2014, 131, 43, 29, 21, 7, 6, 69
13/10/2014, 96, 37, 24, 20, 8, 5, 67
14/10/2014, 80, 39, 28, 21, 5, 6, 74
15/10/2014, 99, 33, 17, 15, 4, 3, 61
16/10/2014, 65, 30, 10, 16, 2, 4, 62
17/10/2014, 76, 34, 13, 20, 4, 6, 72
18/10/2014, 96, 49, 27, 19, 5, 7, 92
19/10/2014, 130, 49, 19, 16, 6, 6, 81
20/10/2014, 102, 41, 12, 20, 5, 5, 71
21/10/2014, 89, 33, 9, 21, 5, 5, 63
22/10/2014, 69, 36, 15, 26, 15, 6, 75
23/10/2014, 96, 41, 32, 20, 13, 4, 74
24/10/2014, 97, 38, 26, 16, 7, 4, 69
25/10/2014, 82, 30, 17, 10, 4, 2, 59
26/10/2014, 61, 22, 10, 15, 3, 4, 56
27/10/2014, 55, 28, 13, 19, 5, 5, 68
28/10/2014, 82, 36, 24, 17, 6, 5, 69
29/10/2014, 80, 34, 17, 22, 5, 4, 68
30/10/2014, 79, 36, 21, 22, 4, 5, 67
31/10/2014, 92, 35, 16, 23, 7, 6, 68
01/11/2014, 84, 37, 23, 13, 7, 5, 88
02/11/2014, 120, 56, 19, 15, 6, 5, 89
03/11/2014, 119, 47, 26, 14, 4, 4, 75
04/11/2014, 104, 38, 22, 18, 2, 4, 69
05/11/2014, 99, 36, 14, 20, 1, 5, 65
06/11/2014, 80, 30, 10, 23, 7, 5, 51
07/11/2014, 64, 27, 15, 17, 12, 4, 56
08/11/2014, 64, 18, 11, 14, 9, 3, 36
09/11/2014, 37, 26, 14, 19, 8, 5, 64
10/11/2014, 72, 28, 6, 25, 5, 5, 61
11/11/2014, 72, 38, 17, 29, 9, 7, 68
12/11/2014, 96, 31, 19, 16, 9, 5, 50
13/11/2014, 51, 22, 19, 13, 5, 3, 36
14/11/2014, 36, 17, 12, 16, 4, 4, 34
15/11/2014, 28, 16, 6, 13, 6, 4, 36
16/11/2014, 29, 18, 13, 17, 5, 5, 44
17/11/2014, 48, 18, 1, 17, 4, 5, 43
18/11/2014, 44, 19, 16, 14, 3, 4, 42
19/11/2014, 44, 17, 8, 16, 3, 4, 37
20/11/2014, 42, 18, 6, 19, 2, 5, 45
21/11/2014, 39, 19, 11, 19, 4, 4, 51
22/11/2014, 45, 19, 12, 13, 3, 4, 42
23/11/2014, 39, 20, 7, 18, 6, 4, 49
24/11/2014, 51, 20, 10, 16, 5, 4, 43
25/11/2014, 51, 19, 15, 13, 4, 4, 47
26/11/2014, 43, 19, 9, 17, 8, 4, 47
27/11/2014, 49, 21, 10, 14, 10, 3, 46
28/11/2014, 45, 16, 7, 15, 10, 3, 32
29/11/2014, 33, 16, 13, 13, 15, 3, 46
30/11/2014, 43, 18, 7, 18, 17, 3, 43
01/12/2014, 41, 18, 9, 20, 20, 3, 50
02/12/2014, 46, 26, 17, 18, 22, 4, 56
03/12/2014, 68, 25, 14, 16, 17, 3, 51
04/12/2014, 53, 29, 26, 21, 27, 4, 64
05/12/2014, 78, 26, 13, 16, 23, 3, 44
06/12/2014, 38, 18, 19, 14, 8, 3, 37
07/12/2014, 31, 18, 10, 14, 9, 4, 42
08/12/2014, 46, 19, 15, 13, 3, 4, 47
09/12/2014, 46, 26, 17, 11, 2, 3, 
10/12/2014, 54, 26, 16, 8, 2, 3, 
11/12/2014, 49, 23, 18, 5, 2, 3, 
12/12/2014, 42, 19, 17, 3, 2, 3, 
13/12/2014, 38, 20, 16, 2, 2, 4, 
14/12/2014, 43, 18, 11, 3, 2, 3, 
15/12/2014, 34, 17, 9, 7, 2, 4, 
16/12/2014, 39, 18, 6, 5, 1, 5, 
17/12/2014, 35, 16, 11, 2, 1, 5, 
18/12/2014, 38, 13, 8, 2, 1, 4, 
19/12/2014, 25, 11, 15, 2, 2, 3, 
20/12/2014, 31, 13, 14, 2, 2, 2, 
21/12/2014, 31, 15, 12, 2, 2, 2, 
22/12/2014, 33, 16, 4, 5, 4, 2, 
23/12/2014, 42, 16, 9, 2, 6, 3, 
24/12/2014, 38, 17, 10, 3, 5, 3, 52
25/12/2014, 47, 19, 8, 3, 6, 3, 
26/12/2014, 36, 14, 11, 3, 4, 4, 
27/12/2014, 36, 14, 13, 2, 5, 4, 
28/12/2014, 27, , , , , , 
31/12/2014, , 25, 16, 8, 3, 2, 
01/01/2015, 60, 27, 19, 6, 2, 2, 
02/01/2015, 56, 32, 20, 10, , 3, 55
03/01/2015, 53, 21, 25, 9, 3, 2, 40
04/01/2015, 40, 15, 22, 11, 3, 2, 38
05/01/2015, 44, 19, 15, 7, 2, 2, 42
06/01/2015, 40, 16, 11, 12, 3, 3, 37
07/01/2015, 35, 14, 8, 12, 4, 2, 33
08/01/2015, 34, 14, 6, 7, 4, 2, 27
09/01/2015, 27, 14, 14, 8, 3, 2, 31
10/01/2015, 29, 18, 11, 4, 2, 2, 38
11/01/2015, 39, 18, 14, 3, 2, 2, 41
12/01/2015, 40, 22, 17, 3, 3, 2, 39
13/01/2015, 35, 21, 17, 2, 4, 3, 36
14/01/2015, 38, 22, 15, 5, 4, 3, 44
15/01/2015, 40, 23, 19, 3, 4, 3, 48
16/01/2015, 44, 24, 22, 2, 2, 3, 52
17/01/2015, 42, 24, 20, 2, 3, 3, 46
18/01/2015, 47, 30, 21, 2, 4, 3, 53
19/01/2015, 54, 33, 20, 2, 4, 2, 56
20/01/2015, 61, 36, 16, 2, 10, 3, 58
21/01/2015, 60, 34, 26, 5, 14, 3, 64
22/01/2015, 80, 35, 20, 9, 10, 2, 54
23/01/2015, 54, 31, 22, 8, 9, 2, 58
24/01/2015, 54, 42, 33, 7, 8, 3, 72
25/01/2015, 97, 43, 23, 9, 3, 3, 63
26/01/2015, 80, 37, 18, 9, 3, 3, 56
27/01/2015, 61, 28, 11, 15, 4, 3, 51
28/01/2015, 46, 24, 8, 15, 9, 3, 41
29/01/2015, 42, 20, 12, 13, 10, 2, 37
30/01/2015, 36, 21, 14, 12, 11, 2, 41
31/01/2015, 30, 21, 11, 10, 14, , 40
01/02/2015, 35, 25, 10, 12, 13, 2, 50
02/02/2015, 45, 28, 12, 9, 9, 2, 48
03/02/2015, 38, 19, 12, 10, 6, 3, 34
04/02/2015, 37, 24, 15, 8, 3, 2, 46
05/02/2015, 42, 23, 10, 10, 3, 3, 41
06/02/2015, 41, 26, 19, 8, 2, , 49
07/02/2015, 47, 32, 20, 6, 2, 3, 55
08/02/2015, 55, 30, 17, 6, 2, 3, 54
09/02/2015, 52, , , , , , 53
10/02/2015, 50, , , , , , 60
11/02/2015, 62, , , , , , 61
12/02/2015, 62, , , , , , 63
13/02/2015, 67, , , , , , 60
14/02/2015, 68, 43, 22, 4, 4, 3, 60
15/02/2015, 73, 32, 23, 4, 4, , 57
16/02/2015, 68, 30, 13, 4, 5, , 52
17/02/2015, 53, 24, 13, 4, 6, 2, 45
18/02/2015, 42, 17, 15, 4, 4, 3, 31
19/02/2015, 22, 15, 18, 3, 2, 2, 39
20/02/2015, 33, 20, 19, 3, 2, 2, 47
21/02/2015, 41, 19, 18, 3, 2, 2, 39
22/02/2015, 33, 20, 17, 7, 2, 2, 44
23/02/2015, 40, 23, 14, 7, 3, 2, 49
24/02/2015, 54, 22, 15, 11, 3, 2, 49
25/02/2015, 43, 24, 20, 7, 4, 2, 50
26/02/2015, 47, 23, 22, 3, 4, 2, 51
27/02/2015, 51, 21, 18, 3, 3, 2, 44
28/02/2015, 41, 18, 16, 4, 3, 2, 39
01/03/2015, 30, 20, 14, 6, 4, 2, 46
02/03/2015, 40, 26, 16, 5, 6, 3, 54
03/03/2015, 51, 30, 15, 6, 10, 3, 54
04/03/2015, 50, 30, 22, 5, 12, 3, 57
05/03/2015, 57, 31, 20, 7, 6, 3, 61
06/03/2015, 66, 31, 17, 4, 7, 2, 48
07/03/2015, 47, 20, 19, 4, 6, 2, 44
08/03/2015, 37, 19, 10, 3, 4, 2, 42
09/03/2015, 39, 21, 11, 4, 5, 3, 45
10/03/2015, 43, 21, 7, 4, 4, 2, 40
11/03/2015, 34, 21, 15, 3, 4, 2, 49
12/03/2015, 49, 24, 20, 6, 6, 2, 46
13/03/2015, 48, 24, 21, 9, 8, 2, 44
14/03/2015, 35, 20, 17, 6, 11, 2, 38
15/03/2015, 34, 22, 18, 9, 8, 3, 53
16/03/2015, 52, 27, 15, 5, 3, 3, 57
17/03/2015, 57, 28, 24, 3, 4, 3, 58
18/03/2015, 54, 28, 23, 5, 6, 3, 59
19/03/2015, 59, 36, 36, 4, 4, 5, 78
20/03/2015, 100, 42, 30, 8, 7, 4, 71
21/03/2015, 81, 38, 28, 12, 5, 4, 63
22/03/2015, 73, 32, 23, 18, 3, 4, 65
23/03/2015, 73, 30, 23, 1, 2, 3, 58
24/03/2015, 57, 24, 17, 5, 4, 2, 50
25/03/2015, 44, 22, 14, 4, 4, 2, 51
26/03/2015, 45, 25, 13, 5, 5, 2, 50
27/03/2015, 50, 26, 11, 3, 6, 2, 52
28/03/2015, 61, 26, 8, 3, 6, 2, 49
29/03/2015, 59, 26, 11, 4, 7, 2, 51
30/03/2015, 53, 33, 10, 3, 4, 2, 54
31/03/2015, 54, 24, 13, 4, 4, 4, 54
01/04/2015, 57, 21, 15, 6, 7, 4, 49
02/04/2015, 48, 25, 25, 4, 12, 5, 59
03/04/2015, 66, 37, 30, 4, 23, 4, 64
04/04/2015, 74, 27, 16, 8, 17, 2, 55
05/04/2015, 59, 25, 34, 4, 15, 4, 62
06/04/2015, 72, 25, 14, 3, 9, 3, 52
07/04/2015, 47, 18, 14, 1, 5, , 40
08/04/2015, 42, 24, 10, 1, 5, , 46
09/04/2015, 52, 23, 10, 1, 6, , 38
10/04/2015, 36, 16, 8, 1, 7, 4, 45
11/04/2015, 46, 21, 11, 1, 9, 3, 52
12/04/2015, 50, 23, 16, 1, 11, 3, 55
13/04/2015, 55, 22, 18, 2, 8, 3, 48
14/04/2015, 46, 20, 14, 2, 10, 4, 43
15/04/2015, 46, 17, 13, 4, 14, 2, 41
16/04/2015, 37, 20, 13, 7, 14, 2, 52
17/04/2015, 47, 23, 30, 16, 8, 2, 59
18/04/2015, 66, 27, 36, 18, 10, 2, 55
19/04/2015, 65, 28, 13, 23, 15, 4, 59
20/04/2015, 57, 28, 26, 25, 13, 3, 72
21/04/2015, 80, 29, 29, 18, 17, 4, 57
22/04/2015, 67, 26, 20, 19, 18, 4, 57
23/04/2015, 67, 28, 16, 18, 23, 4, 54
24/04/2015, 55, 20, 17, 16, 24, 4, 49
25/04/2015, 47, 19, 15, 13, 13, 3, 40
26/04/2015, 36, 19, 13, 20, 7, 3, 53
27/04/2015, 55, 30, 17, 17, 15, 5, 55
28/04/2015, 52, 21, 17, 19, 6, 4, 52
29/04/2015, 53, 23, 14, 17, 8, 3, 54
30/04/2015, 59, 25, 28, 6, 7, 4, 57
01/05/2015, 61, 24, 11, 5, 13, 4, 53
02/05/2015, 59, 19, 8, 3, 18, 2, 38
03/05/2015, 36, 17, 11, 9, 16, 2, 52
04/05/2015, 52, 32, 14, 16, 17, 5, 65
05/05/2015, 70, 23, 16, 10, 18, 3, 59
06/05/2015, 59, 25, 9, 5, 20, 2, 51
07/05/2015, 46, 20, 5, 5, 11, 2, 51
08/05/2015, 48, 16, 12, 5, 12, 2, 35
09/05/2015, 37, 19, 9, 3, 10, , 42
10/05/2015, 43, 19, 12, 2, 5, 1, 45
11/05/2015, 41, 18, 3, 4, 3, 1, 44
12/05/2015, 48, 18, 10, 5, 6, , 52
13/05/2015, 45, 17, 11, 4, 6, 2, 44
14/05/2015, 36, 21, 5, 10, 4, 5, 58
15/05/2015, 61, 17, 6, 6, 10, 2, 35
16/05/2015, 27, 11, 8, 5, 7, 2, 31
17/05/2015, 27, 17, 6, 7, 6, 4, 55
18/05/2015, 40, 19, 9, 4, 7, 3, 54
19/05/2015, 42, 19, 6, 5, 8, 2, 45
20/05/2015, 39, 22, 12, 5, 6, 3, 57
21/05/2015, 55, 23, 6, 5, 6, 3, 54
22/05/2015, 50, 23, 3, 4, 6, 4, 53
23/05/2015, 60, 23, 7, 3, 9, 4, 49
24/05/2015, 39, 18, 4, 3, 7, 3, 48
25/05/2015, 45, 18, 8, 2, 6, 3, 52
26/05/2015, 43, 22, 6, 5, 4, 4, 51
27/05/2015, 53, 19, 9, 7, 3, 3, 46
28/05/2015, 44, 15, 15, 2, 5, 2, 30
29/05/2015, 32, 16, 10, 1, 5, 2, 35
30/05/2015, 28, 18, 15, 1, 6, 2, 40
31/05/2015, 33, 20, 16, 3, 7, 3, 53
01/06/2015, 44, 18, 14, 2, 7, 2, 50
02/06/2015, 45, 20, 15, 3, 8, 3, 52
03/06/2015, 51, 18, 12, 2, 9, 3, 42
04/06/2015, 45, 20, 12, 3, 6, 4, 51
05/06/2015, 44, 20, 3, 5, , , 57
06/06/2015, 54, 21, 6, 3, 8, 4, 40
07/06/2015, 33, 17, 5, 3, 12, 3, 38
08/06/2015, 37, 22, 6, 5, 12, 5, 55
09/06/2015, 63, 20, 10, 3, 25, 2, 41
10/06/2015, 43, 15, 9, 3, 13, 3, 38
11/06/2015, 36, 15, 3, 3, 9, 2, 45
12/06/2015, 33, 15, 9, 4, 14, 2, 38
13/06/2015, 41, 22, 6, 3, 23, 3, 38
14/06/2015, 33, 15, 7, 3, 11, 2, 46
15/06/2015, 52, 24, 10, 4, 10, 2, 52
16/06/2015, 55, 26, 14, 3, 8, , 
17/06/2015, 63, 24, 17, 2, 7, 2, 
18/06/2015, 59, 22, 11, 2, 5, 2, 
19/06/2015, 48, 18, 11, 1, 4, 2, 
20/06/2015, 31, 19, 12, 2, 4, 2, 
21/06/2015, , 21, 14, 1, 4, 3, 
22/06/2015, , 25, 14, 2, 3, , 
23/06/2015, , 28, 14, 2, 3, 4, 
24/06/2015, , 30, 19, 2, 3, 3, 60
25/06/2015, , 26, 19, 2, 4, 3, 57
26/06/2015, , 22, 14, 1, 3, , 46
27/06/2015, , 20, 12, 1, 2, , 42
28/06/2015, , 21, 16, 2, 5, 3, 56
29/06/2015, , 25, 17, 2, 6, 3, 60
30/06/2015, , 29, 10, 4, 8, , 58
01/07/2015, , 33, 14, 3, 11, 3, 70
02/07/2015, , 34, 16, 2, 5, 3, 65
03/07/2015, , 32, 17, 9, 5, 3, 56
04/07/2015, , 29, 25, 7, 7, 3, 66
05/07/2015, , 29, 25, 7, 7, , 66
06/07/2015, , 31, 22, 5, 5, 3, 61
07/07/2015, , 31, 19, 4, 4, 2, 62
08/07/2015, , 32, 14, 13, 4, 4, 64
09/07/2015, , 36, 23, 37, 13, 5, 69
10/07/2015, , 40, 12, 19, 12, 5, 70
11/07/2015, , 31, 13, 24, 8, 3, 56
12/07/2015, , 28, 14, 21, 7, 3, 52
13/07/2015, , 22, 10, 12, 5, 3, 51
14/07/2015, 39, 20, 12, 12, 5, , 39
15/07/2015, 46, 17, 10, 11, 6, 3, 43
16/07/2015, 51, 23, 12, 7, 5, 3, 50
17/07/2015, 47, 25, 14, 7, 4, 2, 49
18/07/2015, 49, 23, 14, 6, 4, 2, 52
19/07/2015, 34, 23, 12, 7, 3, 2, 44
20/07/2015, 46, 20, 14, 8, 4, 2, 47
21/07/2015, 49, 20, 12, 9, 4, , 46
22/07/2015, 46, 18, 17, 8, 5, 2, 51
23/07/2015, 52, 18, 10, 8, 5, , 49
24/07/2015, 50, 18, 11, 11, 6, 4, 48
25/07/2015, 56, 19, 14, 13, 7, 3, 55
26/07/2015, 48, 19, 8, 11, 6, 3, 44
27/07/2015, 62, 19, 11, 13, 9, , 57
28/07/2015, 42, 20, 9, 11, 6, 3, 42
29/07/2015, 42, 13, 13, 8, 5, 2, 36
30/07/2015, 45, 15, 10, 10, 6, 2, 47
31/07/2015, 59, 18, 9, 16, 6, 2, 57
01/08/2015, 59, 25, 10, 19, 8, 4, 55
02/08/2015, 40, 20, 10, 14, 10, 3, 47
03/08/2015, 40, 17, 6, 14, 7, 3, 39
04/08/2015, 50, 18, 14, 19, 8, 4, 50
05/08/2015, 54, 21, 16, 13, 9, 3, 55
06/08/2015, 55, 22, 14, 16, 5, 3, 54
07/08/2015, 51, 23, 12, 16, 8, 3, 56
08/08/2015, 58, 24, 15, 17, 7, 3, 56
09/08/2015, 52, 23, 20, 11, 8, 3, 46
10/08/2015, 67, 28, 20, 8, 7, 3, 60
11/08/2015, 61, 30, 13, 10, 4, 4, 56
12/08/2015, 57, 26, 7, 17, 8, 4, 56
13/08/2015, 61, 25, 13, 15, 16, 4, 57
14/08/2015, 56, 24, 14, 11, 10, 3, 55
15/08/2015, 53, 25, 17, 9, 8, 3, 53
16/08/2015, 57, 26, 14, 9, 6, 3, 52
17/08/2015, 56, 26, 10, 10, 6, 3, 55
18/08/2015, 62, 30, 14, 10, 6, 3, 57
19/08/2015, 80, 32, 17, 11, 6, 3, 67
20/08/2015, 86, 38, 16, 12, 6, 4, 72
21/08/2015, 88, 40, 17, 15, 7, 4, 69
22/08/2015, 115, 48, 20, 12, 10, 5, 82
23/08/2015, 97, 47, 25, 8, 6, 4, 74
24/08/2015, 98, 44, 21, 8, 4, 4, 75
25/08/2015, 114, 50, 15, 13, 4, 4, 83
26/08/2015, 86, 46, 14, 11, 4, 3, 69
27/08/2015, 73, 35, 15, 10, 5, 3, 64
28/08/2015, 85, 35, 16, 11, 6, 3, 68
29/08/2015, 92, 41, 22, 6, 6, 4, 71
30/08/2015, 68, 35, 16, 6, 4, 3, 57
31/08/2015, 70, 29, 23, 5, 5, 3, 57
01/09/2015, 86, 37, 28, 6, 4, 3, 69
02/09/2015, 94, 47, 28, 9, 4, 4, 75
03/09/2015, 128, 50, 23, 10, 3, 5, 89
04/09/2015, 98, 51, 14, 16, 4, 5, 73
05/09/2015, 135, 51, 17, 14, 6, 6, 91
06/09/2015, 140, 57, 23, 12, 5, 5, 97
07/09/2015, 113, 49, 20, 12, 5, 4, 85
08/09/2015, 129, 54, 21, 10, 4, 6, 96
09/09/2015, 102, 50, 12, 16, 6, 5, 75
10/09/2015, 167, 59, 18, 18, 9, 12, 135
11/09/2015, 148, 89, 26, 12, 9, 10, 120
12/09/2015, 129, 55, 21, 11, 7, 6, 96
13/09/2015, 168, 75, 23, 10, 4, 9, 143
14/09/2015, 165, 83, 13, 12, 4, 9, 140
15/09/2015, 166, 82, 11, 21, 4, 11, 119
16/09/2015, 139, 64, 13, 11, 7, 8, 103
17/09/2015, 93, 50, 17, 10, 5, 4, 72
18/09/2015, 112, 47, 20, 7, 6, 4, 88
19/09/2015, 166, 72, 31, 7, 4, 9, 131
20/09/2015, 107, 55, 22, 7, 3, 7, 79
21/09/2015, 109, 45, 19, 9, 5, 6, 80
22/09/2015, 128, 49, 19, 9, 6, 7, 95
23/09/2015, 137, 58, 27, 13, 9, 7, 115
24/09/2015, 267, 110, 26, 10, 9, 17, 240
25/09/2015, 215, 158, 21, 9, 7, 15, 214
26/09/2015, 96, 70, 22, 8, 5, 5, 77
27/09/2015, 128, 47, 22, 7, 5, 5, 97
28/09/2015, 186, 78, 21, 11, 6, 10, 162
29/09/2015, 206, 103, 29, 19, 13, 18, 186
30/09/2015, 184, 93, 20, 11, 8, 10, 150
01/10/2015, 195, 105, 7, 5, 4, 13, 170
02/10/2015, 158, 79, 8, 11, 6, 9, 116
03/10/2015, 191, 86, 7, 7, 12, 13, 170
04/10/2015, 117, 70, 9, 5, 5, 5, 85
05/10/2015, 182, 98, 24, 15, 4, 12, 155
06/10/2015, 183, 73, 12, 18, 4, 10, 90
07/10/2015, 123, 52, 21, 20, 9, 9, 77
08/10/2015, 108, 54, 24, 13, 11, 8, 88
09/10/2015, 125, 58, 24, 9, 10, 5, 84
10/10/2015, 122, 56, 34, 8, 9, 5, 90
11/10/2015, 130, 70, 27, 12, 11, 6, 107
12/10/2015, 153, 82, 28, 9, 10, 9, 126
13/10/2015, 169, 71, 21, 9, 5, 8, 92
14/10/2015, 132, 53, 25, 9, 4, 7, 80
15/10/2015, 111, 64, 32, 9, 5, 9, 110
16/10/2015, 147, 66, 26, 11, 8, 7, 90
17/10/2015, 137, 65, 32, 11, 9, 6, 118
18/10/2015, 141, 87, 25, 11, 7, 6, 116
19/10/2015, 153, 84, 27, 8, 6, 5, 107
20/10/2015, 133, 74, 32, 9, 6, 5, 118
21/10/2015, 157, 64, 23, 10, 8, 3, 78
22/10/2015, 100, 73, 40, 8, 9, 10, 155
23/10/2015, 187, 139, 26, 10, 6, 15, 178
24/10/2015, 201, 101, 28, 11, 8, 12, 144
25/10/2015, 181, 105, 38, 10, 6, 13, 156
26/10/2015, 180, 99, 47, 13, 7, 14, 129
27/10/2015, 168, 68, 22, 12, 6, 11, 78
28/10/2015, 111, 38, 22, 7, 3, 7, 52
29/10/2015, 51, 26, 11, 12, 8, 5, 53
30/10/2015, 61, 27, 19, 11, 8, 7, 49
31/10/2015, 63, 34, 31, 12, 4, 7, 60
01/11/2015, 75, 32, 21, 13, 4, 7, 55
02/11/2015, 63, 27, 14, 13, 5, 6, 57
03/11/2015, 57, 29, 18, 15, 8, 5, 62
04/11/2015, 73, 49, 26, 18, 14, 7, 81
05/11/2015, 111, 55, 26, 16, 24, 6, 81
06/11/2015, 109, 37, 20, 14, 28, 5, 53
07/11/2015, 59, 40, 28, 20, 20, 7, 73
08/11/2015, 112, 56, 33, 16, 20, 7, 89
09/11/2015, 123, 49, 25, 10, 17, 5, 64
10/11/2015, 76, 32, 15, 14, 4, 6, 61
11/11/2015, 77, 39, 27, 14, 10, 6, 68
12/11/2015, 84, 38, 12, 14, 11, 6, 63
13/11/2015, 78, 31, 18, 9, 5, 5, 55
14/11/2015, 56, 28, 14, 9, 3, 5, 40
15/11/2015, 37, 20, 4, 11, 3, 5, 36
16/11/2015, 34, 23, 17, 15, 13, 4, 41
17/11/2015, 39, 34, 24, 11, 16, 5, 51
18/11/2015, 47, 26, 14, 11, 6, 4, 51
19/11/2015, 42, 27, 9, 11, 5, 5, 45
20/11/2015, 42, 26, 15, 15, 5, 5, 43
21/11/2015, 41, 31, 18, 14, 14, 5, 49
22/11/2015, 37, 32, 34, 13, 23, 4, 64
23/11/2015, 63, 41, 16, 15, 13, 5, 61
24/11/2015, 58, 42, 20, 14, 8, 6, 61
25/11/2015, 55, 27, 10, 10, 5, 4, 35
26/11/2015, 30, 19, 14, 9, 3, 4, 31
27/11/2015, 29, 25, 20, 10, 3, 4, 44
28/11/2015, 36, 30, 18, 11, 4, 4, 48
29/11/2015, 41, 25, 13, 13, 19, 4, 49
30/11/2015, 40, 24, 13, 11, 10, 4, 36
01/12/2015, 32, 20, 13, 11, 2, 4, 44
02/12/2015, 37, 26, 15, 10, 4, 4, 43
03/12/2015, 35, 30, 15, 11, 4, 4, 53
04/12/2015, 46, 24, 14, 10, 3, 3, 43
05/12/2015, 34, 31, 14, 9, 2, 5, 42
06/12/2015, 41, 23, 16, 6, 1, 3, 30
07/12/2015, 23, 25, 10, 11, 3, 3, 49
08/12/2015, 48, 23, 12, 8, 6, 3, 38
09/12/2015, 29, 21, 16, 11, 4, 4, 42
10/12/2015, 36, 27, 10, 12, 3, 4, 49
11/12/2015, 50, 24, 13, 9, 2, 4, 39
12/12/2015, 38, 17, 6, 7, 2, 3, 29
13/12/2015, 24, 17, 15, 9, 3, 3, 33
14/12/2015, 32, 26, 14, 10, 2, 4, 54
15/12/2015, 53, 29, 20, 10, 1, 4, 51
16/12/2015, 54, 35, 21, 10, 1, 4, 55
17/12/2015, 60, 40, 20, 9, 2, 4, 60
18/12/2015, 66, 44, 27, 9, 2, 3, 59
19/12/2015, 64, 37, 35, 6, 1, 4, 59
20/12/2015, 61, 31, 34, 8, 2, 4, 54
21/12/2015, 55, 37, 36, 13, 7, 4, 63
22/12/2015, 77, 41, 25, 12, 15, 4, 60
23/12/2015, 68, 28, 12, 7, 7, 4, 49
24/12/2015, 50, 24, 18, 4, 3, 3, 44
25/12/2015, 40, 22, 18, 8, 2, 3, 35
26/12/2015, 33, 24, 20, 9, 2, 4, 39
27/12/2015, 35, 26, 14, 10, 2, 3, 43
28/12/2015, 44, 21, 10, 8, 3, 3, 34
29/12/2015, 35, 26, 18, 10, 1, 3, 44
30/12/2015, 41, 30, 33, 17, 3, , 40
31/12/2015, 38, 22, 11, 21, , , 25
01/01/2016, 23, , , , , , 
03/01/2016, , 20, 13, 9, 1, 2, 38
04/01/2016, 38, 22, 16, 6, 1, 2, 36
05/01/2016, 34, 20, 15, 8, 1, 2, 36
06/01/2016, 33, 22, 17, 10, 1, , 41
07/01/2016, 39, 23, 15, 7, 2, , 38
08/01/2016, 33, 23, 15, 8, 2, , 39
09/01/2016, 39, 24, 17, 7, 2, 2, 41
10/01/2016, 38, 24, 13, 11, 1, 2, 44
11/01/2016, 45, 28, 14, 7, 2, 2, 40
12/01/2016, 43, 24, 17, 5, 2, 1, 44
13/01/2016, 39, 22, 14, 7, 2, 2, 41
14/01/2016, 39, 22, 9, 17, 3, 2, 43
15/01/2016, 43, 30, 10, 31, 6, 5, 57
16/01/2016, 65, 31, 12, 21, 3, 2, 49
17/01/2016, 49, 29, 15, 33, 3, 3, 53
18/01/2016, 56, 29, 12, 11, 6, 2, 52
19/01/2016, 51, 27, 11, 8, 4, 2, 48
20/01/2016, 49, 24, 11, 6, 4, 2, 40
21/01/2016, 36, 25, 10, 8, 2, 2, 48
22/01/2016, 47, 22, 12, 6, 1, 2, 37
23/01/2016, 38, 25, 18, 3, 1, 1, 40
24/01/2016, 37, 27, 14, 6, , 2, 43
25/01/2016, 42, 29, 11, 7, , 2, 44
26/01/2016, 44, 31, 17, 5, 1, 2, 44
27/01/2016, 44, 27, 14, 8, 2, 2, 45
28/01/2016, 44, 27, 10, 10, 5, 3, 48
29/01/2016, 49, 24, 15, 7, 2, 2, 38
30/01/2016, 35, 22, 15, 6, 1, , 40
31/01/2016, 38, 24, 16, 4, 2, 1, 37
01/02/2016, 28, 22, 13, 6, 1, 2, 39
02/02/2016, 38, 25, 14, 6, 1, 2, 47
03/02/2016, 46, 25, 3, 9, 1, 2, 37
04/02/2016, 34, 23, 7, 8, 2, 3, 40
05/02/2016, 44, 25, 11, 4, 1, 2, 40
06/02/2016, 41, 23, 21, 3, 1, 3, 44
07/02/2016, 50, 38, 20, 2, 1, 3, 56
08/02/2016, 62, 39, 14, 3, 1, 3, 59
09/02/2016, 64, 30, 11, 4, 1, 3, 48
10/02/2016, 46, 18, 9, 4, 1, , 28
11/02/2016, 29, 23, 9, 5, 1, 2, 41
12/02/2016, 44, 25, 9, 4, 1, 2, 37
13/02/2016, 34, 20, 10, 4, 1, 2, 42
14/02/2016, 42, 24, 12, 4, 1, 2, 47
15/02/2016, 45, 25, 12, 3, 1, 2, 47
16/02/2016, 45, 30, 19, 4, 1, , 54
17/02/2016, 60, 36, 13, 6, 2, 2, 54
18/02/2016, 56, 23, 6, 6, 1, 4, 32
19/02/2016, 33, 19, 7, 7, 1, 5, 43
20/02/2016, 49, 30, 13, 4, 2, 4, 51
21/02/2016, 50, 30, 9, 6, 2, 2, 49
22/02/2016, 49, 27, 7, 5, 2, 1, 50
23/02/2016, 43, 23, 3, 10, 2, 1, 47
24/02/2016, 45, 22, 10, 5, 2, 1, 46
25/02/2016, 43, 32, 12, 4, 1, , 51
26/02/2016, 50, 33, 11, 4, 2, , 49
27/02/2016, 51, 31, 12, 2, 1, 1, 47
28/02/2016, 47, 31, 9, 3, 1, 1, 50
29/02/2016, 51, 30, 10, 5, 1, 2, 49
01/03/2016, 48, 28, 10, 5, 1, 14, 51
02/03/2016, 49, 30, 9, 4, 1, 2, 51
03/03/2016, 55, 31, 7, 5, , 2, 47
04/03/2016, 48, 25, 12, 5, , 2, 42
05/03/2016, 45, 24, 12, 3, , 2, 41
06/03/2016, 44, 21, 9, 4, , , 45
07/03/2016, 47, 25, 9, 6, 2, 2, 51
08/03/2016, 53, 23, 13, 6, 3, 2, 44
09/03/2016, 49, 25, 12, 10, 3, 2, 50
10/03/2016, 54, 25, 14, 5, 3, 2, 48
11/03/2016, 49, 23, 13, 5, 1, 2, 47
12/03/2016, 48, 26, 13, 4, 1, 2, 47
13/03/2016, 51, 26, 13, 5, 1, 2, 54
14/03/2016, 58, 25, 17, 4, 1, 1, 54
15/03/2016, 58, 29, 17, 6, 2, 2, 54
16/03/2016, 61, 29, 20, 6, 3, 2, 57
17/03/2016, 65, 31, 21, 5, 2, 2, 59
18/03/2016, 68, 33, 22, 5, 3, 2, 60
19/03/2016, 72, 33, 22, 4, 2, 2, 61
20/03/2016, 72, 35, 19, 6, 2, 2, 61
21/03/2016, 71, 37, 14, 9, 4, 3, 59
22/03/2016, 72, 33, 16, 15, 7, 3, 62
23/03/2016, 77, 32, 22, 8, 7, 2, 59
24/03/2016, 69, 34, 22, 2, 4, 1, 61
25/03/2016, 74, 32, 16, 2, 3, 1, 57
26/03/2016, 65, 32, 16, 2, 1, 1, 59
27/03/2016, 70, 37, 19, 3, 1, 2, 58
28/03/2016, 69, 45, 24, 5, 1, 3, 72
29/03/2016, 104, 57, 19, 5, 2, 3, 74
30/03/2016, 94, 51, 19, 6, 1, 3, 71
31/03/2016, 103, 51, 18, 5, 1, 3, 66
01/04/2016, 76, 33, 16, 4, 1, 2, 60
02/04/2016, 65, 31, 12, 4, 2, 2, 52
03/04/2016, 51, 25, 13, 6, 2, 3, 57
04/04/2016, 62, 26, 11, 7, 2, , 53
05/04/2016, 56, 29, 13, 8, 3, 3, 57
06/04/2016, 60, 31, 19, 11, 4, 2, 60
07/04/2016, 72, 35, 19, 10, 4, 2, 61
08/04/2016, 69, 33, 10, 15, 3, 3, 60
09/04/2016, 65, 43, 19, 13, 3, 4, 64
10/04/2016, 84, 33, 14, 14, 4, 3, 60
11/04/2016, 71, 46, 12, 20, 13, 4, 68
12/04/2016, 95, 38, 15, 15, 10, 3, 62
13/04/2016, 75, 44, 14, 21, 17, 4, 63
14/04/2016, 82, 36, 10, 18, 19, 3, 51
15/04/2016, 62, 28, 20, 16, 17, 3, 57
16/04/2016, 56, 26, 17, 12, 6, 3, 51
17/04/2016, 52, 29, 20, 16, 15, 3, 62
18/04/2016, 74, 33, 18, 6, 7, 3, 59
19/04/2016, 62, 33, 11, 11, 2, 3, 62
20/04/2016, 72, 31, 27, 9, 5, 3, 59
21/04/2016, 66, 31, 14, 10, 3, 2, 56
22/04/2016, 61, 30, 11, 11, 6, 3, 52
23/04/2016, 54, 29, 12, 4, 4, 3, 53
24/04/2016, 53, 21, 12, 10, 5, 3, 48
25/04/2016, 49, 24, 12, 12, 6, 3, 53
26/04/2016, 53, 30, 17, 18, 9, 4, 62
27/04/2016, 59, 28, 15, 18, 6, 4, 64
28/04/2016, 63, 30, 10, 20, 6, 4, 63
29/04/2016, 66, 46, 31, 26, 8, 6, 73
30/04/2016, 107, 46, 16, 17, 9, 5, 63
01/05/2016, 73, 23, 14, 10, 5, 2, 47
02/05/2016, 43, 21, 13, 12, 5, 4, 53
03/05/2016, 47, 21, 15, 12, 5, 2, 42
04/05/2016, 38, 23, 12, 14, 4, 3, 53
05/05/2016, 59, 33, 14, 15, 4, 4, 57
06/05/2016, 57, 29, 7, 13, 4, 4, 56
07/05/2016, 57, 30, 11, 15, 7, 5, 55
08/05/2016, 63, 34, 8, 16, 6, 5, 59
09/05/2016, 69, 23, 9, 8, 4, 2, 39
10/05/2016, 36, 21, 6, 11, 6, 3, 52
11/05/2016, 54, 29, 6, 10, 10, 4, 54
12/05/2016, 54, 24, 3, 9, 6, 4, 51
13/05/2016, 51, 27, 3, 9, 8, 5, 53
14/05/2016, 58, 26, 9, 7, 10, 5, 54
15/05/2016, 57, 26, 9, 6, 6, 4, 48
16/05/2016, 49, 35, 8, 13, 14, 6, 66
17/05/2016, 84, 34, 7, 9, 12, 4, 54
18/05/2016, 45, 26, 6, 9, 7, 5, 55
19/05/2016, 56, 26, 7, 9, 10, 3, 47
20/05/2016, 45, 28, 9, 6, 11, 3, 41
21/05/2016, 45, 21, 10, 7, 10, 3, 37
22/05/2016, 42, 21, 11, 7, 13, 3, 45
23/05/2016, 40, 26, 8, 8, 5, 3, 46
24/05/2016, 45, 23, 9, 7, 6, 3, 43
25/05/2016, 46, 22, 6, 7, 8, 2, 39
26/05/2016, 34, 18, 6, 7, 5, 3, 36
27/05/2016, 39, 20, 7, 7, 3, 3, 40
28/05/2016, 40, 20, 9, 8, 6, 4, 46
29/05/2016, 48, 25, 7, 7, 13, 3, 45
30/05/2016, 47, 22, 15, 16, 11, 3, 50
31/05/2016, 54, 33, 17, 20, 15, 3, 59
01/06/2016, 58, 27, 11, 23, 10, 4, 58
02/06/2016, 62, 30, 13, 23, 10, 4, 60
03/06/2016, 56, 35, 2, 28, 7, 6, 62
04/06/2016, 70, 31, 19, 17, 10, 5, 59
05/06/2016, 64, 26, 15, 13, 9, 3, 51
06/06/2016, 47, 23, 13, 14, 6, 3, 53
07/06/2016, 52, 32, 5, 22, 7, 5, 59
08/06/2016, 70, 36, 11, 21, 12, 5, 65
09/06/2016, 80, 33, 9, 21, 9, 4, 60
10/06/2016, 67, 27, 9, 16, 11, 3, 49
11/06/2016, 46, 18, 14, 12, 6, 2, 34
12/06/2016, 32, 17, 12, 12, 8, 3, 44
13/06/2016, 37, 25, 10, 15, 10, 3, 55
14/06/2016, 57, 25, 7, 18, 12, 3, 52
15/06/2016, 54, 21, 5, 15, 17, 3, 46
16/06/2016, 39, 17, 4, 14, 13, 3, 38
17/06/2016, 32, 20, 5, 20, 16, 3, 42
18/06/2016, 48, 30, 14, 17, 8, 4, 51
19/06/2016, 59, 27, 16, 18, 9, 4, 53
20/06/2016, 51, 26, 14, 22, 13, 3, 52
21/06/2016, 56, 30, 7, 19, 12, 3, 55
22/06/2016, 54, 25, 10, 15, 11, 3, 49
23/06/2016, 47, 22, 7, 15, 8, 3, 44
24/06/2016, 40, 21, 11, 13, 9, 3, 47
25/06/2016, 48, 18, 12, 13, 6, , 39
26/06/2016, 40, 20, 7, 14, 7, 2, 38
27/06/2016, 36, 19, 15, 16, 9, 2, 43
28/06/2016, 49, 31, 13, 16, 16, 3, 52
29/06/2016, 57, 34, 19, 15, 16, 2, 55
30/06/2016, 59, 32, 17, 10, 9, 2, 57
01/07/2016, 56, 34, 16, 10, 7, 2, 57
02/07/2016, 60, 35, 17, 9, 8, 1, 52
03/07/2016, 53, 29, 14, 10, 9, 2, 48
04/07/2016, 47, 26, 9, 8, 8, 2, 45
05/07/2016, 43, 22, 9, 10, 9, 2, 46
06/07/2016, 46, 26, 9, 13, 18, 2, 53
07/07/2016, 55, 22, 7, 12, 5, 2, 43
08/07/2016, 40, 22, 11, 9, 1, 2, 47
09/07/2016, 41, 20, 11, 10, 1, 2, 42
10/07/2016, 36, 21, 5, 14, 2, 2, 50
11/07/2016, 44, 19, 9, 13, 1, 1, 48
12/07/2016, 42, 21, 5, 16, 8, 2, 44
13/07/2016, 46, 24, 4, 18, 19, 2, 55
14/07/2016, 53, 23, 4, 18, 15, 2, 48
15/07/2016, 46, 22, 20, 20, 21, 2, 54
16/07/2016, 57, 24, 32, 16, 17, 2, 50
17/07/2016, 53, 30, 9, 24, 17, 3, 56
18/07/2016, 67, 25, 13, 14, 18, 2, 36
19/07/2016, 38, 20, 9, 18, 18, 2, 44
20/07/2016, 48, 25, 13, 20, 21, 2, 50
21/07/2016, 55, 26, 4, 26, 20, 3, 59
22/07/2016, 65, 23, 9, 19, 16, 2, 44
23/07/2016, 40, 17, 5, 16, 8, 4, 38
24/07/2016, 33, 17, 5, 19, 12, 3, 43
25/07/2016, 41, 24, 2, 19, 16, 3, 52
26/07/2016, 46, 21, 14, 18, 13, 4, 56
27/07/2016, 54, 28, 13, 18, 10, 3, 56
28/07/2016, 58, 24, 13, 18, 15, 2, 50
29/07/2016, 52, 21, 12, 11, 11, 1, 51
30/07/2016, 44, 22, 10, 13, 8, 2, 48
31/07/2016, 43, 25, 13, 21, 16, 2, 56
01/08/2016, 62, 25, 17, 12, 25, 1, 52
02/08/2016, 55, 28, 11, 13, 13, 2, 50
03/08/2016, 49, 25, 12, 12, 11, 1, 45
04/08/2016, 47, 25, 17, 12, 9, , 55
05/08/2016, 57, 30, 15, 15, 8, 2, 56
06/08/2016, 60, 32, 16, 10, 8, 2, 59
07/08/2016, 66, 33, 15, 13, 9, 2, 61
08/08/2016, 70, 38, 16, 15, 17, 3, 64
09/08/2016, 74, 26, 11, 11, 15, 2, 44
10/08/2016, 44, 24, 10, 13, 10, 2, 53
11/08/2016, 55, 24, 9, 13, 13, 2, 52
12/08/2016, 50, 30, 18, 18, 11, 2, 61
13/08/2016, 75, 33, 14, 15, 20, 3, 58
14/08/2016, 63, 28, 13, 11, 17, 2, 48
15/08/2016, 49, 19, 10, 9, 8, , 37
16/08/2016, 37, 23, 8, 9, 8, 2, 46
17/08/2016, 42, 25, 8, 8, 8, , 49
18/08/2016, 41, 25, 8, 10, 8, , 43
19/08/2016, 48, 21, 10, 9, 8, , 44
20/08/2016, 40, 22, 6, 10, 8, 2, 42
21/08/2016, 38, 20, 9, 13, 9, 2, 45
22/08/2016, 49, 31, 13, 17, 18, 3, 63
23/08/2016, 70, 31, 8, 9, 15, 2, 43
24/08/2016, 44, 18, 12, 10, 10, 1, 40
25/08/2016, 44, 41, 26, 16, 13, 6, 103
26/08/2016, 119, 57, 10, 18, 12, 4, 82
27/08/2016, 74, 41, 16, 14, 14, 3, 77
28/08/2016, 91, 37, 13, 8, 6, 2, 65
29/08/2016, 54, 22, 6, 13, 9, 2, 49
30/08/2016, 48, 23, 7, 13, 16, 2, 56
31/08/2016, 52, 27, 5, 17, 11, 3, 55
01/09/2016, 63, 24, 11, 13, 14, 3, 50
02/09/2016, 50, 30, 11, 15, 12, 3, 61
03/09/2016, 69, 32, 17, 17, 14, 2, 64
04/09/2016, 74, 49, 12, 23, 18, 3, 69
05/09/2016, 91, 31, 12, 10, 20, 2, 53
06/09/2016, 58, 24, 6, 9, 12, , 46
07/09/2016, 46, 23, 9, 7, 6, 2, 52
08/09/2016, 52, 23, 9, 8, 6, 2, 53
09/09/2016, 56, 30, 9, 9, 5, 4, 55
10/09/2016, 60, 24, 10, 10, 7, 2, 48
11/09/2016, 45, 25, 8, 18, 15, 2, 52
12/09/2016, 61, 27, 11, 11, 12, 2, 51
13/09/2016, 44, 25, 4, 14, 9, 2, 40
14/09/2016, 48, 23, 11, 11, 14, 2, 54
15/09/2016, 49, 23, 8, 14, 17, 3, 47
16/09/2016, 48, 24, 13, 13, 22, 2, 48
17/09/2016, 51, 31, 14, 18, 18, 2, 58
18/09/2016, 68, 28, 8, 13, 29, 2, 46
19/09/2016, 52, 22, 10, 10, 20, 3, 37
20/09/2016, 43, 23, 9, 12, 13, 2, 46
21/09/2016, 50, 33, 21, 16, 12, 3, 61
22/09/2016, 68, 31, 14, 18, 18, 2, 53
23/09/2016, 59, 33, 18, 20, 27, 2, 60
24/09/2016, 71, 30, 19, 15, 27, 1, 50
25/09/2016, 57, 32, 15, 17, 22, 2, 60
26/09/2016, 74, 44, 15, 29, 20, 3, 70
27/09/2016, 93, 43, 21, 14, 19, 2, 61
28/09/2016, 64, 29, 17, 12, 7, 2, 49
29/09/2016, 51, 29, 17, 21, 7, 3, 61
30/09/2016, 69, 38, 11, 22, 13, 3, 57
01/10/2016, 66, 32, 15, 17, 18, 2, 56
02/10/2016, 69, 38, 10, 19, 27, 2, 59
03/10/2016, 66, 36, 20, 17, 17, 2, 61
04/10/2016, 80, 47, 20, 21, 21, 4, 74
05/10/2016, 97, 43, 10, 13, 22, 3, 71
06/10/2016, 92, 36, 2, 9, 18, 2, 55
07/10/2016, 59, 23, 8, 9, 18, 2, 45
08/10/2016, 52, 31, 11, 11, 31, 2, 53
09/10/2016, 56, 27, 16, 9, 16, 2, 57
10/10/2016, 60, 27, 20, 5, 11, 2, 48
11/10/2016, 48, 23, 20, 5, 5, 1, 39
12/10/2016, 37, 22, 12, 7, 9, , 37
13/10/2016, 36, 26, 7, 9, 17, 2, 45
14/10/2016, 55, 28, 12, 10, 23, 2, 47
15/10/2016, 54, 27, 7, 6, 24, 2, 40
16/10/2016, 49, 20, 6, 8, 20, 2, 35
17/10/2016, 40, 22, 10, 7, 14, 2, 48
18/10/2016, 45, 23, 5, 13, 13, 2, 46
19/10/2016, 51, 26, 17, 10, 21, 3, 57
20/10/2016, 60, 28, 16, 11, 13, 2, 57
21/10/2016, 53, 22, 10, 8, 10, 2, 48
22/10/2016, 42, 26, 23, 14, 7, 3, 60
23/10/2016, 73, 41, 6, 16, 12, 3, 62
24/10/2016, 80, 35, 12, 19, 13, 4, 57
25/10/2016, 69, 26, 12, 16, 14, 2, 46
26/10/2016, 54, 24, 3, 13, 14, 3, 46
27/10/2016, 48, 27, 5, 18, 8, 4, 59
28/10/2016, 69, 33, 3, 13, 12, 3, 61
29/10/2016, 64, 19, 5, 8, 17, 2, 36
30/10/2016, 31, 22, 8, 11, 12, 3, 53
31/10/2016, 59, 24, 10, 12, 14, 2, 48
01/11/2016, 46, 25, 12, 15, 8, 3, 47
02/11/2016, 50, 23, 13, 8, 8, 3, 36
03/11/2016, 32, 17, 7, 12, 10, 2, 41
04/11/2016, 50, 23, 5, 12, 18, 2, 44
05/11/2016, 48, 18, 13, 5, 25, 1, 27
06/11/2016, 29, 26, 8, 12, 9, 2, 54
07/11/2016, 65, 27, 9, 10, 18, 2, 54
08/11/2016, 49, 33, 18, 13, 19, , 57
09/11/2016, 65, 28, 11, 13, 14, 2, 56
10/11/2016, 55, 31, 4, 16, 9, 4, 52
11/11/2016, 58, 24, 13, 14, 4, 3, 52
12/11/2016, 55, 26, 10, 9, 6, 3, 42
13/11/2016, 46, 20, 2, 11, 6, 3, 39
14/11/2016, 40, 18, 13, 8, 3, 2, 44
15/11/2016, 40, 22, 6, 15, 11, 2, 47
16/11/2016, 48, 26, 9, 17, 18, 3, 50
17/11/2016, 56, 25, 13, 16, 8, 3, 51
18/11/2016, 50, 30, 9, 17, 10, 3, 61
19/11/2016, 64, 27, 14, 14, 11, 2, 60
20/11/2016, 56, 23, 11, 10, 13, 2, 44
21/11/2016, 47, 23, 4, 13, 19, , 51
22/11/2016, 49, 19, 5, 8, 21, , 35
23/11/2016, 34, 19, 12, 12, 22, 2, 48
24/11/2016, 46, 25, 19, 15, 14, 3, 49
25/11/2016, 50, 27, 9, 12, 6, 3, 50
26/11/2016, 50, 21, 10, 6, 5, 3, 36
27/11/2016, 33, 14, 9, 4, 2, , 28
28/11/2016, 25, 16, 4, 5, 1, 2, 33
29/11/2016, 33, 17, 13, 4, 1, 3, 29
30/11/2016, 25, 17, 8, 10, 6, 4, 34
01/12/2016, 37, 16, 9, 9, 11, 3, 33
02/12/2016, 31, 20, 10, 11, 15, 4, 43
03/12/2016, 47, 38, 14, 12, 21, 3, 54
04/12/2016, 57, 37, 10, 7, 12, 2, 46
05/12/2016, 50, 32, 19, 14, 12, 4, 52
06/12/2016, 57, 26, 16, 11, 12, 3, 41
07/12/2016, 49, 19, 20, 5, 5, 3, 
08/12/2016, 38, 20, 11, 7, 2, 3, 
09/12/2016, 38, 20, 14, 7, 2, 4, 
10/12/2016, 37, 17, 14, 4, 2, 3, 
11/12/2016, 29, 14, 18, 3, 2, 3, 
12/12/2016, 29, 21, 26, 6, 3, 4, 
13/12/2016, 59, 27, 20, 9, 3, 4, 
14/12/2016, 49, 29, 22, 8, 4, 3, 
15/12/2016, 68, 37, 19, 13, 7, 3, 
16/12/2016, 76, 35, 12, 10, 8, 3, 
17/12/2016, 59, 22, 18, 6, 2, 2, 
18/12/2016, 39, 20, 19, 7, 3, 3, 
19/12/2016, 41, 17, 17, 5, 3, 3, 
20/12/2016, 26, 14, 24, 6, 2, 4, 
21/12/2016, 34, 19, 12, 9, 3, 4, 
22/12/2016, 37, 20, 12, 8, 3, 7, 
23/12/2016, 37, 16, 14, 7, 3, 8, 
24/12/2016, 28, 14, 13, 6, 1, 5, 
25/12/2016, 28, 13, 12, 5, 1, 5, 
26/12/2016, 20, 11, 10, 6, 1, 5, 
27/12/2016, 22, 13, 6, 8, 1, 6, 
28/12/2016, 31, 15, 7, 8, , 6, 
29/12/2016, 47, 29, 19, 7, , 5, 
30/12/2016, 38, 15, 12, 5, , 6, 
31/12/2016, 31, 22, 25, 10, , , 
01/01/2017, 38, 23, 9, 9, 2, 4, 
02/01/2017, 38, 19, 7, 7, 2, 7, 
03/01/2017, 33, 14, 15, 6, 2, 4, 
04/01/2017, 25, 16, 13, 5, 2, 4, 
05/01/2017, 28, 20, 13, 12, 3, 6, 
06/01/2017, 51, 24, 18, 9, 14, 6, 
07/01/2017, 49, 26, 20, 7, 17, 6, 
08/01/2017, 50, 21, 20, 8, 10, 6, 
09/01/2017, 44, 26, 16, 7, 5, 6, 
10/01/2017, 47, 26, 13, 8, 4, 6, 
11/01/2017, 54, 27, 14, 9, 5, 6, 
12/01/2017, 56, 30, 17, 13, 6, 4, 
13/01/2017, 64, 32, 14, 17, 12, 5, 
14/01/2017, 63, 33, 19, 7, 19, 4, 
15/01/2017, 51, 22, 19, 8, 4, 5, 
16/01/2017, 43, 28, 16, 15, 8, 7, 
17/01/2017, 56, 24, 12, 11, 7, 6, 
18/01/2017, 44, 20, 14, 10, 2, 7, 
19/01/2017, 43, 21, 6, 11, 5, 8, 
20/01/2017, 42, 22, 7, 9, 15, 6, 
21/01/2017, 39, 14, 10, 5, 2, 6, 
22/01/2017, 27, 17, 4, 6, 2, 7, 
23/01/2017, 23, 11, 4, 5, 1, 8, 
24/01/2017, 19, 10, 7, 6, 1, 6, 
25/01/2017, 23, 17, 10, 5, 2, 5, 
26/01/2017, 33, 22, 11, 6, 1, 6, 
27/01/2017, 44, 27, 12, 5, 1, 5, 
28/01/2017, 38, 20, 12, 5, 1, 5, 
29/01/2017, 34, 19, 8, 6, 1, 5, 
30/01/2017, 30, 19, 8, 5, 2, 5, 
31/01/2017, 36, 23, 13, 6, 2, 5, 
01/02/2017, 48, 31, 18, 9, 5, 3, 
02/02/2017, 71, 29, 14, 6, 8, 1, 
03/02/2017, 42, 18, 16, 8, 4, 2, 
04/02/2017, 35, 18, 15, 7, 4, 2, 
05/02/2017, 38, 18, 16, 6, 6, , 
06/02/2017, 34, 20, 14, 12, 3, 2, 
07/02/2017, 40, 21, 16, 17, 2, 3, 
08/02/2017, 54, 27, 26, 18, 11, 7, 
09/02/2017, 63, 22, 25, 10, 22, 5, 
10/02/2017, 55, 30, 20, 7, 1, 1, 
11/02/2017, 56, 38, 22, 6, 1, 2, 
12/02/2017, 64, 34, 20, 6, , , 
13/02/2017, 58, 39, 18, 6, , 1, 
14/02/2017, 57, 27, 13, 7, , 1, 
15/02/2017, 36, 31, 16, 8, , 1, 
16/02/2017, 54, 40, 19, 8, , 1, 
17/02/2017, 56, 35, 15, 7, , 1, 
18/02/2017, 46, 34, 18, 5, , 1, 
19/02/2017, 56, 34, 14, 7, , , 
20/02/2017, 46, 28, 9, 10, 2, 2, 
21/02/2017, 42, 27, 17, 8, 2, 1, 
22/02/2017, 49, 24, 15, 13, 3, 1, 
23/02/2017, 55, 31, 4, 15, 5, 2, 
24/02/2017, 59, 20, 12, 11, 6, 2, 
25/02/2017, 40, 25, 15, 7, 2, 2, 
26/02/2017, 51, 21, 13, 6, 2, 1, 
27/02/2017, 38, 24, 11, 6, 2, 1, 
28/02/2017, 49, 22, 7, 8, 2, 2, 
01/03/2017, 27, 15, 15, 5, 1, 1, 
02/03/2017, 38, 33, 11, 6, 1, 2, 
03/03/2017, 53, 26, 9, 9, 2, 3, 
04/03/2017, 58, 36, 17, 5, 1, 2, 
05/03/2017, 68, 34, 19, 9, 2, 2, 
06/03/2017, 66, 31, 27, 11, 4, 2, 
07/03/2017, 69, 33, 28, 5, 6, 1, 
08/03/2017, 65, 33, 34, 6, 1, 1, 
09/03/2017, 76, 34, 24, 5, 2, , 
10/03/2017, 61, 35, 21, 7, 2, 2, 
11/03/2017, 64, 31, 31, 13, 3, 1, 
12/03/2017, 70, 44, 33, 13, 13, 2, 
13/03/2017, 95, 47, 28, 13, 10, 1, 
14/03/2017, 79, 37, 44, 25, 16, 3, 
15/03/2017, 89, 42, 24, 8, 14, 1, 
16/03/2017, 58, 35, 16, 17, 3, 2, 
17/03/2017, 78, 38, 27, 9, 4, 1, 
18/03/2017, 82, 38, 22, 12, 3, 1, 
19/03/2017, 84, 33, 19, 9, 3, 1, 
20/03/2017, 48, 25, 31, 13, 2, 3, 
21/03/2017, 59, 27, 13, 9, 3, 2, 
22/03/2017, 41, 29, 23, 6, 1, 2, 
23/03/2017, 69, 32, 40, 12, 6, 1, 
24/03/2017, 87, 46, 29, 13, 12, 1, 
25/03/2017, 73, 38, 26, 8, 2, 2, 
26/03/2017, 69, 29, 17, 6, 1, 5, 
27/03/2017, 46, 27, 5, 10, 2, 7, 
28/03/2017, 51, 28, 17, 14, 1, 6, 
29/03/2017, 61, 29, 5, 15, 4, 6, 
30/03/2017, 58, 27, 21, 20, 6, 7, 
31/03/2017, 61, 42, 14, 22, 8, 6, 
01/04/2017, 70, 28, 17, 12, 7, 4, 
02/04/2017, 51, 25, 17, 7, 9, 3, 
03/04/2017, 43, 23, 18, 10, 8, 4, 
04/04/2017, 52, 24, 21, 7, 12, 4, 
05/04/2017, 42, 21, 27, 9, 7, 5, 
06/04/2017, 49, 22, 20, 10, 2, 5, 
07/04/2017, 38, 27, 9, 19, 6, 5, 
08/04/2017, 66, 41, 34, 19, 15, 5, 
09/04/2017, 84, 35, 13, 15, 6, 5, 
10/04/2017, 72, 32, 27, 15, 20, 4, 
11/04/2017, 73, 36, 17, 13, 16, 4, 
12/04/2017, 63, 27, 9, 9, 11, 4, 
13/04/2017, 52, 29, 14, 12, 6, 7, 
14/04/2017, 59, 25, 13, 10, 2, 6, 
15/04/2017, 56, 30, 37, 7, 2, 7, 
16/04/2017, 65, 31, 14, 8, 3, 6, 
17/04/2017, 59, 32, 7, 15, 4, 7, 
18/04/2017, 60, 29, 29, 24, 6, 8, 
19/04/2017, 84, 51, 24, 27, 17, 8, 
20/04/2017, 116, 58, 5, 21, 17, 7, 
21/04/2017, 95, 36, 8, 10, 18, 5, 
22/04/2017, 54, 33, 9, 15, 13, 6, 
23/04/2017, 79, 34, 4, 12, 17, 5, 
24/04/2017, 61, 42, 11, 24, 9, 9, 
25/04/2017, 102, 48, 14, 19, 13, 7, 
26/04/2017, 85, 34, 27, 14, 21, 6, 
27/04/2017, 71, 37, 23, 16, 13, 5, 
28/04/2017, 62, 33, 10, 17, 16, 5, 
29/04/2017, 79, 40, 27, 12, 20, 7, 
30/04/2017, 68, 28, 21, 7, 9, 4, 
01/05/2017, 45, 29, 8, 13, 10, 6, 
02/05/2017, 68, 31, 11, 13, 16, 5, 
03/05/2017, 67, 35, 12, 9, 18, 4, 
04/05/2017, 54, 36, 20, 11, 14, 4, 
05/05/2017, 77, 33, 18, 10, 13, 2, 
06/05/2017, 62, 33, 21, 13, 16, 3, 
07/05/2017, 71, 33, 26, 12, 21, 2, 
08/05/2017, 72, 30, 15, 7, 13, 1, 
09/05/2017, 47, 24, 6, 7, 9, 1, 
10/05/2017, 45, 22, 11, 7, 17, 1, 
11/05/2017, 46, 28, 6, 7, 10, 4, 
12/05/2017, 60, 30, 10, 8, 10, 3, 
13/05/2017, 63, 31, 15, 6, 9, 3, 
14/05/2017, 38, 23, 6, 8, 7, 4, 
15/05/2017, 55, 26, 9, 5, 10, 3, 
16/05/2017, 48, 24, 14, 6, 7, 4, 
17/05/2017, 48, 26, 9, 4, 5, 3, 
18/05/2017, 43, 24, 10, 6, 6, 3, 
19/05/2017, 42, 24, 12, 7, 6, 3, 
20/05/2017, 59, 26, 12, 7, 6, 5, 
21/05/2017, 55, 26, 9, 7, 8, 4, 
22/05/2017, 41, 20, 13, 6, 6, 3, 
23/05/2017, 44, 26, 9, 7, 4, 2, 
24/05/2017, 49, 24, 8, 9, 5, 4, 
25/05/2017, 50, 31, 8, 10, 7, 2, 
26/05/2017, 57, 33, 10, 11, 9, 3, 
27/05/2017, 68, 34, 10, 6, 8, 2, 
28/05/2017, 45, 18, 10, 5, 5, 1, 
29/05/2017, 36, 22, 3, 12, 7, 2, 
30/05/2017, 54, 31, 12, 12, 21, 1, 
31/05/2017, 62, 28, 6, 12, 15, 1, 
01/06/2017, 53, 22, 9, 7, 12, 1, 
02/06/2017, 33, 20, 13, 5, 6, , 
03/06/2017, 35, 25, 19, 6, 5, , 
04/06/2017, 50, 26, 10, 5, 5, , 
05/06/2017, 52, 32, 12, 7, 6, , 
06/06/2017, 68, 42, 20, 7, 7, 1, 
07/06/2017, 64, 31, 17, 5, 7, , 
08/06/2017, 52, 28, 17, 4, 6, 2, 
09/06/2017, 52, 29, 13, 6, 5, , 
10/06/2017, 57, 30, 13, 7, 10, 2, 
11/06/2017, 50, 19, 13, 13, 10, 1, 
12/06/2017, 30, 13, 14, 12, 8, 4, 
13/06/2017, 31, 16, 12, 14, 8, 4, 
14/06/2017, 43, 19, 18, 12, 17, 3, 
15/06/2017, 46, 26, 10, 13, 6, 3, 
16/06/2017, 59, 24, 16, 9, 7, 2, 
17/06/2017, 53, 21, 11, 9, 6, 2, 
18/06/2017, 39, 19, 8, 8, 12, 3, 
19/06/2017, 35, 19, 12, 9, 7, 3, 
20/06/2017, 44, 20, 11, 11, 4, 2, 
21/06/2017, 51, 27, 11, 10, 6, 3, 
22/06/2017, 41, 28, 5, 9, 6, 3, 
23/06/2017, 39, 23, 12, 14, 12, 4, 
24/06/2017, 50, 26, 9, 18, 11, 4, 
25/06/2017, 44, 26, 34, 21, 11, , 
26/06/2017, 64, 31, 20, 22, 12, 6, 
27/06/2017, 46, 28, 18, 14, 10, 7, 
28/06/2017, 53, 26, 4, 13, 13, 5, 
29/06/2017, 48, 16, 11, 8, 18, 4, 
30/06/2017, 31, 17, 13, 6, 7, , 
01/07/2017, 26, 21, 13, 7, 8, 3, 
02/07/2017, 37, 25, 8, 8, 9, 4, 
03/07/2017, 42, 24, 11, 10, 10, 4, 
04/07/2017, 38, 19, 6, 11, 6, 4, 
05/07/2017, 36, 15, 11, 9, 7, , 
06/07/2017, 37, 19, 13, 10, 6, , 
07/07/2017, 43, 26, 12, 11, 5, 5, 
08/07/2017, 57, 28, 10, 8, 5, 4, 
09/07/2017, 40, 16, 12, 9, 6, 4, 
10/07/2017, 31, 21, 11, 12, 11, 3, 
11/07/2017, 49, 25, 7, 9, 7, 4, 
12/07/2017, 37, 22, 13, 12, 5, 4, 
13/07/2017, 49, 23, 8, 15, 5, 5, 
14/07/2017, 62, 26, 15, 12, 9, 4, 
15/07/2017, 62, 26, 16, 5, 5, 3, 
16/07/2017, 44, 18, 22, 7, 3, 3, 
17/07/2017, 53, 26, 18, 8, 3, , 
18/07/2017, 55, 21, 16, 8, 2, , 
19/07/2017, 44, 19, 14, 10, 4, 4, 
20/07/2017, 37, 20, 21, 7, 4, 4, 
21/07/2017, 41, 20, 15, 7, 3, 4, 
22/07/2017, 47, 22, 15, 7, 4, 4, 
23/07/2017, 50, 19, 15, 6, 3, 4, 
24/07/2017, 47, 26, 21, 7, 3, 4, 
25/07/2017, 63, 32, 22, 10, 2, 4, 
26/07/2017, 68, 30, 22, 9, 3, 4, 
27/07/2017, 70, 31, 23, 8, 3, 4, 
28/07/2017, 65, 34, 16, 7, 3, 4, 
29/07/2017, 57, 20, 13, 6, 3, 4, 
30/07/2017, 40, 17, 11, 4, 3, , 
31/07/2017, 44, 25, 15, 6, 3, 4, 
01/08/2017, 58, 29, 26, 5, 3, 3, 
02/08/2017, 66, 30, 23, 5, 2, 3, 
03/08/2017, 63, 27, 20, 5, 3, , 
04/08/2017, 53, 27, 21, 5, 2, 4, 
05/08/2017, 56, 27, 17, 5, 2, 4, 
06/08/2017, 45, 22, 9, 8, 6, 4, 
07/08/2017, 42, 20, 8, 9, 6, 5, 
08/08/2017, 43, 15, 13, 8, 6, 4, 
09/08/2017, 25, 16, 10, 13, 7, 6, 
10/08/2017, 54, 18, 4, 11, 6, 4, 
11/08/2017, 43, 32, 3, 14, 7, 5, 
12/08/2017, 49, 28, 7, 11, 13, 4, 
13/08/2017, 34, 17, 11, 9, 8, 4, 
14/08/2017, 32, 14, 6, 10, 6, 4, 
15/08/2017, 33, 17, 13, 10, 8, 4, 
16/08/2017, 46, 25, 23, 10, 7, 4, 
17/08/2017, 60, 23, 15, 14, 3, 5, 
18/08/2017, 49, 22, 13, 7, 2, 3, 
19/08/2017, 45, 20, 11, 5, 3, 3, 
20/08/2017, 32, 19, 13, 5, 4, 2, 
21/08/2017, 34, 19, 11, 8, 5, 3, 
22/08/2017, 32, 21, 20, 8, 6, 3, 
23/08/2017, 61, 26, 14, 8, 5, 3, 
24/08/2017, 53, 20, 12, 7, 5, 3, 
25/08/2017, 39, 14, 15, 5, 4, , 
26/08/2017, 36, 18, 12, 6, 4, 4, 
27/08/2017, 42, 29, 11, 6, 4, 4, 
28/08/2017, 49, 25, 5, 11, 8, 5, 
29/08/2017, 54, 18, 20, 10, 7, 4, 
30/08/2017, 35, 17, 15, 7, 4, 4, 
31/08/2017, 33, 16, 18, 4, 4, 4, 
01/09/2017, 43, 27, 26, 5, 4, , 
02/09/2017, 68, 28, 16, 3, 5, 3, 
03/09/2017, 53, 22, 11, 6, 4, 4, 
04/09/2017, 48, 23, 10, 7, 5, 4, 
05/09/2017, 50, 22, 3, 8, 6, , 
06/09/2017, 46, , , , , , 
10/09/2017, , 27, 16, 12, 8, 6, 
11/09/2017, 63, 30, 35, 8, 7, 6, 
12/09/2017, 75, 32, 24, 6, 6, 4, 
13/09/2017, 67, 29, 15, 7, 6, 4, 
14/09/2017, 59, 28, 8, 12, 8, 5, 
15/09/2017, 67, 28, 10, 10, 11, 5, 
16/09/2017, 50, 15, 13, 5, 13, 4, 
17/09/2017, 26, 11, 9, 7, 5, 4, 
18/09/2017, 30, 19, 6, 13, 7, 5, 
19/09/2017, 44, 22, 10, 12, 11, 5, 
20/09/2017, 46, 16, 6, 5, 12, 4, 
21/09/2017, 28, 16, 18, 7, 8, 4, 
22/09/2017, 43, 27, 18, 7, 6, 5, 
23/09/2017, 64, 26, 17, 8, 8, 5, 
24/09/2017, 57, 22, 16, 9, 10, 4, 
25/09/2017, 42, 20, 10, 10, 7, 5, 
26/09/2017, 41, 32, 8, 20, 11, 8, 
27/09/2017, 74, 25, 21, 14, 18, 4, 
28/09/2017, 60, 25, 9, 15, 12, 4, 
29/09/2017, 46, 19, 10, 10, 16, 4, 
30/09/2017, 45, 22, 6, 11, 14, 4, 
01/10/2017, 60, 25, 11, 9, 10, 4, 
02/10/2017, 54, 28, 6, 16, 12, 5, 
03/10/2017, 80, 27, 6, 11, 11, 4, 
04/10/2017, 37, 20, 16, 10, 11, 4, 
05/10/2017, 45, 20, 11, 11, 7, 4, 
06/10/2017, 49, 28, 30, 15, 6, 5, 
07/10/2017, 72, 28, 16, 14, 7, 4, 
08/10/2017, 64, 28, 10, 11, 10, 5, 
09/10/2017, 58, 19, 10, 7, 16, 3, 
10/10/2017, 37, 18, 14, 9, 10, 3, 
11/10/2017, 39, 20, 2, 9, 19, 3, 
12/10/2017, 44, 19, 6, 9, 18, , 
13/10/2017, 39, 19, 2, 9, 5, 3, 
14/10/2017, 45, 31, 3, 4, 2, 5, 
15/10/2017, 77, 25, 3, 8, 3, 4, 
16/10/2017, 58, 26, 11, 11, 6, 3, 
17/10/2017, 57, 26, 21, 5, 13, 4, 
18/10/2017, 53, 29, 15, 8, 9, 3, 
19/10/2017, 74, 38, 11, 13, 12, 4, 
20/10/2017, 99, 36, 16, 10, 12, 3, 
21/10/2017, 76, 39, 10, 6, 6, 5, 
22/10/2017, 81, 31, 7, 11, 6, 5, 
23/10/2017, 70, 39, 11, 18, 6, 6, 
24/10/2017, 95, 46, 37, 17, 7, 6, 
25/10/2017, 96, 34, 22, 17, 6, 5, 
26/10/2017, 73, 40, 13, 18, 10, 6, 
27/10/2017, 85, 28, 24, 10, 7, 6, 
28/10/2017, 60, 23, 18, 12, 5, 6, 
29/10/2017, 51, 19, 12, 9, 3, 6, 
30/10/2017, 38, 18, 14, 9, 5, 6, 
31/10/2017, 44, 31, 21, 14, 3, 7, 
01/11/2017, 76, 27, 12, 13, 8, 4, 
02/11/2017, 56, 27, 11, 12, 16, 3, 
03/11/2017, 51, 23, 20, 10, 12, 4, 
04/11/2017, 58, 23, 17, 6, 9, 4, 
05/11/2017, 37, 20, 10, 14, 6, 4, 
06/11/2017, 52, 29, 9, 15, 7, 6, 
07/11/2017, 60, 31, 18, 8, 5, 6, 
08/11/2017, 41, 19, 26, 8, 3, 5, 
09/11/2017, 47, 19, 11, 11, 2, 5, 
10/11/2017, 36, 20, 8, 15, 6, 7, 
11/11/2017, 55, 25, 10, 11, 13, 6, 
12/11/2017, 43, 19, 17, 12, 11, 5, 
13/11/2017, 47, 26, 5, 9, 9, 4, 
14/11/2017, 36, 18, 11, 11, 5, 5, 
15/11/2017, 47, 32, 25, 16, 6, 6, 
16/11/2017, 85, 25, 8, 10, 4, 4, 
17/11/2017, 52, 23, 25, 10, 8, 5, 
18/11/2017, 51, 20, 22, 9, 5, 5, 
19/11/2017, 44, 25, 14, 14, 6, 6, 
20/11/2017, 56, 26, 5, 15, 5, 9, 
21/11/2017, 57, 30, 5, 9, 2, 8, 
22/11/2017, 60, 23, 4, 6, 2, 6, 
23/11/2017, 31, 17, 4, 6, 5, 5, 
24/11/2017, 24, 17, 4, 8, 7, 6, 
25/11/2017, 35, 19, 4, 8, 3, 6, 
26/11/2017, 32, 16, 3, 10, 2, 6, 
27/11/2017, 26, 14, 3, 9, 2, 6, 
28/11/2017, 32, 16, 3, 8, 2, 5, 
29/11/2017, 31, 16, 4, 4, 2, , 
30/11/2017, 27, 20, 9, 6, 2, 6, 
01/12/2017, 40, 21, 5, 7, 2, 5, 
02/12/2017, 37, 24, 4, 6, 2, 5, 
03/12/2017, 41, 26, 15, 18, 2, 5, 
04/12/2017, 52, 33, 14, 23, 4, 5, 
05/12/2017, 68, 28, 30, 24, 9, 4, 
06/12/2017, 59, 26, 12, 20, 9, 3, 
07/12/2017, 37, 21, 14, 11, 3, 4, 
08/12/2017, 24, 12, 12, 15, 1, 4, 
09/12/2017, 34, 33, 30, 14, 1, 5, 
10/12/2017, 67, 33, 24, 16, 2, 4, 
11/12/2017, 56, 27, 19, 21, 1, 5, 
12/12/2017, 53, 25, 21, 19, 1, 6, 
13/12/2017, 50, 25, 29, 21, 3, 5, 
14/12/2017, 57, 27, 23, 20, 5, 4, 
15/12/2017, 57, 23, 18, 17, 2, 5, 
16/12/2017, 58, 25, 23, 9, 1, 4, 
17/12/2017, 40, 27, 30, 9, 1, 4, 
18/12/2017, 53, 29, 25, 13, 2, 5, 
19/12/2017, 47, 23, 27, 13, 1, 6, 
20/12/2017, 54, 29, 31, 9, 1, 4, 
21/12/2017, 59, 28, 25, 15, 2, 4, 
22/12/2017, 55, 21, 33, 11, 3, 5, 
23/12/2017, 32, 17, 18, 8, 2, 4, 
24/12/2017, 24, 18, 18, 11, 1, , 
25/12/2017, 41, 19, 18, 14, 3, 4, 
26/12/2017, 30, 20, 19, 20, 4, 4, 
27/12/2017, 45, 18, 18, 14, 3, 4, 
28/12/2017, 32, 19, 14, 10, 2, 4, 
29/12/2017, 43, 21, 10, 10, 2, 3, 
30/12/2017, 41, 34, 7, 11, 1, 4, 
31/12/2017, 30, 11, 19, 13, 2, 3, 
01/01/2018, 17, 11, 8, 14, 1, 5, 
02/01/2018, 26, 22, 14, 18, 2, 6, 
03/01/2018, 45, 21, 9, 15, 2, 5, 
04/01/2018, 34, 20, 7, 17, 3, 5, 
05/01/2018, 42, 24, 14, 23, 4, 6, 
06/01/2018, 59, 23, 19, 15, 6, 4, 
07/01/2018, 41, 18, 11, 21, 5, 5, 
08/01/2018, 38, 21, 17, 19, 4, 4, 
09/01/2018, 47, 18, 3, 17, 3, 5, 
10/01/2018, 36, 13, 5, 11, 2, 5, 
11/01/2018, 22, 11, 9, 10, 1, 5, 
12/01/2018, 15, 11, 10, 12, 1, 6, 
13/01/2018, 25, 16, 19, 10, , 5, 
14/01/2018, 24, 16, 15, 12, , 5, 
15/01/2018, 26, 16, 18, 12, , 4, 
16/01/2018, 39, 24, 17, 13, , 3, 
17/01/2018, 34, 26, 17, 15, , 3, 
18/01/2018, 40, 26, 17, 16, 2, 4, 
19/01/2018, 49, 27, 20, 19, 2, 5, 
20/01/2018, 45, 29, 19, 12, 4, 4, 
21/01/2018, 34, 25, 20, 12, 4, 4, 
22/01/2018, 34, 25, 10, 13, 1, 5, 
23/01/2018, 38, 21, 14, 16, 1, 5, 
24/01/2018, 34, 22, 12, 16, 3, 5, 
25/01/2018, 38, 22, 7, 17, 4, 4, 
26/01/2018, 40, 20, 18, 12, 1, 4, 
27/01/2018, 30, 20, 18, 9, 2, 4, 
28/01/2018, 38, 27, 13, 13, 1, 5, 
29/01/2018, 33, 19, 21, 13, 4, 5, 
30/01/2018, 34, 17, 27, 10, 4, 4, 
31/01/2018, 36, 22, 15, 6, 2, 5, 
01/02/2018, 38, 21, 8, 8, 1, 5, 
02/02/2018, 39, 25, 19, 5, 1, 5, 
03/02/2018, 54, 60, 26, 4, , 5, 
04/02/2018, 61, 55, 26, 5, , 4, 
05/02/2018, 60, 43, 26, 7, 1, 4, 
06/02/2018, 58, 39, 26, 11, 1, 5, 
07/02/2018, 59, 39, 30, 6, 2, , 
08/02/2018, 66, 43, 38, 7, 2, , 
09/02/2018, 90, 43, 33, 7, 2, 4, 
10/02/2018, 71, 45, 42, 4, 2, 5, 
11/02/2018, 86, 42, 34, 6, 2, 5, 
12/02/2018, 62, 42, 22, 7, 2, 4, 
13/02/2018, 55, 37, 18, 8, 2, 5, 
14/02/2018, 60, 53, 25, 6, 2, 5, 
15/02/2018, 67, 37, 31, 10, 4, 5, 
16/02/2018, 81, 34, 24, 5, 6, 6, 
17/02/2018, 66, 34, 29, 6, 2, , 
18/02/2018, 84, 36, 19, 8, 2, 4, 
19/02/2018, 63, 31, 20, 7, 2, 4, 
20/02/2018, 57, 35, 19, 5, , 3, 
21/02/2018, 55, 27, 21, 5, 2, 4, 
22/02/2018, 46, 30, 9, 7, 1, 4, 
23/02/2018, 53, 30, 10, 6, 1, 5, 
24/02/2018, 42, 27, 13, 6, 1, 4, 
25/02/2018, 53, 37, 15, 6, , 4, 
26/02/2018, 60, 36, 13, 5, 1, 3, 
27/02/2018, 59, 33, 20, 7, 2, 4, 
28/02/2018, 57, 33, 14, 6, 3, 4, 
01/03/2018, 47, 28, 13, 8, 2, 5, 
02/03/2018, 52, 33, 14, 7, 2, 4, 
03/03/2018, 50, 31, 20, 8, 3, 5, 
04/03/2018, 50, 27, 16, 3, 3, 4, 
05/03/2018, 42, 30, 16, 8, 2, 4, 
06/03/2018, 56, 28, 8, 6, 4, 4, 
07/03/2018, 37, 23, 8, 4, 3, 5, 
08/03/2018, 43, 29, 14, 4, 2, 4, 
09/03/2018, 49, 31, 14, 3, 2, 4, 
10/03/2018, 50, 39, 21, 4, 2, 4, 
11/03/2018, 60, 39, 17, 5, 1, 5, 
12/03/2018, 61, 39, 19, 5, 1, , 
13/03/2018, 55, 38, 21, 5, 1, 4, 
14/03/2018, 57, 35, 24, 7, 2, 3, 
15/03/2018, 57, 35, 20, 6, 4, 4, 
16/03/2018, 55, 32, 22, 4, 2, 3, 
17/03/2018, 51, 29, 21, 5, 2, , 
18/03/2018, 39, 27, 19, 7, 2, 4, 
19/03/2018, 48, 31, 18, 8, 3, 4, 
20/03/2018, 51, 39, 24, 11, 4, 5, 
21/03/2018, 72, 33, 21, 6, 3, 4, 
22/03/2018, 44, 28, 17, 8, 2, , 
23/03/2018, 40, 28, 18, 6, 2, 4, 
24/03/2018, 55, 31, 18, 9, 2, 3, 
25/03/2018, 54, 22, 13, 11, 3, 4, 
26/03/2018, 47, 23, 5, 9, 3, 6, 
27/03/2018, 41, 29, 28, 17, 5, 7, 
28/03/2018, 71, 39, 6, 15, 7, 7, 
29/03/2018, 63, , , , , , 
31/03/2018, , 54, 31, , 5, 8, 
01/04/2018, 79, 51, 25, , 3, 7, 
02/04/2018, 83, 47, 34, , 3, 5, 
03/04/2018, 80, 47, 27, , 4, , 
04/04/2018, 79, 41, 23, , 6, 4, 
05/04/2018, 66, 39, 20, , 5, 5, 
06/04/2018, 68, 40, 18, , 4, 5, 
07/04/2018, 67, 38, 21, , 3, 5, 
08/04/2018, 63, 37, 22, , 3, , 
09/04/2018, 55, 39, 19, , 4, 5, 
10/04/2018, 59, 35, 16, , 5, 6, 
11/04/2018, 54, 34, 19, , 4, 5, 
12/04/2018, 58, 33, 17, , 2, 5, 
13/04/2018, 47, 30, 12, , 2, 5, 
14/04/2018, 49, 36, 24, , 7, 8, 
15/04/2018, 61, 27, 7, , 3, 6, 
16/04/2018, 36, 27, 19, , 3, 7, 
17/04/2018, 54, 30, 19, , 3, 4, 
18/04/2018, 46, 28, 14, , 2, 4, 
19/04/2018, 54, 33, 13, , 3, 4, 
20/04/2018, 55, 30, 12, , 3, 5, 
21/04/2018, 50, 34, 19, , 3, 6, 
22/04/2018, 60, 31, 15, , 3, 5, 
23/04/2018, 55, 34, 20, , 7, 6, 
24/04/2018, 70, 35, 21, , 8, 5, 
25/04/2018, 54, 33, 26, , 7, 5, 
26/04/2018, 69, 39, 11, , 10, 6, 
27/04/2018, 67, 34, 18, , 5, 6, 
28/04/2018, 59, 28, 20, , 5, 5, 
29/04/2018, 47, 24, 15, , 7, 4, 
30/04/2018, 44, 33, 8, , 7, 6, 
01/05/2018, 57, 36, 13, , 5, 8, 
02/05/2018, 69, 40, 16, , 8, 8, 
03/05/2018, 74, 43, 19, , 10, 7, 
04/05/2018, 79, 34, 15, , 11, 6, 
05/05/2018, 60, 32, 17, , 10, 6, 
06/05/2018, 60, 36, 16, , 8, 6, 
07/05/2018, 69, 32, 18, , 7, 4, 
08/05/2018, 56, 28, 21, , 7, , 
09/05/2018, 43, 24, 15, , 8, , 
10/05/2018, 43, 27, 9, , 9, , 
11/05/2018, 43, 28, 11, , 10, 4, 
12/05/2018, 43, 22, 12, , 9, 4, 
13/05/2018, 41, 24, 13, , 11, 5, 
14/05/2018, 48, 24, 17, , 9, 6, 
15/05/2018, 39, 22, 16, , 7, 5, 
16/05/2018, 38, 31, 15, , 9, 8, 
17/05/2018, 70, 28, 12, , 12, 5, 
18/05/2018, 46, 31, 10, , 10, 8, 
19/05/2018, 78, 49, 6, , 15, 10, 
20/05/2018, 106, 44, 17, , 17, 6, 
21/05/2018, 50, 31, 10, , 12, 4, 
22/05/2018, 40, 37, 6, , 12, 6, 
23/05/2018, 81, 31, 17, , 19, 4, 
24/05/2018, 47, 29, 15, , 10, 4, 
25/05/2018, 47, 30, 8, , 6, 5, 
26/05/2018, 62, 29, 9, , 11, 5, 
27/05/2018, 51, 26, 7, , 19, 5, 
28/05/2018, 47, 26, 13, , 12, 5, 
29/05/2018, 50, 29, 10, , 16, 5, 
30/05/2018, 55, 30, 7, , 11, 6, 
31/05/2018, 57, 32, 9, , 13, 6, 
01/06/2018, 54, 29, 12, , 11, 6, 
02/06/2018, 64, 41, 26, , 14, 6, 
03/06/2018, 82, 31, 14, , 14, 5, 
04/06/2018, 45, 28, 14, , 13, 5, 
05/06/2018, 58, 34, 17, , 9, 4, 
06/06/2018, 67, 37, 20, , 9, 4, 
07/06/2018, 76, 40, 14, , 11, 4, 
08/06/2018, 72, 39, 16, , 18, 17, 
09/06/2018, 88, 41, 15, , 8, 4, 
10/06/2018, 75, 34, 16, , 5, 4, 
11/06/2018, 64, 36, 11, , 6, 4, 
12/06/2018, 65, 31, 8, , 8, 4, 
13/06/2018, 50, 25, 8, , 10, 5, 
14/06/2018, 41, 25, 4, , 11, 6, 
15/06/2018, 49, 27, 13, , 12, 5, 
16/06/2018, 51, 29, 18, , 8, 5, 
17/06/2018, 58, 28, 7, , 8, 4, 
18/06/2018, 43, 24, 9, , 12, 4, 
19/06/2018, 44, 28, 6, , 9, 5, 
20/06/2018, 50, 33, 10, , 10, 6, 
21/06/2018, 63, 39, 12, , 7, 7, 
22/06/2018, 65, 26, 6, , 9, 8, 
23/06/2018, 39, 24, 14, , 6, 5, 
24/06/2018, 46, 23, 9, , 11, 29, 
25/06/2018, 33, 24, 6, , 13, 5, 
26/06/2018, 48, 23, 5, , 9, 5, 
27/06/2018, 39, 20, 10, , 9, 5, 
28/06/2018, 30, 18, 4, , 6, 4, 
29/06/2018, 29, 18, 8, , 5, 4, 
30/06/2018, 30, 20, 6, , 6, , 
01/07/2018, 37, 20, 7, , 6, 4, 
02/07/2018, 34, 24, 7, , 6, 4, 
03/07/2018, 39, 30, 14, , 7, 4, 
04/07/2018, 51, 33, 20, , 6, 4, 
05/07/2018, 62, 43, 19, , 4, 5, 
06/07/2018, 72, 44, 21, , 4, 5, 
07/07/2018, 61, 43, 15, , 4, 5, 
08/07/2018, 53, 34, 12, , 3, , 
09/07/2018, 51, 32, 7, , 7, 7, 
10/07/2018, 48, 28, 11, , 11, 4, 
11/07/2018, 47, 32, 19, , 8, 32, 
12/07/2018, 61, 45, 20, , 6, 4, 
13/07/2018, 88, 55, 19, , 5, 4, 
14/07/2018, 91, 56, 21, , 4, 4, 
15/07/2018, 80, 51, 22, , 5, , 
16/07/2018, 84, 50, 18, , 5, 4, 
17/07/2018, 76, 49, 20, , 4, 5, 
18/07/2018, 84, 50, 17, , 4, 5, 
19/07/2018, 81, 49, 17, , 3, 5, 
20/07/2018, 76, 45, 7, , 8, 5, 
21/07/2018, 64, 37, 15, , 9, 5, 
22/07/2018, 54, 41, 22, , 4, 5, 
23/07/2018, 73, 47, 19, , 6, 5, 
24/07/2018, 76, 44, 8, , 6, 5, 
25/07/2018, 61, 36, 18, , 14, 5, 
26/07/2018, 56, 40, 17, , 10, 5, 
27/07/2018, 64, 51, 25, , 6, 6, 
28/07/2018, 91, 52, 25, , 6, 6, 
29/07/2018, 77, 43, 12, , 8, 6, 
30/07/2018, 61, 43, 12, , 11, 5, 
31/07/2018, 84, 38, 6, , 11, 5, 
01/08/2018, 56, 28, 12, , 9, 4, 
02/08/2018, 38, 30, 21, , 7, 5, 
03/08/2018, 61, 35, 22, , 6, 5, 
04/08/2018, 68, 37, 22, , 6, 5, 
05/08/2018, 63, 37, 22, , 5, 5, 
06/08/2018, 71, 43, 20, , 5, 5, 
07/08/2018, 85, 39, 14, , 8, 13, 
08/08/2018, 57, 35, 16, , 7, 4, 
09/08/2018, 72, 36, 18, , 5, 4, 
10/08/2018, 66, 39, 22, , 5, 17, 
11/08/2018, 76, 39, 24, , 5, 5, 
12/08/2018, 74, 42, 19, , 5, 5, 
13/08/2018, 73, 38, 20, , 4, 26, 
14/08/2018, 62, 39, 22, , 3, 4, 
15/08/2018, 72, 48, 21, , 6, 5, 
16/08/2018, 86, 42, 15, , 5, 6, 
17/08/2018, 66, 42, 28, , 5, 5, 
18/08/2018, 75, 49, 29, , 5, 5, 
19/08/2018, 84, 44, 24, , 6, , 
20/08/2018, 67, 39, 21, , 6, 5, 
21/08/2018, 65, 38, 10, , 5, 9, 
22/08/2018, 65, 35, 10, , 12, 5, 
23/08/2018, 60, 32, 10, , 10, 5, 
24/08/2018, 59, 30, 13, , 8, 7, 
25/08/2018, 49, 23, 21, , 7, 4, 
26/08/2018, 39, 33, 21, , 5, 5, 
27/08/2018, 68, 41, 15, , 6, 6, 
28/08/2018, 75, 38, 14, , 9, 6, 
29/08/2018, 56, 29, 13, , 10, 5, 
30/08/2018, 54, 30, 13, , 9, 5, 
31/08/2018, 43, 28, 23, , 10, 6, 
01/09/2018, 52, 32, 6, , 8, 6, 
02/09/2018, 53, 31, 14, , 14, 5, 
03/09/2018, 47, 30, 6, , 9, 8, 
04/09/2018, 54, 32, 10, , 14, 6, 
05/09/2018, 60, 33, 19, , 10, 4, 
06/09/2018, 73, 44, 7, , 6, 5, 
07/09/2018, 78, 38, 10, , 9, 6, 
08/09/2018, 59, 29, 12, , 11, 5, 
09/09/2018, 51, 28, 12, , 7, 6, 
10/09/2018, 62, 37, 8, , 7, 7, 
11/09/2018, 65, 27, 11, , 10, 9, 
12/09/2018, 43, 30, 19, , 6, 4, 
13/09/2018, 59, 39, 23, , 8, 5, 
14/09/2018, 76, 42, 23, , 8, 5, 
15/09/2018, 77, 43, 25, , 6, 5, 
16/09/2018, 73, 41, 24, , 5, 4, 
17/09/2018, 65, 35, 15, , 5, 13, 
18/09/2018, 59, 36, 21, , 6, 5, 
19/09/2018, 66, 41, 18, , 6, 7, 
20/09/2018, 73, 29, 9, , 7, 5, 
21/09/2018, 47, 24, 13, , 11, 4, 
22/09/2018, 35, 24, 19, , 10, 5, 
23/09/2018, 48, 37, 26, , 8, 21, 
24/09/2018, 70, 41, 24, , 8, , 
25/09/2018, 61, 38, 18, , 8, , 
26/09/2018, 66, 39, 19, , 10, 4, 
27/09/2018, 60, 39, 21, , 8, 4, 
28/09/2018, 67, 45, 28, , 10, 5, 
29/09/2018, 76, 41, 25, , 8, , 
30/09/2018, 69, 38, 24, , 6, 4, 
01/10/2018, 69, 37, 25, , 8, 4, 
02/10/2018, 63, 39, 16, , 9, 6, 
03/10/2018, 77, 39, 22, , 7, 5, 
04/10/2018, 69, 41, 23, , 10, 5, 
05/10/2018, 79, 43, 16, , 9, 5, 
06/10/2018, 72, 31, 11, , 6, 6, 
07/10/2018, 57, 27, 14, , 5, 6, 
08/10/2018, 56, 32, 7, , 13, 7, 
09/10/2018, 74, 33, 11, , 13, 7, 
10/10/2018, 61, 28, 13, , 16, 7, 
11/10/2018, 51, 22, 7, , 7, 5, 
12/10/2018, 37, 22, 7, , 13, 5, 
13/10/2018, 50, 29, 6, , 14, 6, 
14/10/2018, 55, 27, 18, , 15, 6, 
15/10/2018, 59, 35, 14, , 10, 6, 
16/10/2018, 77, 34, 10, , 13, 6, 
17/10/2018, 72, 30, 9, , 12, 5, 
18/10/2018, 49, 26, 15, , 17, 5, 
19/10/2018, 55, 28, 20, , 14, 4, 
20/10/2018, 57, 33, 21, , 10, 4, 
21/10/2018, 76, 37, 19, , 9, 5, 
22/10/2018, 64, 26, 11, , 8, 5, 
23/10/2018, 52, 29, 15, , 9, 5, 
24/10/2018, 54, 35, 16, , 8, 6, 
25/10/2018, 84, 48, 35, , 11, 7, 
26/10/2018, 101, 41, 20, , 10, 6, 
27/10/2018, 72, 32, 23, , 7, 6, 
28/10/2018, 63, 27, 17, , 4, 6, 
29/10/2018, 54, 30, 14, , 3, 7, 
30/10/2018, 54, 28, 18, , 3, 6, 
31/10/2018, 42, 27, 14, , 2, 5, 
01/11/2018, 53, 30, 20, , 2, 4, 
02/11/2018, 44, 29, 13, , 12, 7, 
03/11/2018, 62, 32, 20, , 12, 7, 
04/11/2018, 43, 26, 14, , 7, 7, 
05/11/2018, 48, 26, 15, , 9, 7, 
06/11/2018, 48, 21, 16, , 6, 6, 
07/11/2018, 38, 23, 19, , 7, 5, 
08/11/2018, 34, 27, 9, , 9, 5, 
09/11/2018, 72, 38, 30, , 16, 7, 
10/11/2018, 73, 29, 17, , 8, 5, 
11/11/2018, 42, 22, 33, , 5, 6, 
12/11/2018, 48, 24, 13, , 9, 6, 
13/11/2018, 37, 28, 12, , 14, 5, 
14/11/2018, 53, 27, 8, , 14, 5, 
15/11/2018, 48, 32, 15, , 13, 7, 
16/11/2018, 65, 30, 17, , 11, 5, 
17/11/2018, 47, 26, 17, , 11, 6, 
18/11/2018, 52, 24, 14, , 13, 5, 
19/11/2018, 42, 28, 11, , 16, 7, 
20/11/2018, 56, 28, 19, , 19, 4, 
21/11/2018, 41, 23, 13, , 6, 5, 
22/11/2018, 44, 26, 15, , 4, 5, 
23/11/2018, 51, 26, 21, , 4, 5, 
24/11/2018, 44, 28, 12, , 7, 5, 
25/11/2018, 58, 28, 14, , 15, , 
26/11/2018, 51, 28, 11, , 16, 5, 
27/11/2018, 46, 28, 16, , 14, 5, 
28/11/2018, 54, 28, 12, , 4, 5, 
29/11/2018, 50, 25, 11, , 3, 6, 
30/11/2018, 42, 22, 14, , 1, 5, 
01/12/2018, 35, 19, 14, , 1, 5, 
02/12/2018, 31, 19, 7, , 2, 6, 
03/12/2018, 39, 26, 21, , 4, 6, 
04/12/2018, 47, 23, 13, , 4, 5, 
05/12/2018, 43, 25, 9, , 3, 7, 
06/12/2018, 53, 27, 13, , 6, 6, 
07/12/2018, 58, 27, 10, , 9, 5, 
08/12/2018, 42, 25, 19, , 5, 6, 
09/12/2018, 49, 22, 11, , 3, 4, 
10/12/2018, 42, 23, 7, , 5, 5, 
11/12/2018, 41, 22, 11, , 5, 5, 
12/12/2018, 43, 23, 6, , 4, 5, 
13/12/2018, 38, 21, 16, , 4, 4, 
14/12/2018, 34, 24, 20, , 3, 4, 
15/12/2018, 47, 23, 22, , 5, 4, 
16/12/2018, 35, 23, 21, , 8, 5, 
17/12/2018, 44, 25, 21, , 9, 4, 
18/12/2018, 44, 28, 27, , 6, 4, 
19/12/2018, 63, 29, 23, , 6, 5, 
20/12/2018, 42, 23, 15, , 5, 4, 
21/12/2018, 39, 28, 22, , 3, 5, 
22/12/2018, 59, 38, 43, , 3, 6, 
23/12/2018, 85, 42, 36, , 7, 6, 
24/12/2018, 84, 36, 34, , 8, 5, 
25/12/2018, 59, 28, 24, , 5, 5, 
26/12/2018, 49, 23, 27, , 4, 5, 
27/12/2018, 50, 27, 31, , 3, 6, 
28/12/2018, 59, 29, 29, , 4, 6, 
29/12/2018, 60, 30, 26, , 4, 5, 
30/12/2018, 58, , , , , , 
31/12/2018, , 20, 27, , 2, 6, 
01/01/2019, 35, 25, 37, , 2, 6, 
02/01/2019, 57, 34, 34, , 2, 7, 
03/01/2019, 68, 32, 30, , 2, 5, 
04/01/2019, 55, 38, 34, , 3, 7, 
05/01/2019, 84, 33, 22, , 2, 8, 
06/01/2019, 50, 30, 17, , 1, 27, 
07/01/2019, 45, 28, 13, , , 5, 
08/01/2019, 46, 31, 17, , 1, 5, 
09/01/2019, 49, 29, 17, , 1, 3, 
10/01/2019, 45, 26, 19, , 1, 3, 
11/01/2019, 42, 27, 22, , 1, 4, 
12/01/2019, 45, 27, 18, , 1, , 
13/01/2019, 47, 31, 14, , 1, 18, 
14/01/2019, 55, 31, 21, , 1, 4, 
15/01/2019, 50, 28, 19, , 3, 4, 
16/01/2019, 45, 22, 12, , 1, 4, 
17/01/2019, 30, 18, 9, , 1, 4, 
18/01/2019, 34, 30, 15, , 2, 5, 
19/01/2019, 47, 32, 17, , 1, , 
20/01/2019, 50, 31, 15, , , 45, 
21/01/2019, 44, 27, 15, , 1, 4, 
22/01/2019, 39, 28, 25, , 1, 25, 
23/01/2019, 48, 42, 28, , 1, 7, 
24/01/2019, 67, 44, 26, , 1, 6, 
25/01/2019, 64, 39, 26, , 1, 5, 
26/01/2019, 60, 35, 21, , , 4, 
27/01/2019, 52, 28, 15, , , 4, 
28/01/2019, 47, 31, 18, , 1, 29, 
29/01/2019, 50, 32, 19, , 1, 4, 
30/01/2019, 51, 30, 20, , 1, 4, 
31/01/2019, 49, 33, 17, , 1, 4, 
01/02/2019, 49, 30, 20, , 2, 4, 
02/02/2019, 45, 26, 19, , 3, 4, 
03/02/2019, 49, 28, 19, , 4, 5, 
04/02/2019, 52, 28, 19, , 4, 8, 
05/02/2019, 47, 25, 24, , 3, 4, 
06/02/2019, 47, 27, 20, , 3, 8, 
07/02/2019, 51, 27, 18, , 2, 4, 
08/02/2019, 52, 28, 17, , 2, 4, 
09/02/2019, 53, 28, 17, , 3, 4, 
10/02/2019, 47, 25, 22, , 1, 4, 
11/02/2019, 46, 26, 20, , 1, 4, 
12/02/2019, 47, 29, 15, , 1, 17, 
13/02/2019, 48, 30, 17, , 1, 3, 
14/02/2019, 51, 36, 16, , 2, 16, 
15/02/2019, 56, 32, 21, , 2, 4, 
16/02/2019, 51, 30, 19, , 2, 9, 
17/02/2019, 51, 29, 21, , 3, 5, 
18/02/2019, 56, 27, 16, , 4, 17, 
19/02/2019, 49, 26, 15, , 3, 24, 
20/02/2019, 51, 28, 18, , 2, 21, 
21/02/2019, 54, 31, 19, , 1, 5, 
22/02/2019, 55, 31, 22, , 2, , 
23/02/2019, 53, 31, 32, , 2, 45, 
24/02/2019, 55, 29, 22, , 2, , 
25/02/2019, 51, 29, 16, , 1, , 
26/02/2019, 52, 31, 18, , 1, 45, 
27/02/2019, 50, 36, 16, , 1, 10, 
28/02/2019, 60, 37, 21, , 2, 4, 
01/03/2019, 61, 33, 29, , 2, 5, 
02/03/2019, 54, 32, 31, , 16, 6, 
03/03/2019, 60, 32, 30, , 15, 5, 
04/03/2019, 63, 35, 35, , 5, 5, 
05/03/2019, 73, 40, 19, , 8, 4, 
06/03/2019, 62, 30, 20, , 2, 4, 
07/03/2019, 61, 34, 21, , 4, 5, 
08/03/2019, 74, 33, 26, , 3, 5, 
09/03/2019, 58, 26, 15, , 3, 4, 
10/03/2019, 46, 25, 14, , 5, 6, 
11/03/2019, 52, 32, 17, , 3, 8, 
12/03/2019, 60, 30, 20, , 4, 6, 
13/03/2019, 64, 32, 22, , 2, 5, 
14/03/2019, 54, 34, 24, , 1, 5, 
15/03/2019, 60, 31, 26, , 2, 5, 
16/03/2019, 58, 31, 36, , 2, , 
17/03/2019, 62, 38, 27, , 2, 6, 
18/03/2019, 71, 39, 21, , 2, 6, 
19/03/2019, 67, 37, 20, , 1, 7, 
20/03/2019, 65, 33, 30, , 2, 5, 
21/03/2019, 53, 34, 28, , 2, 6, 
22/03/2019, 76, 47, 26, , 3, 4, 
23/03/2019, 85, 34, 22, , 2, 4, 
24/03/2019, 58, 39, 12, , 1, 6, 
25/03/2019, 75, 30, 14, , 1, 4, 
26/03/2019, 52, 30, 16, , 1, 4, 
27/03/2019, 57, 42, 11, , 2, 5, 
28/03/2019, 78, 35, 17, , 6, 6, 
29/03/2019, 66, 33, 17, , 8, 5, 
30/03/2019, 72, 44, 20, , 16, 6, 
31/03/2019, 89, 34, 12, , 11, 5, 
01/04/2019, 53, 29, 35, , 6, 5, 
02/04/2019, 58, 31, 23, , 4, 5, 
03/04/2019, 53, 25, 28, , 5, 5, 
04/04/2019, 39, 24, 21, , 2, 5, 
05/04/2019, 48, 27, 11, , 4, 3, 
06/04/2019, 50, 26, 11, , 4, 3, 
07/04/2019, 52, 26, 11, , 3, 3, 
08/04/2019, 51, 29, 9, , 2, 4, 
09/04/2019, 63, 34, 10, , 2, 5, 
10/04/2019, 67, 38, 4, , 4, 6, 
11/04/2019, 82, 35, 12, , 8, 5, 
12/04/2019, 65, 30, 8, , 11, 4, 
13/04/2019, 50, 21, 6, , 7, 4, 
14/04/2019, 42, 20, 5, , 7, 5, 
15/04/2019, 41, 21, 6, , 7, 4, 
16/04/2019, 40, 26, 10, , 6, 5, 
17/04/2019, 59, 31, 8, , 5, 4, 
18/04/2019, 68, 29, 8, , 5, 5, 
19/04/2019, 59, 32, 5, , 8, 6, 
20/04/2019, 77, 32, 11, , 5, 6, 
21/04/2019, 64, 26, 7, , 4, 5, 
22/04/2019, 52, 34, 5, , 4, 7, 
23/04/2019, 74, 31, 6, , 6, 7, 
24/04/2019, 60, 32, 11, , 7, 6, 
25/04/2019, 74, 35, 2, , 5, 6, 
26/04/2019, 58, 23, 3, , 5, 4, 
27/04/2019, 39, 32, 23, , 11, 4, 
28/04/2019, 63, 37, 11, , 11, 3, 
29/04/2019, 39, 32, 5, , 4, 4, 
30/04/2019, 64, 43, 13, , 10, 6, 
01/05/2019, 76, 42, 16, , 13, 22, 
02/05/2019, 92, 45, 14, , 12, 4, 
03/05/2019, 75, 33, 7, , 7, 5, 
04/05/2019, 51, 36, 8, , 8, 5, 
05/05/2019, 56, 28, 6, , 10, 3, 
06/05/2019, 39, 30, 9, , 9, 2, 
07/05/2019, 51, 29, 5, , 10, 2, 
08/05/2019, 37, 32, 6, , 12, 3, 
09/05/2019, 57, 32, 5, , 11, 3, 
10/05/2019, 47, 43, 4, , 14, 6, 
11/05/2019, 71, 40, 11, , 9, 6, 
12/05/2019, 60, 32, 5, , 5, 6, 
13/05/2019, 44, 34, 8, , 3, 7, 
14/05/2019, 51, 29, 6, , 3, 5, 
15/05/2019, 48, 24, 3, , 5, 2, 
16/05/2019, 55, 39, 3, , 12, 11, 
17/05/2019, 49, 33, 3, , 9, 10, 
18/05/2019, 51, 23, 3, , 3, , 
19/05/2019, 38, 24, 20, , 3, 5, 
20/05/2019, 51, 23, 10, , 3, 7, 
21/05/2019, 40, 24, 3, , 2, 7, 
22/05/2019, 39, 19, 6, , 2, 4, 
23/05/2019, 28, 20, 6, , 2, , 
24/05/2019, 38, 22, 4, , 2, 4, 
25/05/2019, 32, 19, 5, , 1, 4, 
26/05/2019, 33, 21, 4, , 2, 4, 
27/05/2019, 29, 20, 2, , 2, 5, 
28/05/2019, 32, 21, 6, , 2, 5, 
29/05/2019, 31, 20, 5, , 9, 4, 
30/05/2019, 38, 20, 5, , 11, 4, 
31/05/2019, 33, 19, 4, , 9, 4, 
01/06/2019, 32, 19, 9, , 9, 4, 
02/06/2019, 35, 21, 4, , 12, 4, 
03/06/2019, 40, 25, 8, , 13, 6, 
04/06/2019, 48, 23, 6, , 12, 8, 
05/06/2019, 28, 18, 3, , 8, 5, 
06/06/2019, 39, 19, 3, , 10, 5, 
07/06/2019, 36, 26, 3, , 15, 7, 
08/06/2019, 54, 23, 5, , 12, 29, 
09/06/2019, 44, 23, 6, , 12, 6, 
10/06/2019, 48, 24, 6, , 8, , 
11/06/2019, 39, 17, 4, , 6, 7, 
12/06/2019, 29, 18, 3, , 5, 4, 
13/06/2019, 34, 20, 3, , 6, 4, 
14/06/2019, 28, 20, 1, , 8, 5, 
15/06/2019, 39, 22, , , 9, 4, 
16/06/2019, 38, 18, 7, , 5, 4, 
17/06/2019, 29, 19, 2, , 7, 5, 
18/06/2019, 34, 20, 2, , 9, 6, 
19/06/2019, 46, 21, 4, , 10, 8, 
20/06/2019, 33, 21, 4, , 7, 7, 
21/06/2019, 35, 19, 4, , 8, 5, 
22/06/2019, 41, 22, 6, , 7, 23, 
23/06/2019, 31, 20, 6, , 7, 5, 
24/06/2019, 41, 31, 9, , 9, 4, 
25/06/2019, 66, 33, 4, , 6, 27, 
26/06/2019, 58, 33, 6, , 11, 4, 
27/06/2019, 62, 28, 5, , 6, 4, 
28/06/2019, 47, 33, 7, , 5, 5, 
29/06/2019, 68, 33, 7, , 7, 10, 
30/06/2019, 50, 28, 8, , 5, 36, 
01/07/2019, 56, 34, 8, , 5, 5, 
02/07/2019, 64, 39, 7, , 5, 4, 
03/07/2019, 75, 38, 9, , 9, 4, 
04/07/2019, 68, 31, 4, , 9, 4, 
05/07/2019, 48, 24, 5, , 8, 5, 
06/07/2019, 37, 24, 5, , 9, 15, 
07/07/2019, 42, 22, 4, , 8, 5, 
08/07/2019, 41, 26, 9, , 10, 5, 
09/07/2019, 46, 33, 18, , 7, 4, 
10/07/2019, 50, 33, 18, , 6, 4, 
11/07/2019, 43, 28, 11, , 7, 4, 
12/07/2019, 46, 25, 13, , 7, 4, 
13/07/2019, 48, 28, 18, , 6, 36, 
14/07/2019, 49, 32, 17, , 6, 4, 
15/07/2019, 61, 30, 18, , 6, 4, 
16/07/2019, 60, 36, 21, , 4, 4, 
17/07/2019, 65, 36, 20, , 4, 4, 
18/07/2019, 59, 37, 15, , 4, 4, 
19/07/2019, 48, 35, 15, , 7, 8, 
20/07/2019, 54, 34, 12, , 8, 5, 
21/07/2019, 49, 25, 11, , 7, 5, 
22/07/2019, 33, 20, 6, , 11, 6, 
23/07/2019, 38, 22, 10, , 10, 5, 
24/07/2019, 41, 30, 17, , 7, 45, 
25/07/2019, 47, 31, 17, , 7, 45, 
26/07/2019, 47, 32, 15, , 7, 5, 
27/07/2019, 46, 31, 13, , 7, 5, 
28/07/2019, 45, 31, 16, , 6, 4, 
29/07/2019, 57, 39, 19, , 6, 4, 
30/07/2019, 64, 38, 20, , 5, 4, 
31/07/2019, 62, 35, 19, , 5, , 
01/08/2019, 57, 39, 18, , 6, 4, 
02/08/2019, 61, 37, 14, , 4, 4, 
03/08/2019, 58, 38, 14, , 3, 4, 
04/08/2019, 51, 35, 19, , 4, 4, 
05/08/2019, 68, 45, 20, , 5, 5, 
06/08/2019, 84, 51, 22, , 5, 5, 
07/08/2019, 78, 50, 23, , 6, 5, 
08/08/2019, 82, 46, 22, , 5, 4, 
09/08/2019, 81, 45, 19, , 3, 45, 
10/08/2019, 76, 42, 19, , 2, , 
11/08/2019, 70, 40, 18, , 2, 4, 
12/08/2019, 63, 39, 17, , 6, 5, 
13/08/2019, 57, 37, 17, , 5, 4, 
14/08/2019, 57, 37, 12, , 7, , 
15/08/2019, 61, 39, 16, , 6, 45, 
16/08/2019, 63, 40, 17, , 6, 5, 
17/08/2019, 79, 43, 18, , 7, 5, 
18/08/2019, 67, 37, 15, , 6, 5, 
19/08/2019, 65, 39, 19, , 6, 5, 
20/08/2019, 70, 42, 17, , 7, 4, 
21/08/2019, 70, 39, 12, , 7, 5, 
22/08/2019, 57, 35, 15, , 7, 5, 
23/08/2019, 59, 41, 19, , 7, 5, 
24/08/2019, 69, 44, 16, , 8, 5, 
25/08/2019, 75, 48, 18, , 9, 6, 
26/08/2019, 82, 37, 9, , 10, 7, 
27/08/2019, 65, 35, 10, , 17, 26, 
28/08/2019, 68, 33, 15, , 9, 5, 
29/08/2019, 62, 35, 14, , 6, 13, 
30/08/2019, 63, 37, 19, , 6, 4, 
31/08/2019, 66, 42, 20, , 4, 5, 
01/09/2019, 81, 43, 17, , 7, 53, 
02/09/2019, 79, 41, 16, , 9, 6, 
03/09/2019, 76, 36, 14, , 8, 6, 
04/09/2019, 66, 39, 22, , 8, 6, 
05/09/2019, 83, 45, 23, , 7, 5, 
06/09/2019, 85, 46, 25, , 7, 5, 
07/09/2019, 89, 45, 23, , 5, , 
08/09/2019, 87, 52, 22, , 5, 7, 
09/09/2019, 123, 58, 20, , 6, 8, 
10/09/2019, 132, 53, 16, , 6, 6, 
11/09/2019, 91, 51, 24, , 9, 6, 
12/09/2019, 134, 59, 23, , 9, 7, 
13/09/2019, 137, 58, 23, , 5, 8, 
14/09/2019, 131, 67, 28, , 6, 7, 
15/09/2019, 126, 55, 23, , 7, 4, 
16/09/2019, 108, 58, 25, , 6, 4, 
17/09/2019, 132, 71, 25, , 4, 7, 
18/09/2019, 171, 73, 21, , 6, 5, 
19/09/2019, 104, 42, 16, , 7, 2, 
20/09/2019, 83, 59, 25, , 7, 5, 
21/09/2019, 147, 65, 30, , 7, 8, 
22/09/2019, 160, 68, 17, , 7, 7, 
23/09/2019, 147, 57, 17, , 6, 7, 
24/09/2019, 124, 44, 9, , 6, 5, 
25/09/2019, 72, 38, 38, , 8, 8, 
26/09/2019, 95, 45, 20, , 10, 5, 
27/09/2019, 90, 42, 21, , 8, 6, 
28/09/2019, 95, 42, 19, , 10, 6, 
29/09/2019, 69, 31, 13, , 8, 12, 
30/09/2019, 67, 33, 10, , 10, 6, 
01/10/2019, 70, 31, 11, , 8, 6, 
02/10/2019, 56, 28, 15, , 7, 6, 
03/10/2019, 48, 20, 13, , 10, 5, 
04/10/2019, 42, 23, 17, , 8, 5, 
05/10/2019, 47, 27, 20, , 8, 30, 
06/10/2019, 52, 30, 10, , 10, 5, 
07/10/2019, 47, 25, 10, , 9, 5, 
08/10/2019, 55, 29, 10, , 9, 5, 
09/10/2019, 56, 32, 29, , 7, 6, 
10/10/2019, 78, 38, 15, , 7, 6, 
11/10/2019, 65, 26, 12, , 7, 4, 
12/10/2019, 45, 31, 12, , 10, 4, 
13/10/2019, 52, 29, 18, , 10, 4, 
14/10/2019, 52, 33, 17, , 9, 6, 
15/10/2019, 63, 31, 15, , 7, 4, 
16/10/2019, 45, 26, 8, , 7, 4, 
17/10/2019, 44, 33, 11, , 9, 6, 
18/10/2019, 64, 35, 20, , 9, 6, 
19/10/2019, 73, 39, 15, , 9, 6, 
20/10/2019, 62, 28, 8, , 9, 5, 
21/10/2019, 40, 27, 3, , 10, 6, 
22/10/2019, 46, 27, 15, , 15, 7, 
23/10/2019, 60, 40, 12, , 13, 8, 
24/10/2019, 79, 36, 15, , 11, 6, 
25/10/2019, 60, 31, 10, , 14, 7, 
26/10/2019, 57, 26, 18, , 7, 7, 
27/10/2019, 46, 31, 11, , 8, 6, 
28/10/2019, 42, 29, 17, , 12, 7, 
29/10/2019, 70, 38, 24, , 11, 5, 
30/10/2019, 74, 43, 5, , 9, 8, 
31/10/2019, 91, 43, 15, , 15, 6, 
01/11/2019, 64, 41, 14, , 17, 6, 
02/11/2019, 92, 39, 15, , 14, 5, 
03/11/2019, 58, 32, 7, , 23, 7, 
04/11/2019, 98, 49, 18, , 17, 7, 
05/11/2019, 114, 44, 17, , 19, 7, 
06/11/2019, 91, 48, 25, , 11, 7, 
07/11/2019, 107, 42, 15, , 8, 4, 
08/11/2019, 55, 28, 21, , 11, 5, 
09/11/2019, 75, 41, 36, , 19, 5, 
10/11/2019, 67, 41, 16, , 24, 6, 
11/11/2019, 82, 45, 21, , 13, 7, 
12/11/2019, 100, 59, 41, , 8, 10, 
13/11/2019, 145, 51, 20, , 8, 6, 
14/11/2019, 70, 29, 16, , 2, 6, 
15/11/2019, 45, 27, 24, , 3, 6, 
16/11/2019, 53, 34, 25, , 5, 6, 
17/11/2019, 54, 34, 21, , 5, 5, 
18/11/2019, 56, 32, 14, , 3, 5, 
19/11/2019, 51, 27, 7, , 2, 5, 
20/11/2019, 50, 23, 8, , 1, 10, 
21/11/2019, 38, 20, 12, , 1, 4, 
22/11/2019, 32, 18, 13, , 1, 5, 
23/11/2019, 27, 20, 20, , 1, 15, 
24/11/2019, 37, 28, 20, , 3, 6, 
25/11/2019, 50, 24, 14, , 4, 5, 
26/11/2019, 27, 24, 11, , 2, 5, 
27/11/2019, 36, 30, 9, , 4, 5, 
28/11/2019, 41, 26, 8, , 2, 4, 
29/11/2019, 33, 22, 14, , 1, 5, 
30/11/2019, 36, 24, 19, , 2, 5, 
01/12/2019, 35, 21, 13, , 2, 5, 
02/12/2019, 28, 25, 14, , 1, 5, 
03/12/2019, 41, 41, 18, , 1, 6, 
04/12/2019, 57, 40, 19, , 1, 7, 
05/12/2019, 56, 37, 25, , 1, 6, 
06/12/2019, 54, 35, 27, , 1, 6, 
07/12/2019, 51, 34, 22, , 2, 6, 
08/12/2019, 39, 19, 16, , 1, 5, 
09/12/2019, 25, 23, 11, , 1, 6, 
10/12/2019, 51, 24, 9, , 1, 5, 
11/12/2019, 26, 23, 19, , 1, 4, 
12/12/2019, 43, 34, 15, , 1, 4, 
13/12/2019, 47, 19, 6, , 1, 5, 
14/12/2019, 27, 16, 5, , 1, 5, 
15/12/2019, 26, 16, 11, , 1, 4, 
16/12/2019, 27, 20, 4, , 2, 4, 
17/12/2019, 32, 26, 12, , 2, 6, 
18/12/2019, 43, 23, 11, , 2, 5, 
19/12/2019, 30, 23, 11, , 2, 4, 
20/12/2019, 40, 25, 8, , 1, 4, 
21/12/2019, 39, 18, 11, , 1, 4, 
22/12/2019, 27, 20, 15, , 1, 4, 
23/12/2019, 44, 25, 11, , , , 
24/12/2019, 37, 24, 15, , 2, , 
25/12/2019, 44, 26, 13, , 1, , 
26/12/2019, 44, 25, 16, , 1, 3, 
27/12/2019, 44, 30, 15, , 2, 4, 
28/12/2019, 55, 34, 18, , 1, , 
29/12/2019, 53, , , , , , 
31/12/2019, , 24, 17, , 1, 3, 
01/01/2020, 35, 27, 13, , 1, 4, 
02/01/2020, 40, 31, 14, , 1, , 
03/01/2020, 44, 29, 16, , 1, , 
04/01/2020, 42, 29, 19, , 1, 4, 
05/01/2020, 41, 28, 14, , 1, 5, 
06/01/2020, 36, 19, 13, , 1, 4, 
07/01/2020, 25, 21, 14, , 2, , 
08/01/2020, 30, 28, 15, , 2, 4, 
09/01/2020, 44, 29, 10, , 2, 4, 
10/01/2020, 40, 27, 16, , 2, 5, 
11/01/2020, 46, 30, 28, , 2, 4, 
12/01/2020, 53, 32, 20, , 2, 5, 
13/01/2020, 47, 28, 16, , 2, 4, 
14/01/2020, 41, 28, 17, , 1, 3, 
15/01/2020, 47, 35, 14, , 1, 3, 
16/01/2020, 72, 45, 14, , 1, 3, 
17/01/2020, 76, 35, 12, , 1, 3, 
18/01/2020, 50, 26, 15, , 1, 3, 
19/01/2020, 46, 29, 12, , 1, 4, 
20/01/2020, 53, 25, 9, , 1, 3, 
21/01/2020, 48, 32, 13, , 1, 3, 
22/01/2020, 50, 28, 16, , 1, 4, 
23/01/2020, 42, 26, 21, , 1, 3, 
24/01/2020, 46, 30, 24, , 1, 3, 
25/01/2020, 51, 32, 25, , 1, 3, 
26/01/2020, 55, 28, 18, , 1, 3, 
27/01/2020, 38, 27, 17, , 1, 3, 
28/01/2020, 40, 23, 14, , 1, 4, 
29/01/2020, 32, 20, 19, , 1, 4, 
30/01/2020, 29, 20, 22, , 1, 4, 
31/01/2020, 39, 24, 23, , 1, 4, 
01/02/2020, 34, 29, 23, , 1, 5, 
02/02/2020, 55, 33, 23, , 1, 5, 
03/02/2020, 51, 30, 26, , 1, 5, 
04/02/2020, 46, 34, 21, , 1, 5, 
05/02/2020, 51, 33, 21, , , , 
06/02/2020, 44, 31, 20, , , , 
07/02/2020, 43, 37, 20, , , 4, 
08/02/2020, 45, 29, 13, , , 5, 
09/02/2020, 34, 16, 18, , , 5, 
10/02/2020, 23, 20, 9, , 2, 5, 
11/02/2020, 32, 23, 17, , 1, 5, 
12/02/2020, 35, 32, 16, , 1, 5, 
13/02/2020, 44, 34, 18, , 1, 5, 
14/02/2020, 41, 35, 32, , 2, , 
15/02/2020, 49, 32, 37, , 3, 6, 
16/02/2020, 48, 29, 19, , 4, 5, 
17/02/2020, 27, 20, 11, , 1, , 
18/02/2020, 27, 31, 18, , 2, 5, 
19/02/2020, 46, 32, 21, , 1, 5, 
20/02/2020, 38, 30, 15, , 1, 5, 
21/02/2020, 37, 33, 18, , 2, 4, 
22/02/2020, 40, 37, 20, , 2, 4, 
23/02/2020, 43, 33, 15, , 2, 5, 
24/02/2020, 44, 41, 20, , 2, 6, 
25/02/2020, 48, 35, 18, , 2, , 
26/02/2020, 39, 29, 19, , , , 
27/02/2020, 38, 35, 15, , , 7, 
28/02/2020, 42, 36, 23, , 3, 6, 
29/02/2020, 50, 31, 23, , 3, 6, 
01/03/2020, 41, 26, 17, , 3, 4, 
02/03/2020, 34, 24, 13, , 3, 4, 
03/03/2020, 44, 23, 20, , 3, , 
04/03/2020, 41, 25, 13, , 3, 5, 
05/03/2020, 50, 28, 16, , 3, 5, 
06/03/2020, 48, 28, 14, , 3, 4, 
07/03/2020, 39, 30, 22, , 3, 4, 
08/03/2020, 40, 34, 39, , 5, 4, 
09/03/2020, 62, 35, 27, , 4, 4, 
10/03/2020, 54, 34, 30, , 3, 5, 
11/03/2020, 61, 39, 26, , 3, 5, 
12/03/2020, 57, 29, 15, , 3, 4, 
13/03/2020, 41, 24, 19, , 2, 4, 
14/03/2020, 36, 23, 18, , 2, , 
15/03/2020, 36, 21, 16, , 3, , 
16/03/2020, 37, 28, 20, , 2, 4, 
17/03/2020, 48, 31, 17, , 3, 5, 
18/03/2020, 53, 27, 22, , 3, , 
19/03/2020, 48, 24, 26, , 3, , 
20/03/2020, 36, 21, 22, , 2, 5, 
21/03/2020, 46, 23, 17, , 2, 5, 
22/03/2020, 33, 25, 11, , 2, 6, 
23/03/2020, 42, 19, 17, , 3, 5, 
24/03/2020, 36, 19, 16, , 2, 5, 
25/03/2020, 43, 20, 17, , 2, 5, 
26/03/2020, 34, 22, 15, , 3, 5, 
27/03/2020, 37, 20, 18, , 3, 5, 
28/03/2020, 31, 22, 17, , 3, 5, 
29/03/2020, 34, , , , , , 
31/03/2020, , 20, 22, , 2, 6, 
01/04/2020, 44, 20, 18, , 2, 5, 
02/04/2020, 43, 21, 19, , 2, 5, 
03/04/2020, 39, 20, 17, , 2, 4, 
04/04/2020, 44, 20, 16, , 2, 4, 
05/04/2020, 46, 24, 16, , 2, 5, 
06/04/2020, 51, 20, 17, , 2, 5, 
07/04/2020, 32, 17, 18, , 3, 4, 
08/04/2020, 38, 22, 26, , 3, 4, 
09/04/2020, 46, 20, 27, , 3, 4, 
10/04/2020, 42, 20, 24, , 2, , 
11/04/2020, 40, 19, 22, , 3, 5, 
12/04/2020, 38, 19, 18, , 2, 5, 
13/04/2020, 43, 19, 25, , 2, , 
14/04/2020, 32, 21, 23, , 2, , 
15/04/2020, 47, 19, 23, , 3, 5, 
16/04/2020, 38, 18, 26, , 3, 5, 
17/04/2020, 45, 19, 24, , 3, 5, 
18/04/2020, 39, 20, 20, , 3, 5, 
19/04/2020, 45, 17, 19, , 3, 5, 
20/04/2020, 31, 18, 17, , 2, 5, 
21/04/2020, 41, 18, 14, , 2, 5, 
22/04/2020, 36, 17, 13, , 2, 5, 
23/04/2020, 37, 20, 17, , 3, 4, 
24/04/2020, 41, 19, 14, , 3, 4, 
25/04/2020, 36, 22, 20, , 3, 5, 
26/04/2020, 49, 19, 9, , 3, 4, 
27/04/2020, 35, 23, 22, , 6, 4, 
28/04/2020, 38, 23, 25, , 3, 4, 
29/04/2020, 36, 23, 21, , 5, 4, 
30/04/2020, 41, 23, 15, , 3, 4, 
01/05/2020, 34, 25, 22, , 4, 4, 
02/05/2020, 38, 24, 24, , 3, 4, 
03/05/2020, 39, 26, 9, , 4, 4, 
04/05/2020, 48, 28, 36, , 2, 5, 
05/05/2020, 50, 27, 16, , 4, 4, 
06/05/2020, 44, 24, 22, , 5, 4, 
07/05/2020, 50, 25, 14, , 6, 4, 
08/05/2020, 36, 22, 12, , 5, , 
09/05/2020, 29, 19, 12, , 2, 4, 
10/05/2020, 27, 20, 11, , 2, 4, 
11/05/2020, 22, 21, 15, , 2, , 
12/05/2020, 25, 22, 14, , 3, 4, 
13/05/2020, 31, 23, 25, , 5, 4, 
14/05/2020, 40, 21, 26, , 3, 4, 
15/05/2020, 41, 20, 12, , 3, 4, 
16/05/2020, 33, 20, 12, , 3, , 
17/05/2020, 29, 20, 19, , 5, 4, 
18/05/2020, 33, 23, 16, , 6, 5, 
19/05/2020, 45, 24, 10, , 6, 4, 
20/05/2020, 37, 28, 35, , 13, 5, 
21/05/2020, 48, 33, 16, , 4, 6, 
22/05/2020, 47, 25, 13, , 5, 5, 
23/05/2020, 45, 23, 20, , 7, , 
24/05/2020, 36, 23, 17, , 4, , 
25/05/2020, 42, 28, 22, , 4, 5, 
26/05/2020, 55, 27, 17, , 5, 5, 
27/05/2020, 33, 24, 18, , 4, 5, 
28/05/2020, 38, 24, 12, , 4, 5, 
29/05/2020, 38, 26, 17, , 7, 5, 
30/05/2020, 42, 27, 11, , 3, 6, 
31/05/2020, 44, 26, 7, , 4, 6, 
01/06/2020, 41, 21, 17, , 3, 5, 
02/06/2020, 28, 19, 12, , 4, 5, 
03/06/2020, 29, 19, 10, , 4, 5, 
04/06/2020, 24, 19, 9, , 4, 4, 
05/06/2020, 27, 21, 10, , 3, 4, 
06/06/2020, 40, 28, 13, , 4, 4, 
07/06/2020, 45, 25, 30, , 5, , 
08/06/2020, 43, 24, 14, , 4, , 
09/06/2020, 34, 24, 15, , 4, , 
10/06/2020, 31, 25, 13, , 4, 4, 
11/06/2020, 32, 25, 7, , 4, 4, 
12/06/2020, 38, 26, 7, , 4, 4, 
13/06/2020, 34, 24, 14, , 4, 5, 
14/06/2020, 48, 27, 12, , 3, 4, 
15/06/2020, 35, 26, 10, , 4, 5, 
16/06/2020, 42, 27, 7, , 5, 4, 
17/06/2020, 39, 24, 7, , 7, 5, 
18/06/2020, 42, 23, 9, , 8, 4, 
19/06/2020, 34, 21, 4, , 4, 4, 
20/06/2020, 34, 23, 5, , 5, 5, 
21/06/2020, 30, 24, 6, , 4, 5, 
22/06/2020, 41, 22, 5, , 2, 4, 
23/06/2020, 24, 19, 6, , 2, 3, 
24/06/2020, 25, 21, 10, , 2, , 
25/06/2020, 37, 24, 13, , 3, 4, 
26/06/2020, 44, 29, 13, , 2, 4, 
27/06/2020, 43, 29, 11, , 2, , 
28/06/2020, 36, 27, 12, , 2, 3, 
29/06/2020, 43, 30, 15, , 2, 3, 
30/06/2020, 43, 28, 10, , 2, 3, 
01/07/2020, 37, 24, 13, , 2, 3, 
02/07/2020, 30, 20, 12, , 2, 4, 
03/07/2020, 27, 21, 12, , 3, 3, 
04/07/2020, 27, 23, 15, , 3, 3, 
05/07/2020, 34, 23, 13, , 3, 3, 
06/07/2020, 34, 23, 8, , 3, 4, 
07/07/2020, 28, 25, 6, , 6, 4, 
08/07/2020, 37, 25, 4, , 10, 3, 
09/07/2020, 30, 24, 11, , 5, 3, 
10/07/2020, 35, 26, 7, , 3, 4, 
11/07/2020, 36, 28, 10, , 3, 4, 
12/07/2020, 34, 25, 6, , 3, 3, 
13/07/2020, 27, 23, 7, , 4, 3, 
14/07/2020, 30, 23, 6, , 3, , 
15/07/2020, 28, 24, 11, , 4, 4, 
16/07/2020, 31, 24, 11, , 4, 4, 
17/07/2020, 26, 23, 7, , 4, 4, 
18/07/2020, 30, 28, 12, , 4, 5, 
19/07/2020, 38, 23, 12, , 3, 3, 
20/07/2020, 27, 23, 14, , 2, 4, 
21/07/2020, 31, 24, 8, , 3, , 
22/07/2020, 31, 26, 8, , 2, 4, 
23/07/2020, 35, 25, 8, , 2, 3, 
24/07/2020, 36, 17, 7, , 3, 3, 
25/07/2020, 35, 17, 13, , 2, 3, 
26/07/2020, 49, 21, 12, , 2, 4, 
27/07/2020, 51, 18, 12, , 2, 3, 
28/07/2020, 50, 22, 8, , 2, 4, 
29/07/2020, 56, 27, 13, , 2, 5, 
30/07/2020, 67, 23, 16, , 2, 4, 
31/07/2020, 61, 24, 19, , 3, 4, 
01/08/2020, 65, 27, 23, , 1, 4, 
02/08/2020, 72, 24, 20, , 2, , 
03/08/2020, 61, 19, 7, , 4, , 
04/08/2020, 42, 15, 12, , 4, , 
05/08/2020, 39, 16, 11, , 1, , 
06/08/2020, 46, 19, 15, , 2, , 
07/08/2020, 55, 19, 15, , 2, 4, 
08/08/2020, 51, 21, 15, , 2, 4, 
09/08/2020, 59, 24, 18, , 1, 4, 
10/08/2020, 68, 26, 17, , 1, 4, 
11/08/2020, 73, 27, 11, , 1, 4, 
12/08/2020, 57, 20, 12, , 2, 4, 
13/08/2020, 48, 17, 6, , 2, 4, 
14/08/2020, 48, 20, 14, , 2, 6, 
15/08/2020, 57, 18, 15, , 3, 4, 
16/08/2020, 46, 16, 8, , 2, 5, 
17/08/2020, 37, 17, 10, , 3, 4, 
18/08/2020, 47, 18, 8, , 2, 4, 
19/08/2020, 44, 18, 9, , 2, 4, 
20/08/2020, 48, 18, 17, , 2, 4, 
21/08/2020, 47, 22, 14, , 2, 4, 
22/08/2020, 48, 22, 4, , 3, 5, 
23/08/2020, 47, 19, 15, , 2, 6, 
24/08/2020, 39, 19, 9, , 1, 5, 
25/08/2020, 34, 19, 10, , 1, 3, 
26/08/2020, 32, 20, 13, , 1, 3, 
27/08/2020, 43, 22, 15, , 1, 3, 
28/08/2020, 52, 23, 9, , 1, 5, 
29/08/2020, 52, 21, 13, , 2, 4, 
30/08/2020, 41, 21, 14, , 2, 4, 
31/08/2020, 48, 24, 11, , 2, , 
01/09/2020, 51, 26, 12, , 2, 3, 
02/09/2020, 47, 24, 7, , 3, 4, 
03/09/2020, 41, 21, 6, , 2, 3, 
04/09/2020, 31, 26, 3, , 3, 5, 
05/09/2020, 47, 21, 11, , 2, 4, 
06/09/2020, 36, 24, 16, , 2, 4, 
07/09/2020, 52, 26, 12, , 2, 3, 
08/09/2020, 45, 23, 10, , 4, 3, 
09/09/2020, 34, 21, 7, , 6, 4, 
10/09/2020, 42, 20, 10, , 6, 4, 
11/09/2020, 40, 22, 6, , 5, 5, 
12/09/2020, 40, 26, 4, , 4, 7, 
13/09/2020, 59, 28, 6, , 3, 7, 
14/09/2020, 53, 25, 14, , 2, 8, 
15/09/2020, 56, 25, 8, , 5, 6, 
16/09/2020, 47, 24, 15, , 3, 5, 
17/09/2020, 46, 25, 17, , 2, 6, 
18/09/2020, 56, 28, 15, , 2, 6, 
19/09/2020, 43, 26, 20, , 1, 7, 
20/09/2020, 53, 25, 12, , 1, 6, 
21/09/2020, 32, 19, 12, , 1, 4, 
22/09/2020, 31, 25, 13, , 1, 7, 
23/09/2020, 47, 22, 13, , 2, 6, 
24/09/2020, 39, 26, 17, , 1, 7, 
25/09/2020, 54, 25, 9, , 2, 3, 
26/09/2020, 38, 20, 12, , 3, 5, 
27/09/2020, 45, 24, 13, , 2, 6, 
28/09/2020, 47, 24, 6, , 1, 6, 
29/09/2020, 41, 25, 13, , 1, 7, 
30/09/2020, 44, 25, 8, , 3, 5, 
01/10/2020, 40, 23, 11, , 3, 5, 
02/10/2020, 44, 21, 10, , 4, 4, 
03/10/2020, 34, 21, 15, , 3, 5, 
04/10/2020, 52, 32, 16, , 3, 7, 
05/10/2020, 67, 32, 17, , 2, 7, 
06/10/2020, 59, 27, 14, , 4, 6, 
07/10/2020, 47, 22, 9, , 5, 4, 
08/10/2020, 36, 22, 9, , 8, 4, 
09/10/2020, 43, 21, 10, , 4, , 
10/10/2020, 44, 22, 10, , 3, 4, 
11/10/2020, 33, 19, 11, , 2, 3, 
12/10/2020, 38, 22, 17, , 1, 4, 
13/10/2020, 45, 30, 15, , 1, 4, 
14/10/2020, 64, 30, 19, , 2, 5, 
15/10/2020, 54, 33, 19, , 2, 5, 
16/10/2020, 58, 36, 17, , 2, 4, 
17/10/2020, 79, 33, 16, , 1, 4, 
18/10/2020, 55, 26, 20, , 2, 4, 
19/10/2020, 54, 25, 14, , 4, 4, 
20/10/2020, 53, 29, 32, , 3, 4, 
21/10/2020, 70, 26, 13, , 5, 3, 
22/10/2020, 40, 24, 14, , 5, 4, 
23/10/2020, 61, 33, 16, , 4, 5, 
24/10/2020, 64, 28, 14, , 5, 5, 
25/10/2020, 45, 26, 10, , 4, 5, 
26/10/2020, 55, 28, 15, , 5, 4, 
27/10/2020, 60, 33, 4, , 7, 7, 
28/10/2020, 77, 31, 11, , 4, 8, 
29/10/2020, 53, 30, 12, , 4, 8, 
30/10/2020, 54, 27, 21, , 3, 9, 
31/10/2020, 54, 27, 16, , 3, 11, 
01/11/2020, 53, 26, 17, , 5, 7, 
02/11/2020, 47, 25, 12, , 1, 5, 
03/11/2020, 53, 25, 6, , 1, 4, 
04/11/2020, 50, 27, 30, , 2, 5, 
05/11/2020, 58, 27, 15, , 3, 5, 
06/11/2020, 50, 27, 8, , 2, 7, 
07/11/2020, 54, 29, 11, , 3, 9, 
08/11/2020, 56, 31, 8, , 3, 7, 
09/11/2020, 65, 28, 14, , 4, 3, 
10/11/2020, 52, 33, 15, , 4, 6, 
11/11/2020, 62, 27, 18, , 1, 6, 
12/11/2020, 45, 25, 20, , 1, 8, 
13/11/2020, 53, 26, 16, , 1, 9, 
14/11/2020, 57, 25, 15, , 1, 9, 
15/11/2020, 50, 23, 21, , 1, 4, 
16/11/2020, 47, 23, 12, , 1, 3, 
17/11/2020, 52, 26, 30, , 3, 5, 
18/11/2020, 60, 29, 13, , 3, 6, 
19/11/2020, 54, 26, 13, , 1, 5, 
20/11/2020, 52, 26, 2, , 1, 4, 
21/11/2020, 65, 24, 10, , 3, 4, 
22/11/2020, 20, 21, 8, , 2, 7, 
23/11/2020, 37, 24, 8, , 2, 13, 
24/11/2020, 50, 25, 12, , 1, 5, 
25/11/2020, 51, 24, 5, , 1, 6, 
26/11/2020, 54, 28, 15, , 1, 7, 
27/11/2020, 55, 23, 8, , 2, 8, 
28/11/2020, 48, 25, 23, , 3, 10, 
29/11/2020, 49, 25, 12, , 1, 7, 
30/11/2020, 56, 28, 15, , 3, 5, 
01/12/2020, 55, 30, 17, , 5, 6, 
02/12/2020, 59, 28, 21, , 1, 8, 
03/12/2020, 56, 26, 14, , 1, 7, 
04/12/2020, 36, 25, 24, , 1, 5, 
05/12/2020, 56, 27, 27, , 1, 6, 
06/12/2020, 61, 29, 27, , 1, 7, 
07/12/2020, 60, 28, 25, , 1, 7, 
08/12/2020, 53, 25, 21, , 1, 7, 
09/12/2020, 47, 27, 21, , 1, 5, 
10/12/2020, 56, 27, 23, , 2, 4, 
11/12/2020, 46, 28, 17, , 2, 7, 
12/12/2020, 51, 25, 26, , 2, 8, 
13/12/2020, 42, 27, 13, , 2, 4, 
14/12/2020, 41, 24, 13, , 2, 4, 
15/12/2020, 42, 27, 6, , 2, 6, 
16/12/2020, 50, 28, 11, , 2, 7, 
17/12/2020, 50, 25, 6, , 3, 7, 
18/12/2020, 42, 23, 14, , 2, 7, 
19/12/2020, 42, 24, 16, , 2, 8, 
20/12/2020, 44, 26, 20, , 1, 7, 
21/12/2020, 52, 29, 24, , 2, 7, 
22/12/2020, 63, 32, 29, , 2, 8, 
23/12/2020, 64, 33, 17, , 2, 8, 
24/12/2020, 55, 33, 35, , 3, 8, 
25/12/2020, 58, 28, 21, , 2, 7, 
26/12/2020, 41, 26, 21, , 2, 7, 
27/12/2020, 44, 29, 16, , 2, 6, 
28/12/2020, 57, 30, 13, , 2, 5, 
29/12/2020, 56, 30, 16, , 2, 5, 
30/12/2020, 52, 29, 18, , 2, 6, 
31/12/2020, 58, 26, 20, , 3, 7, 
01/01/2021, 34, 21, 13, , 3, 7, 
02/01/2021, 22, 20, 8, , , 6, 
03/01/2021, 36, 22, 8, , 2, 7, 
04/01/2021, 39, 23, 14, , 1, 6, 
05/01/2021, 36, 23, 10, , 1, 3, 
06/01/2021, 38, 23, 7, , 1, 3, 
07/01/2021, 36, 24, 9, , 2, 4, 
08/01/2021, 53, 26, 13, , 2, 4, 
09/01/2021, 53, 22, 15, , 2, 5, 
10/01/2021, 23, 21, 18, , 2, 5, 
11/01/2021, 51, 24, 20, , 2, 5, 
12/01/2021, 47, 25, 19, , 2, 5, 
13/01/2021, 59, 27, 23, , 2, 7, 
14/01/2021, 62, 32, 27, , 2, 6, 
15/01/2021, 73, 30, 21, , 2, 4, 
16/01/2021, 63, 28, 19, , 2, 4, 
17/01/2021, 60, 29, 24, , 2, 5, 
18/01/2021, 59, 39, 22, , 2, 5, 
19/01/2021, 57, 35, 25, , 2, 5, 
20/01/2021, 53, 31, 32, , 2, 6, 
21/01/2021, 62, 28, 21, , 2, 6, 
22/01/2021, 42, 27, 18, , 2, 5, 
23/01/2021, 44, 18, 22, , 2, 5, 
24/01/2021, 25, 21, 18, , 2, , 
25/01/2021, 29, 23, 18, , 2, 4, 
26/01/2021, 37, 23, 14, , 2, 4, 
27/01/2021, 35, 26, 9, , 2, 4, 
28/01/2021, 43, 37, 14, , 2, 4, 
29/01/2021, 46, 38, 21, , 2, 5, 
30/01/2021, 53, 40, 22, , 2, 5, 
31/01/2021, 52, 40, 21, , 2, 5, 
01/02/2021, 52, 41, 19, , 2, 5, 
02/02/2021, 49, 38, 23, , 2, , 
03/02/2021, 50, 40, 21, , 2, 4, 
04/02/2021, 48, 36, 15, , 3, 4, 
05/02/2021, 45, 39, 20, , 3, 5, 
06/02/2021, 49, 39, 17, , 3, 5, 
07/02/2021, 47, 35, 14, , 3, 5, 
08/02/2021, 45, 36, 17, , 3, 5, 
09/02/2021, 52, 39, 15, , 3, 4, 
10/02/2021, 48, 38, 17, , 3, 3, 
11/02/2021, 43, 35, 20, , 3, 3, 
12/02/2021, 46, 40, 24, , 3, 5, 
13/02/2021, 53, 44, 27, , 3, 5, 
14/02/2021, 54, 43, 30, , 3, 5, 
15/02/2021, 62, 45, 35, , 3, 5, 
16/02/2021, 66, 42, 31, , 3, 4, 
17/02/2021, 57, 37, 25, , 3, 3, 
18/02/2021, 42, 38, 21, , 3, 3, 
19/02/2021, 50, 44, 19, , 3, 4, 
20/02/2021, 54, 45, 24, , 3, , 
21/02/2021, 57, 44, 25, , 3, 4, 
22/02/2021, 55, 38, 26, , 3, 4, 
23/02/2021, 52, 38, 33, , 3, 4, 
24/02/2021, 63, 45, 32, , 4, 4, 
25/02/2021, 71, 47, 37, , 5, 5, 
26/02/2021, 68, 46, 27, , 9, 5, 
27/02/2021, 70, 43, 33, , 9, 5, 
28/02/2021, 63, 38, 28, , 4, 5, 
01/03/2021, 58, 48, 26, , 3, 5, 
02/03/2021, 65, 34, 20, , 3, 4, 
03/03/2021, 44, 30, 15, , 2, 4, 
04/03/2021, 45, 30, 15, , 1, , 
05/03/2021, 46, 31, 14, , 1, 4, 
06/03/2021, 45, 34, 12, , 1, 4, 
07/03/2021, 40, 29, 25, , 2, 5, 
08/03/2021, 42, 33, 21, , 1, , 
09/03/2021, 53, 37, 23, , 1, 6, 
10/03/2021, 56, 37, 20, , 1, 5, 
11/03/2021, 49, 30, 12, , 1, 5, 
12/03/2021, 39, 28, 14, , 1, 5, 
13/03/2021, 45, 31, 15, , 1, 5, 
14/03/2021, 45, 33, 16, , 1, 5, 
15/03/2021, 47, 36, 15, , 1, 5, 
16/03/2021, 45, 33, 18, , 1, 5, 
17/03/2021, 52, 34, 19, , 2, 6, 
18/03/2021, 48, 36, 21, , 2, 6, 
19/03/2021, 54, 34, 20, , 2, 5, 
20/03/2021, 50, 36, 20, , 2, 6, 
21/03/2021, 51, 28, 17, , 1, 5, 
22/03/2021, 39, 27, 10, , 2, 5, 
23/03/2021, 40, 27, 6, , 2, 6, 
24/03/2021, 33, 26, 8, , 1, 6, 
25/03/2021, 35, 28, 17, , 1, 5, 
26/03/2021, 34, 27, 11, , 2, 5, 
27/03/2021, 38, 32, 45, , 7, 7, 
28/03/2021, 54, 29, 22, , 4, 6, 
29/03/2021, 40, 28, 25, , 4, 7, 
30/03/2021, 52, 33, 14, , 8, 5, 
31/03/2021, 38, 30, 18, , 5, 3, 
01/04/2021, 32, 31, 34, , 2, 4, 
02/04/2021, 55, 35, 36, , 2, 5, 
03/04/2021, 53, 33, 30, , 2, 4, 
04/04/2021, 43, 34, 15, , 2, 5, 
05/04/2021, 52, 30, 17, , 1, 5, 
06/04/2021, 46, 30, 21, , 2, 4, 
07/04/2021, 40, 32, 39, , 3, 5, 
08/04/2021, 43, 35, 18, , 3, 5, 
09/04/2021, 54, 40, 22, , 2, 5, 
10/04/2021, 60, 40, 25, , 1, 5, 
11/04/2021, 64, 38, 24, , 1, 5, 
12/04/2021, 55, 36, 21, , 1, 5, 
13/04/2021, 55, 34, 29, , 1, 5, 
14/04/2021, 48, 30, 22, , 3, 6, 
15/04/2021, 53, 31, 13, , 2, 7, 
16/04/2021, 62, 33, 15, , 2, 6, 
17/04/2021, 51, 26, 38, , 9, 7, 
18/04/2021, 61, 32, 24, , 8, 5, 
19/04/2021, 52, 41, 36, , 8, 6, 
20/04/2021, 64, 31, 20, , 5, 5, 
21/04/2021, 41, 31, 12, , 2, 5, 
22/04/2021, 49, 22, 13, , 10, 4, 
23/04/2021, 31, 21, 8, , 13, 5, 
24/04/2021, 37, 23, 20, , 4, 5, 
25/04/2021, 47, 26, 14, , 2, 5, 
26/04/2021, 46, 28, 16, , 2, 6, 
27/04/2021, 54, 32, 22, , 3, 6, 
28/04/2021, 58, 29, 13, , 2, 4, 
29/04/2021, 46, 31, 21, , 2, 6, 
30/04/2021, 57, 35, 19, , 2, 7, 
01/05/2021, 50, 26, 25, , 2, 5, 
02/05/2021, 31, 24, 17, , 2, , 
03/05/2021, 32, 27, 19, , 1, 6, 
04/05/2021, 45, 25, 24, , 1, 6, 
05/05/2021, 42, 28, 15, , 1, 6, 
06/05/2021, 51, 35, 18, , 1, 7, 
07/05/2021, 60, 29, 29, , 1, 6, 
08/05/2021, 45, 30, 31, , 1, 6, 
09/05/2021, 48, 31, 20, , 1, 5, 
10/05/2021, 38, 29, 14, , 1, 4, 
11/05/2021, 35, 29, 17, , 2, 4, 
12/05/2021, 49, 34, 14, , 2, 5, 
13/05/2021, 56, 25, 7, , 1, 4, 
14/05/2021, 38, 25, 12, , 2, 4, 
15/05/2021, 35, 25, 18, , 4, 4, 
16/05/2021, 32, 24, 7, , 2, 4, 
17/05/2021, 37, 26, 10, , 2, 4, 
18/05/2021, 35, 27, 7, , 3, 4, 
19/05/2021, 38, 31, 15, , 3, 5, 
20/05/2021, 48, 34, 12, , 1, 4, 
21/05/2021, 41, 36, 9, , 2, 5, 
22/05/2021, 43, 35, 14, , 2, 4, 
23/05/2021, 44, 34, 15, , 1, 4, 
24/05/2021, 40, 29, 15, , 1, , 
25/05/2021, 41, 27, 13, , 2, , 
26/05/2021, 36, 20, 9, , 1, 5, 
27/05/2021, 44, 40, 21, , 1, 5, 
28/05/2021, 56, 34, 11, , 3, 4, 
29/05/2021, 38, 19, 16, , 3, 4, 
30/05/2021, 38, 18, 8, , 2, 4, 
31/05/2021, 40, 26, 13, , 2, 4, 
01/06/2021, 42, 32, 11, , 3, 4, 
02/06/2021, 41, 26, 14, , 3, 4, 
03/06/2021, 40, 19, 11, , 3, 3, 
04/06/2021, 42, 26, 16, , 2, 4, 
05/06/2021, 55, 31, 22, , 3, 4, 
06/06/2021, 60, 29, 17, , 4, 3, 
07/06/2021, 51, 30, 18, , 4, 3, 
08/06/2021, 62, 30, 13, , 4, 4, 
09/06/2021, 58, 41, 18, , 4, 5, 
10/06/2021, 70, 39, 20, , 7, 5, 
11/06/2021, 57, 30, 19, , 4, 4, 
12/06/2021, 54, 24, 12, , 2, 4, 
13/06/2021, 34, 19, 15, , 2, 4, 
14/06/2021, 22, 26, 14, , 3, 6, 
15/06/2021, 34, 28, 20, , 4, 5, 
16/06/2021, 46, 23, 18, , 7, 4, 
17/06/2021, 46, 21, 9, , 3, 4, 
18/06/2021, 38, 19, 16, , 4, 4, 
19/06/2021, 42, 25, 18, , 3, 4, 
20/06/2021, 49, 25, 19, , 8, 3, 
21/06/2021, 61, 35, 19, , 6, 3, 
22/06/2021, 62, 29, 16, , 5, 3, 
23/06/2021, 46, 22, 22, , 7, 4, 
24/06/2021, 47, 23, 18, , 4, 4, 
25/06/2021, 54, 28, 15, , 5, 5, 
26/06/2021, 57, 23, 12, , 7, 4, 
27/06/2021, 45, 18, 12, , 2, 5, 
28/06/2021, 36, 17, 11, , 4, 4, 
29/06/2021, 38, 21, 11, , 6, 4, 
30/06/2021, 35, 18, 12, , 1, 4, 
01/07/2021, 32, 19, 11, , 1, 4, 
02/07/2021, 24, 25, 9, , 1, 4, 
03/07/2021, 26, 24, 7, , 2, 5, 
04/07/2021, 27, 24, 11, , 2, 5, 
05/07/2021, 34, 29, 15, , 1, 5, 
06/07/2021, 50, 45, 19, , 3, 6, 
07/07/2021, 62, 43, 20, , 2, 5, 
08/07/2021, 50, 34, 15, , 2, 5, 
09/07/2021, 42, 29, 8, , 1, 5, 
10/07/2021, 38, 19, 11, , 1, 5, 
11/07/2021, 32, 17, 14, , 1, 5, 
12/07/2021, 28, 20, 6, , 3, 5, 
13/07/2021, 31, 26, 12, , 4, 5, 
14/07/2021, 40, 37, 18, , 2, 5, 
15/07/2021, 49, 36, 21, , 3, 5, 
16/07/2021, 48, 36, 20, , 2, 5, 
17/07/2021, 46, 40, 20, , 1, 5, 
18/07/2021, 51, 35, 10, , 2, 4, 
19/07/2021, 42, 34, 19, , 4, 5, 
20/07/2021, 46, 34, 16, , 3, 5, 
21/07/2021, 45, 33, 16, , 2, 4, 
22/07/2021, 44, 35, 14, , 2, 4, 
23/07/2021, 47, 34, 17, , 7, 3, 
24/07/2021, 40, 28, 17, , 2, 4, 
25/07/2021, 40, 33, 10, , 2, 3, 
26/07/2021, 44, 35, 11, , 2, 3, 
27/07/2021, 48, 37, 10, , 2, 3, 
28/07/2021, 45, 37, 13, , 2, 3, 
29/07/2021, 55, 41, 12, , 2, 3, 
30/07/2021, 52, 39, 8, , 3, 3, 
31/07/2021, 48, 34, 3, , 5, 3, 
01/08/2021, 39, 25, 10, , 6, 3, 
02/08/2021, 38, 31, 14, , 3, 3, 
03/08/2021, 44, 31, 6, , 4, 2, 
04/08/2021, 34, 28, 10, , 4, 3, 
05/08/2021, 39, 31, 9, , 2, 2, 
06/08/2021, 41, 34, 8, , 2, 2, 
07/08/2021, 41, 32, 7, , 2, 3, 
08/08/2021, 42, 30, 14, , 5, 3, 
09/08/2021, 39, 28, 8, , 5, 2, 
10/08/2021, 33, 28, 7, , 2, 2, 
11/08/2021, 36, 31, 8, , 2, 2, 
12/08/2021, 41, 33, 7, , 3, 2, 
13/08/2021, 39, 26, 9, , 3, 2, 
14/08/2021, 34, 27, 10, , 3, 3, 
15/08/2021, 28, 22, 11, , 2, 2, 
16/08/2021, 25, 26, 7, , 4, 3, 
17/08/2021, 36, 27, 5, , 6, 2, 
18/08/2021, 33, 25, 12, , 6, 2, 
19/08/2021, 27, 26, 6, , 8, 3, 
20/08/2021, 37, 22, 11, , 5, 3, 
21/08/2021, 33, 16, 9, , 2, 1, 
22/08/2021, 31, 18, 10, , 4, 2, 
23/08/2021, 41, 20, 2, , 3, 2, 
24/08/2021, 32, 20, 7, , 2, 5, 
25/08/2021, 31, 28, 12, , 1, 5, 
26/08/2021, 43, 33, 9, , 2, 6, 
27/08/2021, 42, 27, 13, , 1, 4, 
28/08/2021, 40, 24, 9, , 1, 4, 
29/08/2021, 40, 22, 3, , 1, 5, 
30/08/2021, 32, 19, 9, , 1, 5, 
31/08/2021, 30, 24, 12, , 4, 5, 
01/09/2021, 37, 29, 4, , 4, 5, 
02/09/2021, 21, 23, 12, , 2, 5, 
03/09/2021, 28, 21, 16, , 2, 5, 
04/09/2021, 35, 25, 16, , 2, 5, 
05/09/2021, 26, 28, 11, , 2, 5, 
06/09/2021, 35, 34, 9, , 4, 6, 
07/09/2021, 39, 31, 9, , 6, 5, 
08/09/2021, 29, 26, 13, , 2, 5, 
09/09/2021, 32, 30, 9, , 3, 5, 
10/09/2021, 29, 27, 16, , 2, 6, 
11/09/2021, 43, 33, 9, , 1, 5, 
12/09/2021, 32, 28, 5, , 4, 5, 
13/09/2021, 33, 29, 13, , 4, 5, 
14/09/2021, 40, 31, 13, , 3, 4, 
15/09/2021, 31, 24, 11, , 2, 4, 
16/09/2021, 23, 23, 11, , 1, 4, 
17/09/2021, 21, 23, 10, , 1, 4, 
18/09/2021, 24, 23, 5, , 2, 4, 
19/09/2021, 24, 28, 12, , 2, 4, 
20/09/2021, 36, 33, 13, , 2, 4, 
21/09/2021, 41, 34, 15, , 2, 5, 
22/09/2021, 34, 31, 11, , 3, 5, 
23/09/2021, 27, 26, 12, , 2, 5, 
24/09/2021, 30, 29, 13, , 2, 6, 
25/09/2021, 35, 34, 15, , 1, 5, 
26/09/2021, 36, 27, 8, , 1, 6, 
27/09/2021, 29, 31, 14, , 1, 6, 
28/09/2021, 31, 32, 18, , 2, 6, 
29/09/2021, 38, 27, 7, , 3, 4, 
30/09/2021, 26, 29, 8, , 1, 3, 
01/10/2021, 32, 29, 16, , 1, 5, 
02/10/2021, 29, 34, 35, , 1, 6, 
03/10/2021, 41, 34, 14, , 1, 5, 
04/10/2021, 36, 34, 6, , 2, 6, 
05/10/2021, 41, 36, 12, , 3, 5, 
06/10/2021, 33, 33, 13, , 2, 5, 
07/10/2021, 31, 32, 12, , 2, 6, 
08/10/2021, 33, 31, 10, , 2, , 
09/10/2021, 33, 34, 12, , , 6, 
10/10/2021, 47, 27, 9, , , 5, 
11/10/2021, 26, 27, 13, , , 5, 
12/10/2021, 43, 38, 15, , , 4, 
13/10/2021, 45, 36, 13, , , 3, 
14/10/2021, 44, 36, 12, , , , 
15/10/2021, 51, 38, 13, , , , 
16/10/2021, 44, 37, 13, , , 3, 
17/10/2021, 46, 33, 16, , , 4, 
18/10/2021, 44, 36, 17, , 1, 4, 
19/10/2021, 39, 27, 9, , 1, 5, 
20/10/2021, 24, 24, 6, , 3, 4, 
21/10/2021, 25, 33, 12, , 2, 5, 
22/10/2021, 38, 37, 11, , 2, 5, 
23/10/2021, 46, 45, 28, , 2, 6, 
24/10/2021, 55, 39, 13, , 2, 5, 
25/10/2021, 45, 38, 20, , 2, 5, 
26/10/2021, 46, 31, 8, , , 4, 
27/10/2021, 29, 26, 5, , 3, 5, 
28/10/2021, 25, 25, 11, , 2, 4, 
29/10/2021, 23, 24, 10, , 1, 5, 
30/10/2021, 23, 27, 12, , 1, 5, 
31/10/2021, 33, 28, 10, , 1, 6, 
01/11/2021, 32, 28, 12, , 1, 5, 
02/11/2021, 26, 24, 20, , 1, 3, 
03/11/2021, 24, 28, 27, , 1, 3, 
04/11/2021, 32, 28, 14, , 1, 3, 
05/11/2021, 31, 31, 19, , 1, 3, 
06/11/2021, 39, 36, 27, , 1, 3, 
07/11/2021, 46, 34, 7, , 1, 3, 
08/11/2021, 38, 34, 9, , 1, 3, 
09/11/2021, 41, 25, 4, , 1, 2, 
10/11/2021, 31, 21, 10, , 1, 2, 
11/11/2021, 21, 28, 10, , 1, 2, 
12/11/2021, 29, 27, 8, , 2, 2, 
13/11/2021, 23, 26, 15, , 2, 2, 
14/11/2021, 30, 32, 13, , 2, 2, 
15/11/2021, 39, 31, 16, , 1, 2, 
16/11/2021, 28, 29, 16, , 1, 2, 
17/11/2021, 37, 34, 12, , 1, 2, 
18/11/2021, 35, 32, 16, , 1, 2, 
19/11/2021, 31, 32, 14, , 1, 2, 
20/11/2021, 31, 33, 11, , 1, 3, 
21/11/2021, 41, 32, 7, , 1, 2, 
22/11/2021, 30, 37, 4, , 1, 3, 
23/11/2021, 41, 34, 2, , 2, 4, 
24/11/2021, 35, 34, 6, , 2, 5, 
25/11/2021, 37, 30, 5, , 1, 4, 
26/11/2021, 31, 28, 2, , 1, 4, 
27/11/2021, 24, 28, 2, , 1, 4, 
28/11/2021, 28, 29, 4, , 1, 3, 
29/11/2021, 27, 30, 11, , 1, 4, 
30/11/2021, 32, 28, 12, , 1, 4, 
01/12/2021, 29, 28, 14, , 1, 5, 
02/12/2021, 29, 29, 14, , 1, 4, 
03/12/2021, 26, 29, 16, , 1, 3, 
04/12/2021, 39, 37, 19, , 1, 3, 
05/12/2021, 35, 33, 20, , 1, 3, 
06/12/2021, 34, 33, 20, , 1, 2, 
07/12/2021, 33, 38, 18, , 2, 2, 
08/12/2021, 38, 42, 21, , 2, 3, 
09/12/2021, 37, 34, 17, , 2, 3, 
10/12/2021, 32, 29, 10, , 2, 3, 
11/12/2021, 32, 35, 13, , 1, 3, 
12/12/2021, 30, 33, 14, , 1, 3, 
13/12/2021, 34, 38, 14, , 1, 4, 
14/12/2021, 40, 33, 13, , 1, 3, 
15/12/2021, 38, 32, 15, , 1, 3, 
16/12/2021, 35, 27, 12, , 1, 3, 
17/12/2021, 27, 27, 12, , 1, 3, 
18/12/2021, 29, 24, 14, , 1, 2, 
19/12/2021, 20, 24, 18, , 1, 3, 
20/12/2021, 28, 34, 32, , 1, 3, 
21/12/2021, 36, 35, 20, , 1, 3, 
22/12/2021, 42, 33, 11, , 1, 3, 
23/12/2021, 55, 33, 10, , 1, 3, 
24/12/2021, 49, 31, 12, , 1, 2, 
25/12/2021, 44, 33, 14, , 1, 2, 
26/12/2021, 48, 36, 15, , 1, 2, 
27/12/2021, 51, 34, 13, , 1, 2, 
28/12/2021, 36, 31, 9, , 1, 3, 
29/12/2021, 34, 30, 9, , 1, 3, 
30/12/2021, 36, 26, 6, , 2, 3, 
31/12/2021, 27, 20, 8, , 2, 3, 
01/01/2022, 24, 18, 9, , 2, 2, 
02/01/2022, 26, 18, 6, , 2, 3, 
03/01/2022, 31, 21, 9, , 1, 4, 
04/01/2022, 24, 25, 11, , 1, 3, 
05/01/2022, 32, 28, 11, , 1, 4, 
06/01/2022, 25, 27, 10, , 1, 4, 
07/01/2022, 36, 27, 9, , 1, 4, 
08/01/2022, 31, 33, 10, , 1, 4, 
09/01/2022, 41, 33, 12, , 1, 4, 
10/01/2022, 33, 32, 11, , 1, 4, 
11/01/2022, 40, 35, 11, , 1, 4, 
12/01/2022, 37, 38, 14, , 1, 4, 
13/01/2022, 35, 39, 15, , 1, 4, 
14/01/2022, 39, 39, 15, , 1, 4, 
15/01/2022, 40, 39, 13, , 1, 5, 
16/01/2022, 42, 37, 10, , 1, 4, 
17/01/2022, 51, 39, 12, , 1, 4, 
18/01/2022, 43, 37, 10, , 1, 4, 
19/01/2022, 42, 36, 12, , 1, 4, 
20/01/2022, 40, 37, 12, , 1, 4, 
21/01/2022, 35, 35, 13, , 1, 4, 
22/01/2022, 36, 35, 12, , 1, 4, 
23/01/2022, 38, 31, 15, , 2, 4, 
24/01/2022, 40, 33, 9, , 2, 3, 
25/01/2022, 32, 29, 10, , 2, 3, 
26/01/2022, 39, 33, 10, , 2, 3, 
27/01/2022, 49, 36, 15, , 2, 3, 
28/01/2022, 51, 39, 15, , 2, 4, 
29/01/2022, 44, 34, 16, , 2, 4, 
30/01/2022, 46, 36, 13, , 2, 4, 
31/01/2022, 38, 28, 11, , 1, 3, 
01/02/2022, 26, 27, 9, , 1, 3, 
02/02/2022, 28, 27, 9, , 1, 3, 
03/02/2022, 30, 33, 9, , 1, 3, 
04/02/2022, 39, 36, 7, , 1, 3, 
05/02/2022, 39, 31, 6, , 1, 4, 
06/02/2022, 32, 29, 5, , 1, 4, 
07/02/2022, 30, 24, 7, , 1, 4, 
08/02/2022, 24, 27, 6, , 1, 4, 
09/02/2022, 31, 24, 2, , 1, 4, 
10/02/2022, 31, 26, 5, , 1, 4, 
11/02/2022, 30, 26, 9, , 1, 4, 
12/02/2022, 33, 26, 8, , 1, 4, 
13/02/2022, 26, 26, 9, , 1, 3, 
14/02/2022, 32, 24, 7, , 1, 3, 
15/02/2022, 26, 25, 5, , 1, 3, 
16/02/2022, 38, 35, 16, , 6, 4, 
17/02/2022, 43, 29, 15, , 3, 4, 
18/02/2022, 28, 26, 11, , 1, 3, 
19/02/2022, 33, 33, 10, , 1, 3, 
20/02/2022, 40, 33, 13, , 1, 4, 
21/02/2022, 38, 30, 10, , 1, 4, 
22/02/2022, 32, 30, 8, , 1, 4, 
23/02/2022, 29, 23, 6, , 1, 4, 
24/02/2022, 23, 23, 8, , 2, 4, 
25/02/2022, 25, 23, 7, , 2, 5, 
26/02/2022, 25, 24, 7, , 1, 4, 
27/02/2022, 27, 34, 8, , 1, 4, 
28/02/2022, 42, 38, 8, , 1, 4, 
01/03/2022, 39, 32, 9, , 1, 4, 
02/03/2022, 31, 31, 7, , 1, 4, 
03/03/2022, 31, 28, 6, , 1, 4, 
04/03/2022, 31, 25, 9, , 2, 4, 
05/03/2022, 31, 26, 11, , 2, 5, 
06/03/2022, 31, 26, 6, , 3, 4, 
07/03/2022, 27, 25, 8, , 3, 4, 
08/03/2022, 28, 25, 10, , 3, 4, 
09/03/2022, 29, 29, 11, , 2, 4, 
10/03/2022, 35, 38, 22, , 2, 5, 
11/03/2022, 51, 47, 22, , 2, 6, 
12/03/2022, 61, 41, 15, , 3, 5, 
13/03/2022, 41, 31, 15, , 3, 5, 
14/03/2022, 33, 30, 10, , 2, 5, 
15/03/2022, 43, 33, 21, , 2, 7, 
16/03/2022, 49, 31, 13, , 3, 5, 
17/03/2022, 41, 29, 7, , 3, 5, 
18/03/2022, 37, 31, 19, , 6, 5, 
19/03/2022, 38, 33, 10, , 5, 5, 
20/03/2022, 34, 29, 10, , 11, 5, 
21/03/2022, 41, 29, 6, , 10, 5, 
22/03/2022, 31, 28, 10, , 3, 5, 
23/03/2022, 35, 32, 10, , 2, 6, 
24/03/2022, 45, 34, 12, , 2, 5, 
25/03/2022, 51, 31, 24, , 2, 5, 
26/03/2022, 45, 33, 19, , 3, 5, 
27/03/2022, 48, 35, 14, , 2, 5, 
28/03/2022, 46, 30, 12, , 2, 5, 
29/03/2022, 36, 28, 20, , 2, 5, 
30/03/2022, 47, 32, 7, , 4, 5, 
31/03/2022, 46, 34, 21, , 6, 5, 
01/04/2022, 55, 39, 16, , 7, 6, 
02/04/2022, 58, 42, 11, , 5, 7, 
03/04/2022, 59, 36, 18, , 4, 6, 
04/04/2022, 47, 34, 12, , 4, 5, 
05/04/2022, 37, 29, 14, , 1, 5, 
06/04/2022, 32, 27, 6, , 3, 5, 
07/04/2022, 32, 34, 17, , 3, 6, 
08/04/2022, 51, 29, 7, , 4, 5, 
09/04/2022, 32, 34, 11, , 4, 6, 
10/04/2022, 42, 31, 6, , 2, 6, 
11/04/2022, 39, 36, 17, , 3, 6, 
12/04/2022, 58, 37, 7, , 7, 5, 
13/04/2022, 45, 33, 10, , 6, 5, 
14/04/2022, 44, 31, 9, , 6, 5, 
15/04/2022, 40, 29, 11, , 7, 5, 
16/04/2022, 47, 29, 11, , 6, 5, 
17/04/2022, 47, 28, 12, , 2, 5, 
18/04/2022, 33, 35, 11, , 7, 6, 
19/04/2022, 49, 39, 8, , 3, 6, 
20/04/2022, 54, 40, 4, , 3, 6, 
21/04/2022, 45, 36, 11, , 2, 6, 
22/04/2022, 42, 28, 7, , 2, 5, 
23/04/2022, 38, 30, 6, , 3, 6, 
24/04/2022, 39, 27, 5, , 3, 5, 
25/04/2022, 34, 33, 9, , 4, 7, 
26/04/2022, 50, 38, 11, , 4, 6, 
27/04/2022, 46, 31, 9, , 3, 6, 
28/04/2022, 41, 36, 16, , 4, 7, 
29/04/2022, 48, 41, 21, , 6, 6, 
30/04/2022, 56, 34, 14, , 6, 5, 
01/05/2022, 49, 30, 6, , 5, 5, 
02/05/2022, 28, 23, 8, , 4, 4, 
03/05/2022, 26, 23, 6, , 5, 5, 
04/05/2022, 31, 24, 6, , 3, 4, 
05/05/2022, 25, 24, 6, , 2, 4, 
06/05/2022, 25, 24, 6, , 3, 4, 
07/05/2022, 34, 24, 7, , 3, 4, 
08/05/2022, 22, 23, 10, , 3, 3, 
09/05/2022, 19, 24, 9, , 3, 3, 
10/05/2022, 25, 27, 9, , 4, 4, 
11/05/2022, 39, 24, 11, , 6, 4, 
12/05/2022, 37, 23, 20, , 5, 4, 
13/05/2022, 52, 20, 17, , 4, 4, 
14/05/2022, 33, 16, 21, , 2, 3, 
15/05/2022, 33, 18, 8, , 2, 4, 
16/05/2022, 38, 16, 10, , 2, 4, 
17/05/2022, 29, 17, 10, , 2, 4, 
18/05/2022, 45, 18, 7, , 4, 4, 
19/05/2022, 46, 25, 10, , 6, 6, 
20/05/2022, 66, 30, 12, , 4, 5, 
21/05/2022, 63, 23, 12, , 2, 4, 
22/05/2022, 42, 22, 11, , 4, 4, 
23/05/2022, 49, 17, 11, , 2, 4, 
24/05/2022, 35, 16, 9, , 2, 3, 
25/05/2022, 31, 14, 11, , 4, 5, 
26/05/2022, 34, 21, 11, , 7, 4, 
27/05/2022, 42, 26, 11, , 6, 5, 
28/05/2022, 45, 20, 11, , 7, 4, 
29/05/2022, 33, 22, 22, , 6, 5, 
30/05/2022, 49, 28, 23, , 5, 5, 
31/05/2022, 57, 29, 13, , 9, 5, 
01/06/2022, 52, 25, 6, , 9, 5, 
02/06/2022, 46, 18, 5, , 4, 6, 
03/06/2022, 38, 23, 14, , 5, 5, 
04/06/2022, 34, 15, 7, , 4, 5, 
05/06/2022, 29, 14, 10, , 3, 5, 
06/06/2022, 32, 15, 4, , 2, 5, 
07/06/2022, 36, 20, 23, , 4, 6, 
08/06/2022, 48, 21, 10, , 4, 5, 
09/06/2022, 37, 19, 18, , 4, 5, 
10/06/2022, 50, 20, 11, , 8, 5, 
11/06/2022, 31, 13, 11, , 5, 4, 
12/06/2022, 28, 18, 17, , 5, 5, 
13/06/2022, 50, 22, 9, , 6, 5, 
14/06/2022, 35, 15, 7, , 4, 5, 
15/06/2022, 36, 20, 4, , 4, 6, 
16/06/2022, 46, 16, 10, , 5, 5, 
17/06/2022, 23, 13, 8, , 5, 6, 
18/06/2022, 34, 21, 12, , 6, 6, 
19/06/2022, 50, 15, 5, , 6, 5, 
20/06/2022, 33, 11, 4, , 4, 4, 
21/06/2022, 24, 11, 9, , 2, 4, 
22/06/2022, 21, 11, 6, , 2, 4, 
23/06/2022, 21, 10, 6, , 4, 4, 
24/06/2022, 26, 12, 5, , 4, 4, 
25/06/2022, 26, 10, 11, , 3, 4, 
26/06/2022, 24, 9, 9, , 2, 4, 
27/06/2022, 21, 12, 7, , 3, 4, 
28/06/2022, 26, 14, 10, , 4, 5, 
29/06/2022, 44, 16, 6, , 5, 4, 
30/06/2022, 33, 16, 10, , 2, 4, 
01/07/2022, 42, 22, 12, , 2, 4, 
02/07/2022, 66, 23, 10, , 3, 4, 
03/07/2022, 60, 24, 9, , 3, 4, 
04/07/2022, 56, 16, 6, , 3, 3, 
05/07/2022, 30, 11, 8, , 2, 3, 
06/07/2022, 30, 12, 8, , 2, 2, 
07/07/2022, 24, 16, 5, , 2, 3, 
08/07/2022, 38, 18, 8, , 2, 4, 
09/07/2022, 49, 21, 7, , 2, 3, 
10/07/2022, 37, 14, 10, , 2, 4, 
11/07/2022, 45, 18, 8, , 1, 4, 
12/07/2022, 39, 17, 10, , 5, 4, 
13/07/2022, 47, 16, 7, , 2, 4, 
14/07/2022, 40, 15, 7, , 1, 3, 
15/07/2022, 29, 14, 10, , 1, 4, 
16/07/2022, 31, 15, 11, , 1, 4, 
17/07/2022, 35, 17, 8, , 1, 3, 
18/07/2022, 45, 18, 10, , 1, 3, 
19/07/2022, 38, 17, 6, , 2, 3, 
20/07/2022, 34, 18, 7, , 3, 4, 
21/07/2022, 42, 17, 5, , 2, 4, 
22/07/2022, 38, 17, 11, , 2, 5, 
23/07/2022, 50, 21, 7, , 2, 4, 
24/07/2022, 38, 15, 8, , 3, 4, 
25/07/2022, 36, 16, 8, , 3, 4, 
26/07/2022, 29, 10, 10, , 2, , 
27/07/2022, 28, 19, 10, , 2, 4, 
28/07/2022, 63, 23, 6, , 4, 3, 
29/07/2022, 39, 11, 9, , 3, 3, 
30/07/2022, 23, 11, 12, , 2, 2, 
31/07/2022, 24, 14, 8, , 2, 2, 
01/08/2022, 35, 14, 4, , 2, 2, 
02/08/2022, 22, 11, 4, , 2, 3, 
03/08/2022, 28, 14, 3, , 4, 3, 
04/08/2022, 36, 17, 6, , 3, 3, 
05/08/2022, 45, 18, 10, , 2, 4, 
06/08/2022, 45, 15, 9, , 2, 3, 
07/08/2022, 28, 20, 16, , 2, 3, 
08/08/2022, 76, 28, 13, , 4, 3, 
09/08/2022, 60, 21, 12, , 2, 3, 
10/08/2022, 50, 18, 9, , 2, 3, 
11/08/2022, 45, 19, 8, , 2, 3, 
12/08/2022, 38, 16, 6, , 3, 3, 
13/08/2022, 38, 22, 15, , 5, 5, 
14/08/2022, 55, 16, 9, , 3, 3, 
15/08/2022, 34, 17, 13, , 5, 4, 
16/08/2022, 51, 18, 8, , 4, 3, 
17/08/2022, 33, 17, 8, , 2, 3, 
18/08/2022, 48, 21, 7, , 2, 3, 
19/08/2022, 39, 18, 8, , 2, 3, 
20/08/2022, 31, 14, 7, , 3, 4, 
21/08/2022, 33, 12, 9, , 5, 3, 
22/08/2022, 30, 11, 5, , 3, 5, 
23/08/2022, 37, 17, 7, , 5, 6, 
24/08/2022, 43, 16, 5, , 1, 4, 
25/08/2022, 39, 25, 5, , 1, 5, 
26/08/2022, 62, 25, 9, , 3, 6, 
27/08/2022, 64, 23, 10, , 4, 5, 
28/08/2022, 53, 20, 6, , 9, 5, 
29/08/2022, 46, 15, 4, , 9, 4, 
30/08/2022, 34, 12, 8, , 4, 3, 
31/08/2022, 23, 11, 7, , 3, 4, 
01/09/2022, 21, 13, 4, , 4, 4, 
02/09/2022, 35, 13, 7, , 5, 4, 
03/09/2022, 26, 12, 5, , 3, 4, 
04/09/2022, 36, 16, 5, , 3, 4, 
05/09/2022, 48, 17, 7, , 3, 5, 
06/09/2022, 43, 19, 6, , 4, 5, 
07/09/2022, 44, 17, 11, , 4, 5, 
08/09/2022, 52, 16, 3, , 2, 5, 
09/09/2022, 33, 12, 10, , 2, 4, 
10/09/2022, 30, 15, 11, , 2, 4, 
11/09/2022, 39, 18, 16, , 3, 5, 
12/09/2022, 58, 31, 18, , 6, 4, 
13/09/2022, 72, 18, 7, , 4, 4, 
14/09/2022, 36, 14, 9, , 3, 3, 
15/09/2022, 42, 22, 8, , 3, 4, 
16/09/2022, 53, 22, 3, , 2, 1, 
17/09/2022, 46, 19, 2, , 2, 1, 
18/09/2022, 33, 16, 7, , 3, 2, 
19/09/2022, 38, 13, 3, , 6, 4, 
20/09/2022, 40, 21, 9, , 4, 4, 
21/09/2022, 40, 17, 5, , 4, 4, 
22/09/2022, 32, 12, 7, , 6, 4, 
23/09/2022, 32, 15, 9, , 3, 4, 
24/09/2022, 50, 18, 7, , 4, 4, 
25/09/2022, 40, 17, 7, , 3, 4, 
26/09/2022, 48, 26, 9, , 3, 4, 
27/09/2022, 64, 30, 12, , 6, 4, 
28/09/2022, 72, 26, 10, , 9, 4, 
29/09/2022, 56, 23, 12, , 2, 4, 
30/09/2022, 60, 20, 11, , 2, 4, 
01/10/2022, 45, 14, 16, , 2, 4, 
02/10/2022, 28, 14, 9, , 5, 5, 
03/10/2022, 43, 19, 12, , 5, 6, 
04/10/2022, 53, 22, 12, , 4, 4, 
05/10/2022, 60, 16, 7, , 5, 4, 
06/10/2022, 40, 18, 3, , 5, 5, 
07/10/2022, 29, 13, 6, , 3, 5, 
08/10/2022, 30, 11, 10, , 4, 4, 
09/10/2022, 33, 14, 7, , 7, 4, 
10/10/2022, 35, 15, 14, , 8, 4, 
11/10/2022, 40, 16, 7, , 6, 3, 
12/10/2022, 31, 14, 8, , 6, 3, 
13/10/2022, 38, 17, 9, , 6, 3, 
14/10/2022, 36, 13, 11, , 6, 3, 
15/10/2022, 26, 13, 6, , 8, 3, 
16/10/2022, 34, 15, 8, , 14, 4, 
17/10/2022, 35, 17, 7, , 10, 4, 
18/10/2022, 45, 17, 8, , 5, 5, 
19/10/2022, 50, 21, 15, , 5, 4, 
20/10/2022, 53, 21, 4, , 7, 4, 
21/10/2022, 52, 21, 7, , 5, 5, 
22/10/2022, 52, 14, 10, , 2, 4, 
23/10/2022, 21, 11, 11, , 2, 4, 
24/10/2022, 28, 12, 9, , 2, 5, 
25/10/2022, 27, 12, 6, , 2, 4, 
26/10/2022, 22, 10, 12, , 2, 4, 
27/10/2022, 22, 15, 11, , 1, 4, 
28/10/2022, 34, 15, 11, , 2, 4, 
29/10/2022, 39, 16, 13, , 2, 5, 
30/10/2022, 35, 12, 6, , 2, 4, 
31/10/2022, 26, 13, 5, , 3, 5, 
01/11/2022, 37, 22, 14, , 3, 5, 
02/11/2022, 51, 23, 6, , 3, 5, 
03/11/2022, 45, 13, 7, , 3, 4, 
04/11/2022, 27, 13, 4, , 3, 4, 
05/11/2022, 26, 18, 10, , 3, 5, 
06/11/2022, 36, 13, 11, , 3, 5, 
07/11/2022, 37, 15, 8, , 2, 5, 
08/11/2022, 31, 16, 3, , 2, 6, 
09/11/2022, 40, 14, 7, , 1, 4, 
10/11/2022, 26, 15, 9, , 1, 5, 
11/11/2022, 32, 15, 12, , 1, 5, 
12/11/2022, 34, 14, 18, , 1, 5, 
13/11/2022, 32, 13, 12, , 2, 4, 
14/11/2022, 32, 13, 16, , 4, 4, 
15/11/2022, 25, 21, 17, , 2, 4, 
16/11/2022, 37, 27, 16, , 2, 4, 
17/11/2022, 32, 14, 17, , 1, 3, 
18/11/2022, 35, 14, 8, , 2, 5, 
19/11/2022, 24, 13, 13, , 2, 4, 
20/11/2022, 28, 15, 15, , 3, 4, 
21/11/2022, 30, 14, 11, , 3, 4, 
22/11/2022, 37, 15, 11, , 3, 4, 
23/11/2022, 38, 18, 8, , 4, 5, 
24/11/2022, 53, 19, 8, , 5, 4, 
25/11/2022, 32, 23, 12, , 5, 6, 
26/11/2022, 64, 24, 9, , 3, 5, 
27/11/2022, 42, 19, 17, , 3, 5, 
28/11/2022, 38, 16, 13, , 2, 5, 
29/11/2022, 40, 16, 20, , 2, 5, 
30/11/2022, 39, 15, 8, , 2, 5, 
01/12/2022, 30, 13, 9, , 2, 5, 
02/12/2022, 31, 15, 11, , 3, 5, 
03/12/2022, 35, 15, 9, , 4, 5, 
04/12/2022, 35, 16, 6, , 3, 5, 
05/12/2022, 46, 21, 10, , 3, 6, 
06/12/2022, 48, 19, 9, , 1, 5, 
07/12/2022, 34, 19, 8, , 1, 5, 
08/12/2022, 36, 13, 10, , 1, 4, 
09/12/2022, 24, 12, 8, , 2, 5, 
10/12/2022, 29, 15, 6, , 3, 5, 
11/12/2022, 27, 16, 13, , 3, 6, 
12/12/2022, 52, 17, 9, , 3, 4, 
13/12/2022, 25, 13, 9, , 2, 5, 
14/12/2022, 24, 14, 8, , 2, 5, 
15/12/2022, 26, 15, 17, , 2, 5, 
16/12/2022, 29, 16, 8, , 3, 5, 
17/12/2022, 39, 22, 22, , 2, 4, 
18/12/2022, 33, 17, 8, , 2, 4, 
19/12/2022, 41, 17, 14, , 2, 3, 
20/12/2022, 26, 15, 17, , 2, 4, 
21/12/2022, 35, 14, 11, , 2, 4, 
22/12/2022, 20, 14, 15, , 1, 4, 
23/12/2022, 37, 27, 22, , 1, 4, 
24/12/2022, 50, 29, 20, , 1, 4, 
25/12/2022, 43, 31, 18, , 1, 4, 
26/12/2022, 44, 34, 19, , 2, 4, 
27/12/2022, 52, 30, 18, , 2, 3, 
28/12/2022, 48, 26, 17, , 2, 4, 
29/12/2022, 45, 26, 20, , 2, 4, 
30/12/2022, 53, 24, 20, , 2, 3, 
31/12/2022, 43, 28, 20, , 2, , 
01/01/2023, 52, 26, 24, , 2, 4, 
02/01/2023, 54, 22, 17, , 2, 4, 
03/01/2023, 35, 17, 12, , 2, 4, 
04/01/2023, 26, 19, 12, , 2, 5, 
05/01/2023, 44, 26, 19, , 2, 5, 
06/01/2023, 42, 18, 18, , 2, 4, 
07/01/2023, 25, 15, 17, , 3, 4, 
08/01/2023, 29, 16, 15, , 3, 4, 
09/01/2023, 44, 20, 20, , 4, 5, 
10/01/2023, 46, 29, 8, , 4, 5, 
11/01/2023, 51, 30, 24, , 4, 4, 
12/01/2023, 52, 21, 17, , 3, 4, 
13/01/2023, 34, 30, 39, , 3, 7, 
14/01/2023, 68, 29, 24, , 5, 5, 
15/01/2023, 47, 23, 14, , 3, 5, 
16/01/2023, 39, 18, 22, , 2, 4, 
17/01/2023, 37, 18, 16, , 2, 4, 
18/01/2023, 37, 25, 14, , 2, 5, 
19/01/2023, 33, 16, 10, , 2, 5, 
20/01/2023, 25, 16, 14, , 1, 4, 
21/01/2023, 22, 13, 13, , 1, 5, 
22/01/2023, 25, 14, 7, , 1, 5, 
23/01/2023, 33, 11, 7, , 1, 5, 
24/01/2023, 19, 9, 8, , 1, 4, 
25/01/2023, 23, 14, 10, , 1, 4, 
26/01/2023, 31, 16, 15, , 1, 4, 
27/01/2023, 27, 11, 10, , 2, 3, 
28/01/2023, 17, 8, 16, , 2, 3, 
29/01/2023, 20, 17, 17, , 2, 4, 
30/01/2023, 40, 22, 16, , 2, 4, 
31/01/2023, 36, 22, 12, , 2, 4, 
01/02/2023, 40, 21, 11, , 2, 4, 
02/02/2023, 39, 20, 10, , 2, 4, 
03/02/2023, 39, 17, 4, , 2, 4, 
04/02/2023, 29, 20, 10, , 2, 3, 
05/02/2023, 41, 14, 11, , 2, 3, 
06/02/2023, 25, 13, 13, , 2, 3, 
07/02/2023, 33, 20, 10, , 2, 3, 
08/02/2023, 37, 19, 10, , 1, 3, 
09/02/2023, 42, 21, 12, , 1, 3, 
10/02/2023, 37, 18, 10, , 2, 3, 
11/02/2023, 27, 15, 10, , 1, 3, 
12/02/2023, 29, 16, 12, , 1, 3, 
13/02/2023, 41, 19, 12, , 1, 3, 
14/02/2023, 40, 19, 9, , 1, 5, 
15/02/2023, 35, 21, 15, , 1, 5, 
16/02/2023, 37, 28, 13, , 1, 5, 
17/02/2023, 45, 26, 13, , 1, 5, 
18/02/2023, 47, 25, 16, , 1, 5, 
19/02/2023, 38, 22, 13, , 1, 5, 
20/02/2023, 41, 24, 16, , 1, 4, 
21/02/2023, 42, 28, 19, , 1, 5, 
22/02/2023, 45, 27, 20, , 1, 5, 
23/02/2023, 47, 27, 21, , 1, 5, 
24/02/2023, 48, 27, 23, , 1, 3, 
25/02/2023, 43, 29, 19, , 1, 3, 
26/02/2023, 40, 22, 17, , 1, 4, 
27/02/2023, 35, 19, 13, , 1, 4, 
28/02/2023, 23, 11, 6, , 1, 4, 
01/03/2023, 19, 10, 9, , 1, 5, 
02/03/2023, 19, 14, 5, , 2, 4, 
03/03/2023, 32, 14, 9, , 1, 5, 
04/03/2023, 26, 16, 12, , 1, 4, 
05/03/2023, 37, 27, 11, , 1, 5, 
06/03/2023, 49, 21, 12, , 1, 5, 
07/03/2023, 39, 25, 11, , 1, 4, 
08/03/2023, 42, 34, 11, , 2, 4, 
09/03/2023, 47, 26, 11, , 1, 4, 
10/03/2023, 49, 30, 11, , 1, 4, 
11/03/2023, 49, 26, 11, , 1, 6, 
12/03/2023, 44, 25, 17, , 1, 4, 
13/03/2023, 56, 31, 13, , 1, 3, 
14/03/2023, 54, 34, 16, , 1, 3, 
15/03/2023, 56, 31, 13, , 1, 3, 
16/03/2023, 53, 27, 10, , 1, 3, 
17/03/2023, 50, 24, 9, , 1, 2, 
18/03/2023, 44, 24, 9, , 1, 3, 
19/03/2023, 50, 23, 7, , 1, 3, 
20/03/2023, 44, 20, 15, , 1, 4, 
21/03/2023, 36, 16, 10, , 2, 3, 
22/03/2023, 37, 17, 12, , 2, 2, 
23/03/2023, 34, 17, 10, , 2, 3, 
24/03/2023, 41, 20, 8, , 2, 5, 
25/03/2023, 46, 19, 17, , 2, 6, 
26/03/2023, 43, 16, 9, , 2, 6, 
27/03/2023, 36, 19, 12, , 2, 5, 
28/03/2023, 34, 15, 9, , 2, 4, 
29/03/2023, 28, 18, 12, , 1, 4, 
30/03/2023, 32, 19, 11, , 2, 3, 
31/03/2023, 50, 25, 11, , 2, 4, 
01/04/2023, 45, 20, 19, , 3, 3, 
02/04/2023, 51, 24, 8, , 4, 3, 
03/04/2023, 46, 21, 14, , 2, 2, 
04/04/2023, 36, 24, 12, , 2, 2, 
05/04/2023, 58, 28, 11, , 2, 2, 
06/04/2023, 57, 25, 8, , 4, 2, 
07/04/2023, 48, 28, 20, , 3, 3, 
08/04/2023, 62, 23, 11, , 1, 1, 
09/04/2023, 39, 21, 12, , 1, 3, 
10/04/2023, 53, 33, 13, , 1, 4, 
11/04/2023, 65, 34, 18, , 1, 3, 
12/04/2023, 72, 38, 17, , 2, 4, 
13/04/2023, 76, 36, 20, , 2, 4, 
14/04/2023, 77, 37, 22, , 2, 3, 
15/04/2023, 82, 40, 14, , 3, 3, 
16/04/2023, 73, 30, 14, , 5, 3, 
17/04/2023, 51, 31, 17, , 4, 5, 
18/04/2023, 58, 25, 8, , 3, 4, 
19/04/2023, 45, 19, 5, , 4, 4, 
20/04/2023, 38, 20, 9, , 7, 4, 
21/04/2023, 37, 15, 8, , 4, 3, 
22/04/2023, 31, 12, 9, , 2, 2, 
23/04/2023, 29, 14, 10, , 2, 3, 
24/04/2023, 34, 16, 11, , 2, 3, 
25/04/2023, 34, 21, 12, , 2, 4, 
26/04/2023, 49, 22, 8, , 2, 3, 
27/04/2023, 37, 23, 7, , 2, 4, 
28/04/2023, 37, 25, 17, , 2, 5, 
29/04/2023, 54, 24, 16, , 1, 5, 
30/04/2023, 38, 17, 16, , 1, 3, 
01/05/2023, 34, 17, 10, , 1, 3, 
02/05/2023, 33, 18, 8, , 1, 3, 
03/05/2023, 35, 25, 12, , 1, 4, 
04/05/2023, 40, 23, 11, , 1, 5, 
05/05/2023, 58, 26, 8, , 7, 3, 
06/05/2023, 44, 18, 6, , 7, 3, 
07/05/2023, 23, 13, 7, , 2, 2, 
08/05/2023, 28, 15, 7, , 2, 2, 
09/05/2023, 21, 18, 10, , 3, 2, 
10/05/2023, 30, 17, 9, , 2, 2, 
11/05/2023, 36, 15, 8, , 2, 2, 
12/05/2023, 25, 16, 15, , 2, 2, 
13/05/2023, 35, 18, 12, , 3, 2, 
14/05/2023, 35, 19, 8, , 2, 2, 
15/05/2023, 42, 22, 4, , 3, 3, 
16/05/2023, 40, 18, 8, , 3, 3, 
17/05/2023, 41, 34, 11, , 4, 5, 
18/05/2023, 63, 32, 6, , 7, 3, 
19/05/2023, 47, 29, 9, , 7, 3, 
20/05/2023, 46, 29, 7, , 3, 3, 
21/05/2023, 49, 24, 10, , 5, 3, 
22/05/2023, 52, 27, 8, , 5, 3, 
23/05/2023, 44, 27, 13, , 5, 3, 
24/05/2023, 35, 23, 11, , 3, 3, 
25/05/2023, 47, 23, 8, , 2, 3, 
26/05/2023, 52, 25, 8, , 2, 4, 
27/05/2023, 57, 22, 13, , 3, 3, 
28/05/2023, 43, 20, 10, , 4, 3, 
29/05/2023, 39, 20, 9, , 4, 3, 
30/05/2023, 42, 17, 10, , 3, 3, 
31/05/2023, 35, 21, 7, , 3, 3, 
01/06/2023, 41, 16, 11, , 3, 4, 
02/06/2023, 36, 22, 7, , 1, 4, 
03/06/2023, 51, 25, 4, , 1, 4, 
04/06/2023, 47, 18, 10, , 3, 3, 
05/06/2023, 33, 19, 8, , 2, 4, 
06/06/2023, 47, 23, 9, , 1, 4, 
07/06/2023, 46, 20, 9, , 2, 3, 
08/06/2023, 37, 16, 11, , 2, 3, 
09/06/2023, 29, 14, 8, , 2, 3, 
10/06/2023, 29, 17, 8, , 2, 3, 
11/06/2023, 34, 19, 5, , 2, 3, 
12/06/2023, 31, 22, 7, , 2, 4, 
13/06/2023, 42, 18, 5, , 2, 3, 
14/06/2023, 36, 18, 7, , 2, 4, 
15/06/2023, 39, 19, 9, , 3, 3, 
16/06/2023, 34, 19, 10, , 2, 3, 
17/06/2023, 40, 22, 13, , 3, 3, 
18/06/2023, 38, 27, 18, , 3, 4, 
19/06/2023, 55, 23, 16, , 3, 4, 
20/06/2023, 39, 19, 10, , 3, 3, 
21/06/2023, 40, 18, 12, , 2, 3, 
22/06/2023, 47, 22, 9, , 3, 3, 
23/06/2023, 42, 22, 8, , 3, 3, 
24/06/2023, 38, 22, 11, , 5, 4, 
25/06/2023, 47, 17, 7, , 8, 4, 
26/06/2023, 37, 19, 8, , 8, 3, 
27/06/2023, 35, 18, 8, , 4, 4, 
28/06/2023, 39, 22, 10, , 4, 4, 
29/06/2023, 44, 21, 8, , 3, 3, 
30/06/2023, 44, 18, 6, , 3, 3, 
01/07/2023, 25, 13, 8, , 3, 4, 
02/07/2023, 31, 17, 9, , 1, 3, 
03/07/2023, 34, 13, 8, , 2, 2, 
04/07/2023, 24, 13, 7, , 2, 3, 
05/07/2023, 29, 17, 9, , 3, 4, 
06/07/2023, 34, 19, 8, , 2, 4, 
07/07/2023, 38, 19, 8, , 6, 3, 
08/07/2023, 38, 16, 7, , 2, 3, 
09/07/2023, 32, 19, 4, , 2, 4, 
10/07/2023, 36, 17, 3, , 2, 3, 
11/07/2023, 25, 13, 6, , 2, 4, 
12/07/2023, 26, 15, 11, , 1, 3, 
13/07/2023, 36, 21, 5, , 1, 4, 
14/07/2023, 44, 18, 9, , 3, 4, 
15/07/2023, 37, 19, 14, , 2, 4, 
16/07/2023, 41, 23, 7, , 1, 4, 
17/07/2023, 47, 22, 5, , 1, 4, 
18/07/2023, 39, 20, 4, , 1, 4, 
19/07/2023, 33, 22, 4, , 2, 4, 
20/07/2023, 43, 25, 18, , 1, 4, 
21/07/2023, 60, 25, 17, , 1, 3, 
22/07/2023, 52, 30, 13, , 1, 4, 
23/07/2023, 54, 23, 9, , 3, 3, 
24/07/2023, 41, 19, 9, , 3, 3, 
25/07/2023, 32, 23, 10, , 2, 3, 
26/07/2023, 42, 24, 16, , 2, 3, 
27/07/2023, 65, 30, 12, , 1, 3, 
28/07/2023, 66, 36, 15, , 1, 3, 
29/07/2023, 67, 31, 11, , 2, 3, 
30/07/2023, 43, 27, 13, , 2, 2, 
31/07/2023, 43, 25, 11, , 2, 3, 
01/08/2023, 41, 27, 12, , 2, 3, 
02/08/2023, 56, 25, 7, , 2, 3, 
03/08/2023, 36, 18, 9, , 3, 4, 
04/08/2023, 35, 25, 11, , 2, 3, 
05/08/2023, 46, 26, 12, , 2, 3, 
06/08/2023, 49, 23, 9, , 2, 2, 
07/08/2023, 43, 22, 7, , 2, 2, 
08/08/2023, 32, 20, 10, , 2, 2, 
09/08/2023, 43, 27, 12, , 2, 2, 
10/08/2023, 46, 26, 11, , 2, 3, 
11/08/2023, 49, 27, 17, , 2, 3, 
12/08/2023, 60, 36, 16, , 2, 3, 
13/08/2023, 64, 32, 13, , 2, 3, 
14/08/2023, 50, 21, 11, , 2, 4, 
15/08/2023, 40, 24, 9, , 2, 4, 
16/08/2023, 50, 28, 12, , 2, 3, 
17/08/2023, 55, 26, 8, , 2, 4, 
18/08/2023, 51, 23, 7, , 3, 4, 
19/08/2023, 45, 19, 12, , 1, 4, 
20/08/2023, 43, 19, 9, , 1, 4, 
21/08/2023, 38, 26, 10, , 3, 4, 
22/08/2023, 52, 30, 10, , 1, 3, 
23/08/2023, 45, 26, 11, , 1, 4, 
24/08/2023, 44, 21, 8, , 1, 4, 
25/08/2023, 40, 21, 7, , 2, 4, 
26/08/2023, 42, 24, 10, , 2, 5, 
27/08/2023, 49, 23, 9, , 2, 4, 
28/08/2023, 55, 27, 10, , 2, 4, 
29/08/2023, 47, 28, 11, , 2, 4, 
30/08/2023, 58, 33, 13, , 2, 4, 
31/08/2023, 61, 31, 15, , 1, 4, 
01/09/2023, 56, 30, 17, , 1, 4, 
02/09/2023, 65, 35, 18, , 1, 4, 
03/09/2023, 71, 40, 27, , 2, 4, 
04/09/2023, 72, 37, 16, , 2, 4, 
05/09/2023, 74, 34, 12, , 2, 5, 
06/09/2023, 64, 19, 21, , 3, 5, 
07/09/2023, 37, 19, 13, , 3, 4, 
08/09/2023, 47, 24, 9, , 2, 4, 
09/09/2023, 45, 18, 8, , 2, 4, 
10/09/2023, 43, 25, 17, , 2, 4, 
11/09/2023, 74, 33, 13, , 3, 4, 
12/09/2023, 58, 24, 10, , 3, 4, 
13/09/2023, 49, 24, 12, , 3, 5, 
14/09/2023, 52, 27, 13, , 3, 4, 
15/09/2023, 55, 31, 12, , 3, 4, 
16/09/2023, 65, 29, 12, , 2, 4, 
17/09/2023, 52, 21, 10, , 3, 4, 
18/09/2023, 46, 19, 8, , 3, 3, 
19/09/2023, 36, 15, 7, , 3, 3, 
20/09/2023, 26, 15, 12, , 3, 5, 
21/09/2023, 37, 17, 7, , 6, 4, 
22/09/2023, 31, 21, 12, , 4, 5, 
23/09/2023, 67, 29, 8, , 2, 4, 
24/09/2023, 47, 20, 13, , 2, 5, 
25/09/2023, 53, 34, 12, , 1, 4, 
26/09/2023, 70, 31, 16, , 2, , 
27/09/2023, 60, 33, 16, , 2, 4, 
28/09/2023, 63, 39, 16, , 2, 5, 
29/09/2023, 86, 46, 9, , 2, 5, 
30/09/2023, 91, 45, 15, , 3, 5, 
01/10/2023, 79, 41, 16, , 2, 4, 
02/10/2023, 79, 43, 16, , 2, 5, 
03/10/2023, 68, 38, 18, , 3, 5, 
04/10/2023, 79, 41, 19, , 3, 4, 
05/10/2023, 67, 39, 20, , 3, 4, 
06/10/2023, 85, 56, 21, , 3, 7, 
07/10/2023, 138, 55, 16, , 3, 5, 
08/10/2023, 81, 44, 16, , 3, 5, 
09/10/2023, 79, 47, 19, , 2, 6, 
10/10/2023, 98, 48, 13, , 2, 6, 
11/10/2023, 84, 40, 12, , 3, 5, 
12/10/2023, 65, 31, 14, , 3, 4, 
13/10/2023, 66, 40, 14, , 3, 5, 
14/10/2023, 73, 39, 16, , 2, 5, 
15/10/2023, 76, 42, 15, , 2, 4, 
16/10/2023, 66, 37, 14, , 3, 5, 
17/10/2023, 63, 33, 8, , 3, 6, 
18/10/2023, 58, 33, 18, , 3, 6, 
19/10/2023, 60, 29, 10, , 2, 5, 
20/10/2023, 57, 28, 11, , 2, 5, 
21/10/2023, 50, 35, 18, , 3, 6, 
22/10/2023, 63, 33, 12, , 2, 6, 
23/10/2023, 55, 28, 15, , 2, 5, 
24/10/2023, 46, 29, 9, , 3, 5, 
25/10/2023, 45, 28, 11, , 2, 5, 
26/10/2023, 55, 30, 12, , 2, 4, 
27/10/2023, 58, 28, 5, , 2, 4, 
28/10/2023, 44, 28, 18, , 2, 5, 
29/10/2023, 50, 26, 21, , 3, 4, 
30/10/2023, 50, 28, 17, , 2, 6, 
31/10/2023, 58, 25, 15, , 1, 5, 
01/11/2023, 50, 23, 21, , 1, 6, 
02/11/2023, 44, 28, 26, , 2, 6, 
03/11/2023, 71, 32, 13, , 2, 5, 
04/11/2023, 61, 26, 20, , 2, 6, 
05/11/2023, 52, 24, 20, , 2, 5, 
06/11/2023, 52, 26, 14, , 2, 5, 
07/11/2023, 45, 20, 8, , 3, 5, 
08/11/2023, 44, 24, 13, , 5, 5, 
09/11/2023, 56, 21, 10, , 3, 5, 
10/11/2023, 37, 21, 18, , 2, 5, 
11/11/2023, 51, 27, 21, , 3, 5, 
12/11/2023, 65, 27, 17, , 2, 5, 
13/11/2023, 53, 26, 9, , 2, 5, 
14/11/2023, 55, 21, 14, , 3, 4, 
15/11/2023, 39, 19, 12, , 3, 4, 
16/11/2023, 39, 21, 13, , 2, 5, 
17/11/2023, 37, 20, 9, , 1, 4, 
18/11/2023, 31, 14, 9, , 1, 4, 
19/11/2023, 19, 12, 14, , 1, 4, 
20/11/2023, 32, 18, 7, , 1, 4, 
21/11/2023, 30, 18, 11, , 1, 4, 
22/11/2023, 31, 19, 15, , 2, 4, 
23/11/2023, 38, 17, 14, , 1, 4, 
24/11/2023, 24, 15, 6, , 1, 4, 
25/11/2023, 29, 20, 15, , 2, 5, 
26/11/2023, 47, 18, 9, , 2, 4, 
27/11/2023, 38, 19, 9, , 2, 4, 
28/11/2023, 34, 18, 10, , 2, 3, 
29/11/2023, 32, 18, 8, , 2, 3, 
30/11/2023, 36, 14, 6, , 1, 3, 
01/12/2023, 23, 17, 9, , 2, 4, 
02/12/2023, 35, 18, 5, , 4, 4, 
03/12/2023, 33, 17, 6, , 4, 4, 
04/12/2023, 31, 20, 18, , 3, 4, 
05/12/2023, 42, 20, 7, , 2, 4, 
06/12/2023, 30, 17, 9, , 2, 4, 
07/12/2023, 35, 18, 11, , 1, 4, 
08/12/2023, 27, 16, 9, , 1, 3, 
09/12/2023, 23, 15, 10, , 1, 4, 
10/12/2023, 26, 17, 8, , 1, 4, 
11/12/2023, 33, 16, 4, , 1, 4, 
12/12/2023, 27, 15, 9, , 1, 4, 
13/12/2023, 34, 19, 11, , 1, 4, 
14/12/2023, 32, 20, 12, , 1, 4, 
15/12/2023, 38, 15, 11, , 1, 4, 
16/12/2023, 29, 18, 11, , 1, 3, 
17/12/2023, 29, 17, 8, , 1, 3, 
18/12/2023, 32, 17, 7, , 1, 3, 
19/12/2023, 34, 17, 7, , 1, 4, 
20/12/2023, 33, 19, 8, , 1, 3, 
21/12/2023, 23, 15, 14, , 1, 4, 
22/12/2023, 31, 17, 12, , 2, 4, 
23/12/2023, 31, 15, 19, , 2, 5, 
24/12/2023, 35, 16, 11, , 2, 3, 
25/12/2023, 27, 16, 8, , 2, 4, 
26/12/2023, 29, 17, 7, , 1, 3, 
27/12/2023, 32, 17, 6, , 1, 4, 
28/12/2023, 28, 16, 8, , 1, 4, 
29/12/2023, 29, 18, 6, , 1, 3, 
30/12/2023, 41, 22, 5, , 2, 3, 
31/12/2023, 37, 17, 5, , 1, 3, 
01/01/2024, 32, 16, 8, , 1, 3, 
02/01/2024, 27, 17, 7, , 1, 3, 
03/01/2024, 37, 15, 4, , 1, 4, 
04/01/2024, 26, 12, 7, , 1, 4, 
05/01/2024, 26, 18, 8, , 1, 4, 
06/01/2024, 31, 15, 4, , 1, 4, 
07/01/2024, 23, 14, 8, , 1, 4, 
08/01/2024, 29, 16, 8, , 1, 4, 
09/01/2024, 25, 15, 6, , 1, 3, 
10/01/2024, 25, 19, 5, , 1, 4, 
11/01/2024, 44, 20, 4, , 2, 4, 
12/01/2024, 28, 20, 9, , 2, 5, 
13/01/2024, 51, 29, 11, , 2, 4, 
14/01/2024, 46, 24, 9, , 2, 4, 
15/01/2024, 34, 20, 8, , 2, 4, 
16/01/2024, 27, 18, 9, , 2, 4, 
17/01/2024, 32, 23, 7, , 1, , 
18/01/2024, 41, 28, 6, , 1, 4, 
19/01/2024, 40, 22, 5, , 2, 4, 
20/01/2024, 37, 19, 23, , 2, 4, 
21/01/2024, 35, 19, 17, , 2, 4, 
22/01/2024, 32, 18, 13, , 2, 4, 
23/01/2024, 35, 20, 6, , 2, 4, 
24/01/2024, 38, 20, 6, , 1, 4, 
25/01/2024, 33, 21, 10, , 1, 4, 
26/01/2024, 43, 28, 11, , 1, , 
27/01/2024, 49, 26, 11, , 1, 4, 
28/01/2024, 47, 28, 11, , 1, 4, 
29/01/2024, 55, 30, 11, , 2, 4, 
30/01/2024, 50, 28, 11, , 2, 4, 
31/01/2024, 47, 22, 9, , 1, 4, 
01/02/2024, 32, 23, 7, , 1, 4, 
02/02/2024, 48, 24, 9, , 1, 5, 
03/02/2024, 41, 23, 17, , 1, 5, 
04/02/2024, 46, 23, 11, , 2, 4, 
05/02/2024, 38, 21, 13, , 2, 3, 
06/02/2024, 39, 19, 9, , 2, 2, 
07/02/2024, 33, 19, 9, , 2, 3, 
08/02/2024, 42, 28, 9, , 2, 3, 
09/02/2024, 42, 21, 11, , 2, 3, 
10/02/2024, 41, 29, 12, , 2, 3, 
11/02/2024, 59, 32, 14, , 2, 3, 
12/02/2024, 47, 25, 12, , 2, 4, 
13/02/2024, 49, 27, 9, , 1, 4, 
14/02/2024, 43, 23, 8, , 1, 3, 
15/02/2024, 40, 27, 9, , 1, 3, 
16/02/2024, 54, 30, 9, , 2, 3, 
17/02/2024, 55, 30, 10, , 2, , 
18/02/2024, 56, 25, 11, , , 3, 
19/02/2024, 46, 23, 10, , , 3, 
20/02/2024, 40, 22, 12, , 2, 3, 
21/02/2024, 40, 19, 16, , 2, 3, 
22/02/2024, 38, 24, 10, , 2, 3, 
23/02/2024, 40, 21, 10, , 2, 3, 
24/02/2024, 29, 24, 11, , 2, 3, 
25/02/2024, 44, 28, 9, , 2, 3, 
26/02/2024, 60, 30, 8, , 2, 3, 
27/02/2024, 56, 27, 13, , 1, 3, 
28/02/2024, 43, 24, 11, , 2, 3, 
29/02/2024, 40, 25, 8, , 1, 4, 
01/03/2024, 46, 25, 8, , 1, , 
02/03/2024, 40, 20, 7, , 1, 5, 
03/03/2024, 34, 28, 6, , 1, 4, 
04/03/2024, 53, 21, 4, , 2, 4, 
05/03/2024, 37, 23, 19, , 1, 5, 
06/03/2024, 46, 26, 7, , 1, 5, 
07/03/2024, 51, 21, 6, , 1, 5, 
08/03/2024, 43, 21, 11, , 1, 4, 
09/03/2024, 41, 18, 6, , , 4, 
10/03/2024, 42, 28, 11, , 1, 4, 
11/03/2024, 55, 27, 10, , 1, 3, 
12/03/2024, 54, 25, 13, , 1, 3, 
13/03/2024, 51, 27, 13, , 1, 4, 
14/03/2024, 48, 26, 13, , 1, 4, 
15/03/2024, 45, 25, 13, , 2, 3, 
16/03/2024, 45, 26, 11, , , 3, 
17/03/2024, 50, 21, 14, , 2, 3, 
18/03/2024, 38, 24, 11, , 1, 3, 
19/03/2024, 43, 26, 8, , 2, 3, 
20/03/2024, 52, 29, 9, , 2, 4, 
21/03/2024, 55, 35, 11, , 2, , 
22/03/2024, 61, 27, 12, , 2, 4, 
23/03/2024, 46, 24, 12, , 2, 4, 
24/03/2024, 41, 21, 10, , 2, , 
25/03/2024, 40, 23, 8, , 2, 4, 
26/03/2024, 42, 23, 8, , 2, 4, 
27/03/2024, 36, 22, 6, , 2, 4, 
28/03/2024, 43, 20, 5, , 2, 4, 
29/03/2024, 26, 12, 9, , 2, 4, 
30/03/2024, 20, 14, 34, , 2, 5, 
31/03/2024, 37, 20, 9, , 2, 4, 
01/04/2024, 42, 16, 12, , 2, 3, 
02/04/2024, 29, 14, 10, , 2, 4, 
03/04/2024, 29, 23, 16, , 2, 5, 
04/04/2024, 56, 25, 14, , 2, 4, 
05/04/2024, 44, 18, 11, , 2, 3, 
06/04/2024, 33, 17, 11, , 2, 3, 
07/04/2024, 29, 16, 7, , 2, 3, 
08/04/2024, 38, 25, 9, , 2, 5, 
09/04/2024, 41, 18, 6, , 2, 4, 
10/04/2024, 35, 19, 5, , 2, 3, 
11/04/2024, 36, 19, 4, , 2, 3, 
12/04/2024, 34, 16, 8, , 2, 3, 
13/04/2024, 32, 15, 7, , 2, 4, 
14/04/2024, 24, 15, 8, , 2, , 
15/04/2024, 30, 15, 4, , 2, 5, 
16/04/2024, 29, 18, 10, , 4, 5, 
17/04/2024, 32, 23, 10, , 5, 5, 
18/04/2024, 45, 21, 11, , 2, 4, 
19/04/2024, 38, 17, 7, , 3, 3, 
20/04/2024, 31, 17, 14, , 4, 4, 
21/04/2024, 47, 25, 13, , 2, 6, 
22/04/2024, 54, 22, 9, , 2, 3, 
23/04/2024, 41, 19, 11, , 2, 3, 
24/04/2024, 30, 16, 9, , , , 
25/04/2024, 30, 23, 10, , 2, 4, 
26/04/2024, 48, 21, 10, , 2, 2, 
27/04/2024, 34, 14, 5, , 2, 3, 
28/04/2024, 22, 13, 7, , 2, 2, 
29/04/2024, 23, 14, 8, , 3, 3, 
30/04/2024, 34, 16, 6, , , 2, 
01/05/2024, 22, 13, 4, , 2, 3, 
02/05/2024, 23, 17, 5, , 3, 3, 
03/05/2024, 39, 15, 4, , 2, 3, 
04/05/2024, 29, 16, 5, , 3, 2, 
05/05/2024, 27, 15, 7, , 2, 2, 
06/05/2024, 25, 13, 4, , 2, 3, 
07/05/2024, 31, 22, 12, , 4, 5, 
08/05/2024, 50, 17, 10, , 3, 3, 
09/05/2024, 30, 15, 6, , 2, 4, 
10/05/2024, 33, 20, 7, , 2, 3, 
11/05/2024, 38, 16, 6, , 2, 3, 
12/05/2024, 27, 14, 8, , 2, 4, 
13/05/2024, 30, 20, 15, , 2, 5, 
14/05/2024, 45, 22, 8, , 2, 4, 
15/05/2024, 41, 18, 4, , 2, 3, 
16/05/2024, 36, 20, 6, , 2, 4, 
17/05/2024, 45, 20, 6, , 3, 3, 
18/05/2024, 41, 16, 5, , 2, 3, 
19/05/2024, 28, 12, 4, , 2, 3, 
20/05/2024, 19, 13, 5, , 2, 3, 
21/05/2024, 28, 17, 3, , 3, 4, 
22/05/2024, 39, 16, 7, , 3, 3, 
23/05/2024, 35, 19, 4, , 2, 4, 
24/05/2024, 42, 19, 5, , 2, 4, 
25/05/2024, 41, 15, 7, , 2, 4, 
26/05/2024, 23, 12, 6, , 2, 2, 
27/05/2024, 29, 15, 4, , 2, 2, 
28/05/2024, 43, 23, 5, , 2, 3, 
29/05/2024, 40, 20, 4, , 2, 2, 
30/05/2024, 32, 20, 4, , 2, 3, 
31/05/2024, 40, 18, 3, , 2, 2, 
01/06/2024, 36, 16, 3, , 2, 3, 
02/06/2024, 33, 14, 12, , 2, 3, 
03/06/2024, 34, 19, 10, , 2, 4, 
04/06/2024, 40, 15, 7, , 2, 4, 
05/06/2024, 28, 14, 6, , 3, 3, 
06/06/2024, 34, 21, 6, , 3, 5, 
07/06/2024, 44, 22, 6, , 2, 4, 
08/06/2024, 43, 19, 6, , 2, 4, 
09/06/2024, 29, 16, 8, , 2, 4, 
10/06/2024, 36, 24, 13, , 2, 4, 
11/06/2024, 39, 24, 7, , 2, 4, 
12/06/2024, 42, 21, 9, , 2, 4, 
13/06/2024, 45, 21, 8, , 2, 4, 
14/06/2024, 43, 31, 7, , 2, 5, 
15/06/2024, 57, 21, 9, , 3, 4, 
16/06/2024, 36, 17, 8, , 2, 4, 
17/06/2024, 32, 19, 6, , 4, 4, 
18/06/2024, 33, 20, 5, , 2, 4, 
19/06/2024, 45, 22, 5, , 2, 4, 
20/06/2024, 42, 21, 5, , 2, 3, 
21/06/2024, 41, 21, 4, , 3, 3, 
22/06/2024, 24, 18, 16, , 2, 4, 
23/06/2024, 49, 26, 15, , 2, 4, 
24/06/2024, 47, 21, 9, , 2, 3, 
25/06/2024, 35, 16, 7, , 2, 3, 
26/06/2024, 25, 20, 4, , 2, 4, 
27/06/2024, 38, 17, 5, , 2, 3, 
28/06/2024, 34, 20, 5, , 3, 6, 
29/06/2024, 44, 15, 3, , 4, 4, 
30/06/2024, 27, 17, 11, , 4, 5, 
01/07/2024, 53, 23, 4, , 2, 4, 
02/07/2024, 41, 16, 5, , 1, 3, 
03/07/2024, 36, 19, 7, , 1, 3, 
04/07/2024, 31, 19, 3, , 2, 4, 
05/07/2024, 45, 27, 10, , 4, 5, 
06/07/2024, 68, 27, 9, , 4, 4, 
07/07/2024, 42, 17, 3, , 6, 4, 
08/07/2024, 31, 15, 6, , 5, 4, 
09/07/2024, 28, 14, 4, , 2, 4, 
10/07/2024, 27, 17, 7, , 1, 3, 
11/07/2024, 36, 17, 5, , 1, 3, 
12/07/2024, 40, 23, 11, , 1, 3, 
13/07/2024, 51, 31, 12, , 1, 3, 
14/07/2024, 59, 29, 11, , 1, 3, 
15/07/2024, 61, 27, 9, , , 3, 
16/07/2024, 50, 26, 8, , , 3, 
17/07/2024, 47, 26, 7, , , 3, 
18/07/2024, 54, 24, 8, , 1, 3, 
19/07/2024, 49, 26, 7, , 1, 3, 
20/07/2024, 48, 23, 7, , 1, 3, 
21/07/2024, 47, 28, 10, , 1, 3, 
22/07/2024, 55, 33, 10, , 1, 3, 
23/07/2024, 69, 38, 9, , 1, , 
24/07/2024, 68, 35, 12, , 2, 3, 
25/07/2024, 68, 44, 11, , 1, 3, 
26/07/2024, 76, 38, 9, , 1, 3, 
27/07/2024, 57, 34, 9, , 1, 3, 
28/07/2024, 49, 31, 8, , 1, 3, 
29/07/2024, 53, 29, 9, , 2, 3, 
30/07/2024, 55, 23, 6, , 1, 3, 
31/07/2024, 37, 18, 7, , 1, 4, 
01/08/2024, 45, 17, 6, , 2, 3, 
02/08/2024, 32, 16, 6, , 1, 3, 
03/08/2024, 37, 18, 3, , 1, 3, 
04/08/2024, 31, 18, 6, , 2, 6, 
05/08/2024, 52, 22, 8, , 2, 3, 
06/08/2024, 49, 24, 7, , 2, 4, 
07/08/2024, 49, 20, 6, , 1, 3, 
08/08/2024, 33, 13, 5, , 1, 3, 
09/08/2024, 27, 17, 2, , 1, 5, 
10/08/2024, 45, 18, 4, , 1, 4, 
11/08/2024, 34, 19, 5, , 1, 4, 
12/08/2024, 41, 23, 10, , 1, 4, 
13/08/2024, 57, 27, 8, , 1, 3, 
14/08/2024, 41, 18, 7, , 3, 3, 
15/08/2024, 45, 20, 7, , 3, 2, 
16/08/2024, 37, 17, 6, , 3, 1, 
17/08/2024, 39, 20, 8, , 3, 1, 
18/08/2024, 39, 16, 8, , 3, 2, 
19/08/2024, 33, 17, 5, , 3, 3, 
20/08/2024, 34, 16, 9, , 4, 4, 
21/08/2024, 39, 17, 10, , 4, 3, 
22/08/2024, 52, 17, 7, , 3, 3, 
23/08/2024, 31, 15, 5, , 3, 3, 
24/08/2024, 30, 14, 7, , 3, 3, 
25/08/2024, 39, 23, 9, , 3, 3, 
26/08/2024, 64, 24, 5, , 3, 3, 
27/08/2024, 52, 20, 4, , 4, 3, 
28/08/2024, 37, 21, 7, , 4, 3, 
29/08/2024, 62, 25, 8, , 3, 3, 
30/08/2024, 55, 22, 8, , 2, 3, 
31/08/2024, 49, 21, 8, , 2, 2, 
01/09/2024, 43, 23, 11, , 2, 2, 
02/09/2024, 59, 28, 10, , 2, 3, 
03/09/2024, 61, 30, 8, , 3, 3, 
04/09/2024, 53, 25, 11, , 4, 4, 
05/09/2024, 66, 29, 9, , 2, 3, 
06/09/2024, 56, 31, 7, , 2, 3, 
07/09/2024, 46, 25, 7, , 2, 3, 
08/09/2024, 50, 16, 6, , 4, 3, 
09/09/2024, 34, 13, 6, , 4, 3, 
10/09/2024, 26, 14, 7, , 3, 3, 
11/09/2024, 35, 13, 6, , 2, 3, 
12/09/2024, 25, 13, 8, , 2, 3, 
13/09/2024, 39, 18, 10, , 3, 3, 
14/09/2024, 41, 23, 7, , 3, 3, 
15/09/2024, 51, 22, 9, , 3, 3, 
16/09/2024, 57, 20, 8, , 3, 3, 
17/09/2024, 47, 17, 7, , 5, 2, 
18/09/2024, 30, 23, 10, , 3, 3, 
19/09/2024, 61, 29, 10, , 3, 4, 
20/09/2024, 68, 27, 6, , 3, 3, 
21/09/2024, 51, 23, 11, , 3, 4, 
22/09/2024, 53, 21, 8, , 2, 3, 
23/09/2024, 51, 26, 6, , 2, 4, 
24/09/2024, 54, 22, 6, , 2, 5, 
25/09/2024, 52, 18, 3, , 3, 3, 
26/09/2024, 32, 17, 11, , 5, 4, 
27/09/2024, 42, 15, 6, , 2, 3, 
28/09/2024, 30, 12, 8, , 2, 3, 
29/09/2024, 29, 14, 6, , 2, 3, 
30/09/2024, 34, 13, 3, , 3, 3, 
01/10/2024, 25, 14, 8, , 4, 3, 
02/10/2024, 38, 16, 4, , 2, 3, 
03/10/2024, 38, 22, 9, , 2, 5, 
04/10/2024, 56, 20, 8, , 3, 4, 
05/10/2024, 45, 13, 6, , 3, 3, 
06/10/2024, 26, 16, 7, , 2, 4, 
07/10/2024, 45, 18, 6, , 2, 3, 
08/10/2024, 39, 17, 6, , 2, 3, 
09/10/2024, 34, 16, 6, , 2, 3, 
10/10/2024, 39, 16, 3, , 4, 3, 
11/10/2024, 36, 22, 3, , 3, 4, 
12/10/2024, 48, 27, 13, , 2, 5, 
13/10/2024, 53, 17, 4, , 2, 4, 
14/10/2024, 35, 21, 6, , 3, 5, 
15/10/2024, 46, 17, 7, , 3, 4, 
16/10/2024, 37, 21, 5, , 3, 5, 
17/10/2024, 47, 27, 11, , 3, 6, 
18/10/2024, 61, 27, 11, , 4, 4, 
19/10/2024, 66, 21, 8, , 4, 3, 
20/10/2024, 40, 21, 13, , 5, 3, 
21/10/2024, 56, 24, 17, , 5, 2, 
22/10/2024, 57, 25, 12, , 6, 2, 
23/10/2024, 48, 30, 16, , 5, 2, 
24/10/2024, 69, 34, 7, , 4, 3, 
25/10/2024, 51, 21, 9, , 5, 2, 
26/10/2024, 46, 23, 11, , 6, 1, 
27/10/2024, 52, 23, 13, , 6, 2, 
28/10/2024, 42, 25, 21, , 4, 4, 
29/10/2024, 66, 27, 10, , 3, 4, 
30/10/2024, 57, 30, 12, , 1, 4, 
31/10/2024, 63, 20, 8, , 1, 3, 
01/11/2024, 40, 21, 4, , 1, 4, 
02/11/2024, 49, 16, 4, , 1, 4, 
03/11/2024, 37, 22, 2, , 1, 5, 
04/11/2024, 47, 20, 2, , 1, 5, 
05/11/2024, 40, 20, 4, , 1, 4, 
06/11/2024, 45, 19, 6, , 2, 3, 
07/11/2024, 45, 20, 9, , 2, 5, 
08/11/2024, 41, 17, 5, , 2, 4, 
09/11/2024, 46, 19, 8, , 2, 4, 
10/11/2024, 36, 14, 6, , 2, 4, 
11/11/2024, 41, 23, 2, , 2, 4, 
12/11/2024, 59, 28, 1, , 2, 5, 
13/11/2024, 49, 24, 2, , 2, 5, 
14/11/2024, 41, 22, 6, , 2, 5, 
15/11/2024, 44, 26, 7, , 2, 5, 
16/11/2024, 45, 18, 6, , 2, 5, 
17/11/2024, 26, 12, 5, , 2, 4, 
18/11/2024, 25, 11, 5, , 2, 3, 
19/11/2024, 24, 13, 6, , 2, 4, 
20/11/2024, 29, 15, 12, , 3, 4, 
21/11/2024, 29, 19, 10, , 2, 4, 
22/11/2024, 30, 13, 16, , 2, 4, 
23/11/2024, 22, 16, 11, , 2, 4, 
24/11/2024, 34, 14, 8, , 2, 4, 
25/11/2024, 28, 16, 4, , 2, 3, 
26/11/2024, 31, 18, 13, , 2, 4, 
27/11/2024, 42, 20, 5, , 2, 2, 
28/11/2024, 42, 19, 6, , 3, 2, 
29/11/2024, 25, 14, 18, , 3, 4, 
30/11/2024, 39, 17, 14, , 3, 3, 
01/12/2024, 28, 15, 12, , 3, 4, 
02/12/2024, 34, 18, 13, , 3, 4, 
03/12/2024, 43, 19, 7, , 3, 4, 
04/12/2024, 39, 19, 14, , 3, 2, 
05/12/2024, 38, 20, 16, , 3, 3, 
06/12/2024, 37, 19, 15, , 3, 2, 
07/12/2024, 29, 16, 11, , 3, 2, 
08/12/2024, 25, 13, 11, , 3, 2, 
09/12/2024, 20, 14, 12, , 2, 2, 
10/12/2024, 23, 15, 16, , 2, 3, 
11/12/2024, 29, 17, 12, , 1, 3, 
12/12/2024, 39, 21, 6, , 1, 3, 
13/12/2024, 35, 19, 10, , 1, 4, 
14/12/2024, 44, 18, 11, , 2, 4, 
15/12/2024, 36, 19, 11, , 2, 4, 
16/12/2024, 34, 18, 10, , 2, 3, 
17/12/2024, 22, 16, 9, , 2, 3, 
18/12/2024, 32, 15, 12, , 2, 3, 
19/12/2024, 29, 17, 12, , 2, 4, 
20/12/2024, 38, 25, 13, , 2, 4, 
21/12/2024, 50, 28, 15, , 2, 4, 
22/12/2024, 50, 25, 14, , 2, 4, 
23/12/2024, 49, 19, 7, , 1, 4, 
24/12/2024, 36, 19, 11, , 1, 4, 
25/12/2024, 36, 17, 14, , 1, 5, 
26/12/2024, 38, 23, 16, , 2, 4, 
27/12/2024, 35, 17, 13, , 2, 3, 
28/12/2024, 28, 14, 10, , 1, 3, 
29/12/2024, 24, , , , , , 
31/12/2024, , 18, 12, , 1, 4, 
01/01/2025, 31, 18, 12, , 1, 4, 
02/01/2025, 39, 19, 10, , 2, 4, 
03/01/2025, 37, 19, 8, , 1, 4, 
04/01/2025, 37, 20, 9, , 1, 3, 
05/01/2025, 37, 18, 13, , 1, 3, 
06/01/2025, 40, 24, 15, , 1, 3, 
07/01/2025, 42, 20, 14, , 1, 3, 
08/01/2025, 39, 20, 15, , 1, 3, 
09/01/2025, 45, 25, 14, , 1, 4, 
10/01/2025, 34, 10, 12, , 2, 4, 
11/01/2025, 26, 16, 12, , 1, 4, 
12/01/2025, 26, 14, 12, , 1, 3, 
13/01/2025, 20, 11, 12, , 1, 2, 
14/01/2025, 22, 17, 14, , 2, 4, 
15/01/2025, 54, 21, 12, , 2, 3, 
16/01/2025, 35, 21, 12, , 2, 2, 
17/01/2025, 32, 18, 8, , 1, 2, 
18/01/2025, 35, 14, 8, , 1, 3, 
19/01/2025, 34, 19, 9, , 1, 2, 
20/01/2025, 41, 19, 8, , 1, 2, 
21/01/2025, 35, 23, 10, , 1, 3, 
22/01/2025, 56, 24, 8, , 1, 3, 
23/01/2025, 39, 16, 5, , 1, 3, 
24/01/2025, 34, 17, 7, , 2, 3, 
25/01/2025, 32, 19, 9, , 10, 2, 
26/01/2025, 34, 14, 7, , 2, 2, 
27/01/2025, 30, 21, 13, , 2, 2, 
28/01/2025, 50, 29, 13, , 2, 3, 
29/01/2025, 51, 24, 14, , 2, 3, 
30/01/2025, 47, 23, 14, , 2, 3, 
31/01/2025, 42, 23, 15, , 2, 3, 
01/02/2025, 45, 22, 18, , 2, 3, 
02/02/2025, 43, 24, 16, , 3, 4, 
03/02/2025, 58, 22, 10, , 2, 2, 
04/02/2025, 35, 13, 12, , 1, 2, 
05/02/2025, 30, 27, 15, , 1, 3, 
06/02/2025, 66, 26, 12, , 1, 3, 
07/02/2025, 42, 22, 12, , 1, 3, 
08/02/2025, 42, 20, 13, , 2, 2, 
09/02/2025, 36, 23, 13, , 1, 3, 
10/02/2025, 42, 19, 11, , 1, 3, 
11/02/2025, 32, 18, 22, , 1, 3, 
12/02/2025, 40, 20, 22, , 1, 3, 
13/02/2025, 41, 17, 14, , 1, 3, 
14/02/2025, 28, 14, 13, , 1, 3, 
15/02/2025, 31, 15, 14, , 1, 3, 
16/02/2025, 32, 17, 16, , 1, 4, 
17/02/2025, 37, 17, 10, , 2, 4, 
18/02/2025, 27, 18, 11, , 1, 4, 
19/02/2025, 42, 23, 12, , 2, 4, 
20/02/2025, 37, 21, 13, , 1, 4, 
21/02/2025, 42, 19, 10, , 1, 4, 
22/02/2025, 33, 16, 9, , 1, 4, 
23/02/2025, 30, 15, 8, , 1, 3, 
24/02/2025, 27, 12, 8, , 1, 3, 
25/02/2025, 28, 17, 13, , 1, 3, 
26/02/2025, 40, 20, 10, , 2, 3, 
27/02/2025, 39, 19, 15, , 2, 3, 
28/02/2025, 40, 23, 10, , 2, 3, 
01/03/2025, 47, 19, 10, , 1, 3, 
02/03/2025, 33, 17, 17, , 1, 3, 
03/03/2025, 35, 20, 13, , 1, 3, 
04/03/2025, 43, 18, 7, , 1, 3, 
05/03/2025, 42, 15, 5, , 2, 3, 
06/03/2025, 30, 13, 28, , 4, 3, 
07/03/2025, 29, 16, 26, , 2, 3, 
08/03/2025, 34, 16, 7, , 1, 3, 
09/03/2025, 36, 15, 8, , 1, 3, 
10/03/2025, 28, 14, 10, , 1, 2, 
11/03/2025, 29, 13, 5, , 1, 2, 
12/03/2025, 34, 16, 10, , 1, 3, 
13/03/2025, 34, 15, 8, , 1, 2, 
14/03/2025, 28, 16, 10, , 1, 3, 
15/03/2025, 30, 15, 11, , 2, 3, 
16/03/2025, 28, 13, 8, , 2, 3, 
17/03/2025, 28, 17, 9, , 2, 3, 
18/03/2025, 41, 22, 9, , 2, 4, 
19/03/2025, 46, 13, 10, , 2, 4, 
20/03/2025, 28, 15, 12, , 2, 4, 
21/03/2025, 46, 21, 12, , 1, 3, 
22/03/2025, 44, 13, 11, , 1, 3, 
23/03/2025, 21, 16, 8, , 1, 3, 
24/03/2025, 41, 29, 17, , 2, 4, 
25/03/2025, 65, 40, 21, , 2, 4, 
26/03/2025, 76, 36, 14, , 2, 4, 
27/03/2025, 67, 32, 10, , 2, 4, 
28/03/2025, 50, 28, 15, , 3, 5, 
29/03/2025, 59, 26, 13, , 3, 4, 
30/03/2025, 49, 21, 11, , 3, 4, 
31/03/2025, 49, 18, 12, , 4, 4, 
01/04/2025, 45, 19, 11, , 3, 3, 
02/04/2025, 40, 17, 10, , 3, 3, 
03/04/2025, 29, 17, 6, , 2, 3, 
04/04/2025, 38, 20, 12, , 1, 4, 
05/04/2025, 34, 18, 13, , 2, 3, 
06/04/2025, 30, 12, 8, , 1, 3, 
07/04/2025, 20, 17, 8, , 2, 3, 
08/04/2025, 33, 16, 9, , 2, 4, 
09/04/2025, 31, 17, 17, , 2, 4, 
10/04/2025, 46, 18, 11, , 2, 3, 
11/04/2025, 31, 11, 16, , 3, 3, 
12/04/2025, 21, 11, 7, , 4, 2, 
13/04/2025, 25, 14, 13, , 3, 3, 
14/04/2025, 31, 17, 14, , 2, 4, 
15/04/2025, 30, 19, 17, , 2, 5, 
16/04/2025, 52, 20, 6, , 3, 4, 
17/04/2025, 34, 17, 8, , 1, 7, 
18/04/2025, 36, 25, 9, , 1, 5, 
19/04/2025, 44, 22, 15, , 1, 5, 
20/04/2025, 39, 21, 10, , 1, 5, 
21/04/2025, 37, 19, 9, , 1, 4, 
22/04/2025, 37, 19, 7, , 1, 2, 
23/04/2025, 35, 25, 17, , 1, 3, 
24/04/2025, 60, 27, 16, , 1, 2, 
25/04/2025, 47, 20, 10, , 1, 1, 
26/04/2025, 32, 22, 11, , 1, 3, 
27/04/2025, 39, 18, 10, , 1, 2, 
28/04/2025, 39, 25, 21, , 1, 3, 
29/04/2025, 52, 22, 13, , 2, 2, 
30/04/2025, 40, 25, 12, , 4, 3, 
01/05/2025, 36, 26, 14, , 4, 4, 
02/05/2025, 47, 27, 1, , 4, 3, 
03/05/2025, 36, 19, , , 4, 3, 
04/05/2025, 31, 19, 7, , 2, 4, 
05/05/2025, 42, 17, 11, , 2, 3, 
06/05/2025, 29, 23, 13, , 3, 4, 
07/05/2025, 50, 30, 8, , 2, 3, 
08/05/2025, 50, 26, 10, , 1, 4, 
09/05/2025, 54, 26, 13, , 1, 4, 
10/05/2025, 57, 26, 22, , 1, 5, 
11/05/2025, 41, 17, 16, , 1, 4, 
12/05/2025, 37, 22, 11, , 1, 4, 
13/05/2025, 48, 24, 6, , 2, 2, 
14/05/2025, 46, 26, 8, , 2, 3, 
15/05/2025, 47, 23, 11, , 2, 2, 
16/05/2025, 42, 21, 17, , 2, 2, 
17/05/2025, 33, 16, 9, , 2, 2, 
18/05/2025, 22, 12, 11, , 2, 3, 
19/05/2025, 25, 15, 8, , 1, 3, 
20/05/2025, 27, 22, 9, , 2, 3, 
21/05/2025, 45, 25, 7, , 2, 4, 
22/05/2025, 54, 26, 8, , 2, 4, 
23/05/2025, 39, 25, 7, , 2, 3, 
24/05/2025, 65, 33, 17, , 1, 3, 
25/05/2025, 44, 19, 15, , 1, 3, 
26/05/2025, 41, 24, 23, , 1, 3, 
27/05/2025, 45, 29, 18, , 1, 4, 
28/05/2025, 53, 24, 8, , 1, 3, 
29/05/2025, 42, 25, 9, , 2, 3, 
30/05/2025, 47, 21, 10, , 2, 3, 
31/05/2025, 40, 17, 10, , 2, 3, 
01/06/2025, 32, 16, 8, , 2, 2, 
02/06/2025, 33, 22, 4, , 2, 3, 
03/06/2025, 44, 26, 8, , 2, 4, 
04/06/2025, 54, 25, 7, , 2, 4, 
05/06/2025, 50, 22, 4, , 2, 4, 
06/06/2025, 39, 13, 8, , 2, 3, 
07/06/2025, 23, 13, 7, , 1, 4, 
08/06/2025, 28, 17, 6, , 1, 4, 
09/06/2025, 38, 17, 3, , 1, 3, 
10/06/2025, 32, 16, 5, , 2, 3, 
11/06/2025, 37, 24, 6, , 1, 3, 
12/06/2025, 48, 22, 4, , 1, 3, 
13/06/2025, 35, 17, 7, , 1, 3, 
14/06/2025, 29, 12, 6, , 1, 3, 
15/06/2025, 20, 15, 6, , 2, 3, 
16/06/2025, 36, 23, 5, , 2, 4, 
17/06/2025, 52, 18, 6, , 3, 2, 
18/06/2025, 32, 19, 11, , 5, 3, 
19/06/2025, 44, 24, 11, , 3, 3, 
20/06/2025, 51, 28, 10, , 2, 4, 
21/06/2025, 60, 24, 12, , 1, 3, 
22/06/2025, 48, 20, 6, , 2, 3, 
23/06/2025, 42, 24, 8, , 3, 3, 
24/06/2025, 44, 19, 7, , 3, 2, 
25/06/2025, 37, 19, 8, , 2, 2, 
26/06/2025, 39, 26, 11, , 2, 2, 
27/06/2025, 60, 30, 7, , 2, 2, 
28/06/2025, 49, 20, 10, , 2, 1, 
29/06/2025, 35, 17, 9, , 3, 2, 
30/06/2025, 48, 20, 10, , 3, 2, 
01/07/2025, 40, 18, 5, , 2, 3, 
02/07/2025, 44, 28, 9, , 3, 4, 
03/07/2025, 61, 26, 8, , 3, 2, 
04/07/2025, 42, 22, 8, , 2, 3, 
05/07/2025, 47, 18, 9, , 2, 2, 
06/07/2025, 31, 18, 7, , 2, 2, 
07/07/2025, 32, 18, 7, , 2, 2, 
08/07/2025, 36, 18, 8, , 2, 2, 
09/07/2025, 40, 20, 8, , 2, 2, 
10/07/2025, 36, 20, 6, , 3, 3, 
11/07/2025, 47, 20, 5, , 4, 2, 
12/07/2025, 42, 22, 8, , 3, 2, 
13/07/2025, 28, 16, 6, , 2, 3, 
14/07/2025, 39, 19, 7, , 1, 3, 
15/07/2025, 37, 23, 10, , 1, 3, 
16/07/2025, 48, 24, 9, , 2, 3, 
17/07/2025, 44, 22, 10, , 2, 3, 
18/07/2025, 48, 29, 10, , 2, 3, 
19/07/2025, 59, 33, 12, , 2, 3, 
20/07/2025, 59, 28, 10, , 2, 3, 
21/07/2025, 52, 30, 11, , 2, 3, 
22/07/2025, 50, 31, 12, , 2, 3, 
23/07/2025, 62, 28, 10, , 2, 3, 
24/07/2025, 50, 24, 6, , 3, 2, 
25/07/2025, 47, 27, 3, , 2, 3, 
26/07/2025, 42, 16, 4, , 2, 3, 
27/07/2025, 29, 23, 3, , 2, 3, 
28/07/2025, 37, 28, 11, , 1, 3, 
29/07/2025, 45, 27, 12, , 1, 3, 
30/07/2025, 52, 25, 9, , 1, 3, 
31/07/2025, 43, 23, 8, , 1, 2, 
01/08/2025, 39, 22, 9, , 1, 2, 
02/08/2025, 46, 21, 6, , 1, 3, 
03/08/2025, 37, 20, 5, , 5, 3, 
04/08/2025, 43, 18, 12, , 5, 2, 
05/08/2025, 25, 14, 7, , 2, 3, 
06/08/2025, 33, 21, 11, , 2, 2, 
07/08/2025, 54, 32, 10, , 2, 3, 
08/08/2025, 57, 28, 10, , 3, 4, 
09/08/2025, 57, 27, 8, , 3, 4, 
10/08/2025, 51, 21, 4, , 2, 4, 
11/08/2025, 43, 18, 10, , 3, 3, 
12/08/2025, 40, 18, 8, , 5, 3, 
13/08/2025, 27, 15, 7, , 4, 3, 
14/08/2025, 31, 15, 6, , 3, 3, 
15/08/2025, 25, 20, 11, , 2, 2, 
16/08/2025, 46, 25, 12, , 2, 2, 
17/08/2025, 40, 21, 3, , 2, 2, 
18/08/2025, 37, 18, 2, , 3, 3, 
19/08/2025, 34, 16, 2, , 4, 3, 
20/08/2025, 34, 20, 9, , 3, 3, 
21/08/2025, 39, 25, 19, , 1, 4, 
22/08/2025, 50, 23, 8, , 2, 3, 
23/08/2025, 55, 30, 9, , 3, 4, 
24/08/2025, 55, 17, 9, , 2, 3, 
25/08/2025, 30, 20, 11, , 2, 3, 
26/08/2025, 49, 31, 13, , 3, 3, 
27/08/2025, 67, 33, 8, , 3, 3, 
28/08/2025, 53, 25, 12, , 4, 4, 
29/08/2025, 56, 27, 5, , 4, 3, 
30/08/2025, 34, 17, 10, , 4, 3, 
31/08/2025, 42, 20, 3, , 4, 3, 
01/09/2025, 35, 17, 2, , 5, 3, 
02/09/2025, 30, 12, 7, , 4, 2, 
03/09/2025, 24, 16, 3, , 2, 3, 
04/09/2025, 36, 18, 5, , 4, 4, 
05/09/2025, 32, 15, 9, , 2, 3, 
06/09/2025, 34, 22, 7, , 2, 3, 
07/09/2025, 40, 24, 10, , 3, 4, 
08/09/2025, 47, 22, 6, , 3, 3, 
09/09/2025, 41, 23, 8, , 5, 5, 
10/09/2025, 44, 31, 4, , 3, 5, 
11/09/2025, 51, 22, 7, , 8, 3, 
12/09/2025, 43, 17, 4, , 7, 3, 
13/09/2025, 36, 14, 10, , 4, 4, 
14/09/2025, 34, 18, 2, , 4, 4, 
15/09/2025, 40, 26, 7, , 4, 5, 
16/09/2025, 53, 19, 3, , 3, 3, 
17/09/2025, 31, 16, 8, , 2, 3, 
18/09/2025, 42, 22, 8, , 2, 3, 
19/09/2025, 40, 23, 9, , 3, 4, 
20/09/2025, 41, 18, 8, , 3, 3, 
21/09/2025, 26, 15, 8, , 3, 3, 
22/09/2025, 33, 22, 7, , 3, 3, 
23/09/2025, 33, 22, 8, , 3, 3, 
24/09/2025, 46, 22, 12, , 4, 3, 
25/09/2025, 50, 31, 15, , 3, 4, 
26/09/2025, 69, 33, 11, , 2, 4, 
27/09/2025, 62, 33, 9, , 2, 5, 
28/09/2025, 63, 19, 7, , 2, 3, 
29/09/2025, 25, 17, 7, , 2, 3, 
30/09/2025, 39, 20, 8, , 2, 3, 
01/10/2025, 30, 18, 11, , 2, 4, 
02/10/2025, 44, 23, 9, , 4, 3, 
03/10/2025, 43, 17, 8, , 4, 3, 
04/10/2025, 32, 19, 11, , 3, 4, 
05/10/2025, 49, 25, 7, , 2, 4, 
06/10/2025, 52, 23, 8, , 2, 4, 
07/10/2025, 49, 21, 9, , 1, 4, 
08/10/2025, 43, 22, 6, , 1, 4, 
09/10/2025, 37, 20, 8, , 3, 3, 
10/10/2025, 49, 30, 9, , 5, 4, 
11/10/2025, 54, 31, 12, , 2, 4, 
12/10/2025, 55, 23, 11, , 2, 4, 
13/10/2025, 54, 26, 9, , 2, 3, 
14/10/2025, 44, 19, 7, , 2, 2, 
15/10/2025, 38, 22, 12, , 3, 3, 
16/10/2025, 46, 27, 17, , 2, 4, 
17/10/2025, 53, 28, 12, , 3, 3, 
18/10/2025, 49, 23, 10, , 4, 2, 
19/10/2025, 44, 17, 12, , 4, 2, 
20/10/2025, 35, 18, 9, , 3, 3, 
21/10/2025, 49, 24, 11, , 3, 3, 
22/10/2025, 36, 19, 9, , 4, 2, 
23/10/2025, 35, 19, 8, , 6, 2, 
24/10/2025, 37, 18, 6, , 6, 2, 
25/10/2025, 33, 20, 12, , 6, 2, 
26/10/2025, 46, 25, 8, , 7, 3, 
27/10/2025, 45, 34, 12, , 3, 4, 
28/10/2025, 69, 37, 11, , 4, 3, 
29/10/2025, 58, 35, 18, , 6, 3, 
30/10/2025, 72, 36, 14, , 5, 3, 
31/10/2025, 63, 27, 14, , 4, 3, 
01/11/2025, 55, 21, 10, , 2, 3, 
02/11/2025, 46, 22, 6, , 3, 4, 
03/11/2025, 46, 31, 14, , 5, 4, 
04/11/2025, 64, 33, 10, , 4, 3, 
05/11/2025, 58, 34, 7, , 5, 3, 
06/11/2025, 60, 31, 8, , 6, 3, 
07/11/2025, 57, 30, 12, , 7, 3, 
08/11/2025, 61, 34, 12, , 5, 4, 
09/11/2025, 71, 32, 11, , 4, 3, 
10/11/2025, 47, 27, 23, , 4, 4, 
11/11/2025, 61, 31, 7, , 6, 4, 
12/11/2025, 56, 28, 6, , 4, 5, 
13/11/2025, 53, 25, 8, , 1, 5, 
14/11/2025, 53, 20, 14, , 1, 4, 
15/11/2025, 39, 22, 12, , 1, 4, 
16/11/2025, 39, 21, 11, , 1, 5, 
17/11/2025, 52, 25, 12, , 1, 5, 
18/11/2025, 54, 24, 14, , 2, 4, 
19/11/2025, 43, 19, 12, , 1, 4, 
20/11/2025, 40, 19, 7, , 1, 4, 
21/11/2025, 37, 19, 12, , 3, 4, 
22/11/2025, 32, 15, 7, , 3, 3, 
23/11/2025, 31, 15, 8, , 5, 4, 
24/11/2025, 31, 17, 3, , 4, 4, 
25/11/2025, 36, 21, 6, , 4, 5, 
26/11/2025, 46, 24, 4, , 5, 4, 
27/11/2025, 38, 16, 9, , 2, 3, 
28/11/2025, 29, 16, 16, , 2, 3, 
29/11/2025, 37, 25, 23, , 2, 4, 
30/11/2025, 60, 29, 20, , 2, 4, 
01/12/2025, 66, 27, 8, , 2, 4, 
02/12/2025, 44, 28, 18, , 5, 6, 
03/12/2025, 62, 26, 8, , 3, 4, 
04/12/2025, 46, 21, 9, , 1, 5, 
05/12/2025, 48, 20, 8, , 1, 3, 
06/12/2025, 40, 23, 7, , 1, 3, 
07/12/2025, 76, 31, 10, , 1, 3, 
08/12/2025, 51, 37, 11, , 1, 3, 
09/12/2025, 56, 28, 6, , 1, 3, 
10/12/2025, 41, 25, 12, , 3, 5, 
11/12/2025, 61, 28, 17, , 3, 4, 
12/12/2025, 48, 21, 11, , 1, 3, 
13/12/2025, 38, 26, 10, , 2, 3, 
14/12/2025, 30, 53, 4, , , 4, 
15/12/2025, 34, , , , , , 
06/03/2026,38,17,9,,2,3,
07/03/2026,25,20,9,,2,3,
09/03/2026,80,26,8,,2,3,
10/03/2026,30,25,15,,2,3,
11/03/2026,46,23,16,,3,2,
12/03/2026,30,26,13,,2,3,
27/03/2026,72,28,12,,2,5,
2026/03/27,57,29,13,,2,5,
2026/03/27,57,29,13,,2,5,
2026/03/27,57,29,13,,2,5,
2026/03/27,57,29,13,,2,5,
2026/03/27,57,29,13,,2,5,
2026/03/27,57,29,13,,2,5,
