date,pm25,pm10,o3,no2,so2,co,psi
31/12/2013, , 25, 18, 6, 1, 4, 29
01/01/2014, 58, 29, 20, 5, 1, 3, 35
02/01/2014, 63, 30, 14, 3, 1, 3, 30
03/01/2014, 67, 21, 16, 5, 1, 3, 24
04/01/2014, 55, 16, 9, 5, , 2, 13
05/01/2014, 37, 13, 8, 8, , 3, 20
06/01/2014, 34, 27, 11, 8, 2, 4, 34
07/01/2014, 63, 29, 14, 6, 2, 3, 28
08/01/2014, 65, 20, 10, 4, 1, , 19
09/01/2014, 49, 17, 12, 5, 3, 3, 24
10/01/2014, 42, 14, 13, 5, 2, 3, 16
11/01/2014, 34, 16, 10, 4, , , 20
12/01/2014, 39, 21, 16, 5, 1, , 27
13/01/2014, 44, 28, 14, 5, 1, , 33
14/01/2014, 51, 30, 24, 4, 1, 2, 36
15/01/2014, 54, 34, 34, 4, 1, 3, 37
16/01/2014, 63, 31, 29, 3, , 3, 31
17/01/2014, 65, 25, 24, 3, , 2, 28
18/01/2014, 52, 27, 24, 3, , 1, 29
19/01/2014, 48, 28, 23, 5, 2, 2, 30
20/01/2014, 53, 29, 25, 4, 1, 3, 34
21/01/2014, 58, 32, 23, 6, 1, 3, 33
22/01/2014, 63, 36, 28, 5, 1, 3, 45
23/01/2014, 74, 42, 26, 4, , 3, 47
24/01/2014, 84, 40, 28, 4, , 3, 42
25/01/2014, 80, 38, 34, 3, , 3, 38
26/01/2014, 74, 33, 23, 5, , 3, 31
27/01/2014, 69, 28, 24, 3, 1, 2, 32
28/01/2014, 62, 27, 21, 4, 1, 1, 26
29/01/2014, 53, 22, 22, 2, 1, 2, 24
30/01/2014, 49, 23, 22, 2, , 2, 26
31/01/2014, 53, 20, 24, 4, 1, 2, 24
01/02/2014, 48, 22, 24, 3, 1, 2, 23
02/02/2014, 54, 21, 28, 5, 1, 4, 21
03/02/2014, 52, 24, 29, 6, 4, 3, 30
04/02/2014, 60, 30, 29, 6, 7, , 32
05/02/2014, 70, 24, 28, 5, 2, 3, 24
06/02/2014, 58, 23, 22, 7, 3, 3, 25
07/02/2014, 54, 32, 33, 10, 3, 5, 39
08/02/2014, 70, 34, 27, 8, 4, 4, 30
09/02/2014, 74, 31, 19, 11, 6, 4, 31
10/02/2014, 72, 29, 24, 7, 7, 2, 29
11/02/2014, 67, 29, 21, 5, 8, 2, 29
12/02/2014, 62, 29, 17, 5, 1, , 34
13/02/2014, 62, 29, 15, 5, 2, 2, 31
14/02/2014, 60, 29, 22, 3, 1, 3, 35
15/02/2014, 60, 30, 22, 2, 1, , 31
16/02/2014, 61, 29, 17, 4, 1, , 34
17/02/2014, 59, 29, 18, 6, 1, , 34
18/02/2014, 61, 29, 17, 5, 1, , 32
19/02/2014, 64, 29, 19, 5, 1, 3, 26
20/02/2014, 65, 26, 17, 3, , 2, 30
21/02/2014, 56, 27, 21, 2, , 2, 33
22/02/2014, 55, 27, 26, 2, , 3, 32
23/02/2014, 53, 29, 29, 4, , 3, 35
24/02/2014, 59, 29, 24, 4, , , 35
25/02/2014, 57, 27, 22, 3, , , 32
26/02/2014, 55, 26, 19, 3, , 2, 30
27/02/2014, 51, 24, 18, 3, , 5, 33
28/02/2014, 51, 27, 21, 4, , 3, 32
01/03/2014, 57, 26, 36, 5, 5, 3, 28
02/03/2014, 55, 26, 25, 9, 9, 3, 31
03/03/2014, 59, 35, 34, 7, 3, 4, 46
04/03/2014, 74, 36, 23, 5, 7, 3, 29
05/03/2014, 77, 25, 21, 5, 7, 2, 31
06/03/2014, 57, 34, 24, 6, 2, 3, 44
07/03/2014, 72, 40, 30, 6, 4, 3, 46
08/03/2014, 87, 37, 29, 2, 6, 3, 40
09/03/2014, 76, 36, 28, 3, 3, 3, 44
10/03/2014, 80, 36, 26, 3, 1, 3, 46
11/03/2014, 77, 35, 26, 5, 1, 3, 58
12/03/2014, 74, 48, 36, 6, 3, 4, 56
13/03/2014, 96, 50, 29, 4, 5, 5, 56
14/03/2014, 108, 33, 13, 4, 2, 3, 38
15/03/2014, 71, 22, 7, 3, 1, 3, 24
16/03/2014, 50, 14, 4, 5, , 3, 19
17/03/2014, 37, 22, 5, 6, 1, 4, 26
18/03/2014, 53, 24, 11, 9, 1, 4, 31
19/03/2014, 55, 28, 14, 10, 1, 4, 33
20/03/2014, 61, 25, 25, 13, 2, 3, 33
21/03/2014, 60, 31, 26, 4, 3, 3, 39
22/03/2014, 69, 32, 23, 3, 1, 2, 28
23/03/2014, 70, 24, 19, 4, 1, 2, 32
24/03/2014, 56, 28, 19, 4, , 2, 35
25/03/2014, 61, 27, 12, 4, , 2, 35
26/03/2014, 56, 28, 16, 7, 3, 2, 35
27/03/2014, 61, 28, 15, 9, 7, 3, 38
28/03/2014, 61, 27, 16, 11, 4, 3, 25
29/03/2014, 61, 31, 22, 13, 3, 5, 31
30/03/2014, 70, 25, 14, 9, 4, 2, 23
31/03/2014, 65, 31, 22, 13, 6, 5, 
01/04/2014, 73, 31, 26, 15, 10, 4, 
02/04/2014, 70, 27, 16, 11, 9, 2, 
03/04/2014, 64, 26, 26, 10, 3, 3, 
04/04/2014, 60, 25, 15, 4, 3, 2, 
05/04/2014, 59, 17, 23, 2, 2, 2, 
06/04/2014, 44, 18, 20, 8, 2, 3, 
07/04/2014, 46, 26, 26, 10, 5, 3, 
08/04/2014, 61, 28, 24, 9, 5, 4, 
09/04/2014, 63, 29, 12, 12, 4, 4, 
10/04/2014, 64, 30, 20, 10, 6, 5, 
11/04/2014, 68, 26, 13, 7, 2, 4, 55
12/04/2014, 61, 25, 29, 8, 2, 4, 57
13/04/2014, 61, 29, 14, 10, 5, 4, 55
14/04/2014, 70, 33, 22, 19, 9, 4, 
15/04/2014, , 31, 13, 8, 3, 3, 
16/04/2014, 72, 30, 10, 25, 7, 4, 
17/04/2014, 68, 40, 20, 22, 8, 4, 
18/04/2014, 85, 29, 14, 8, 5, 3, 
19/04/2014, 68, 32, 7, 19, 10, 3, 
20/04/2014, 74, 20, 12, 17, 5, 3, 
21/04/2014, 50, 26, 4, 5, 6, 3, 
22/04/2014, 61, 28, 7, 13, 5, 4, 
23/04/2014, 63, 30, 10, 28, 6, 5, 
24/04/2014, 70, 23, 15, 9, 4, 3, 
25/04/2014, 61, 38, 28, 30, 8, 4, 
26/04/2014, 82, 40, 6, 19, 5, 6, 
27/04/2014, 89, 33, 24, 15, 14, 4, 
28/04/2014, 76, 25, 11, 21, 7, 3, 
29/04/2014, 61, 33, 19, 12, 5, 3, 
30/04/2014, 76, 36, 4, 32, 5, 5, 
01/05/2014, 78, 26, 13, 19, 5, 2, 
02/05/2014, 59, 25, 9, 18, 14, 3, 
03/05/2014, 59, 21, 9, 18, 8, 2, 
04/05/2014, 53, 27, 13, 20, 5, 3, 
05/05/2014, 63, 30, 4, 9, 5, 3, 
06/05/2014, 68, 23, 22, 9, 4, 4, 50
07/05/2014, 57, 18, 10, 12, 3, 3, 46
08/05/2014, 46, 32, 8, 35, 5, 8, 66
09/05/2014, 72, 32, 13, 18, 6, 5, 45
10/05/2014, 70, 28, 13, 16, 8, 4, 56
11/05/2014, 63, 30, 9, 19, 6, 5, 56
12/05/2014, 69, 29, 14, 12, 12, 5, 61
13/05/2014, 65, 25, 16, 13, 6, 4, 55
14/05/2014, 58, 19, 16, 10, 4, 3, 52
15/05/2014, 51, 20, 11, 17, 9, 3, 46
16/05/2014, 53, 22, 16, 14, 10, 2, 44
17/05/2014, 51, 15, 12, 8, 4, 3, 37
18/05/2014, 34, 16, 7, 14, 5, 4, 48
19/05/2014, 43, 20, 11, 20, 11, 3, 43
20/05/2014, 49, 24, 14, 16, 6, 4, 62
21/05/2014, 58, 36, 12, 19, 6, 6, 55
22/05/2014, 76, 22, 7, 13, 13, 3, 38
23/05/2014, 53, 27, 13, 14, 9, 6, 52
24/05/2014, 59, 23, 9, 13, 8, 5, 40
25/05/2014, 54, 21, 6, 15, 7, 5, 42
26/05/2014, 54, 23, 13, 9, 3, 6, 59
27/05/2014, 57, 18, 13, 10, 8, 3, 36
28/05/2014, 42, 26, 16, 15, 11, 6, 57
29/05/2014, 58, 26, 14, 13, 11, 4, 57
30/05/2014, 63, 19, 12, 10, 8, 4, 43
31/05/2014, 49, 16, 8, 7, 13, 3, 32
01/06/2014, 39, 20, 6, 13, 11, 6, 51
02/06/2014, 54, 24, 11, 12, 15, 4, 48
03/06/2014, 60, 23, 5, 11, 12, 6, 45
04/06/2014, 57, 21, 4, 7, 12, 4, 48
05/06/2014, 49, 17, 4, 7, 10, 4, 41
06/06/2014, 40, 23, 8, 8, 8, 8, 49
07/06/2014, 55, 21, 9, 6, 15, 4, 39
08/06/2014, 52, 21, 13, 12, 20, 4, 46
09/06/2014, 53, 32, 8, 12, 15, 7, 56
10/06/2014, 69, 25, 11, 9, 11, 4, 48
11/06/2014, 59, 24, 9, 9, 11, 4, 46
12/06/2014, 50, 28, 15, 11, 13, 5, 52
13/06/2014, 58, 25, 5, 12, 24, 4, 44
14/06/2014, 57, 28, 12, 6, 15, 5, 42
15/06/2014, 52, 22, 12, 6, 5, 3, 51
16/06/2014, 55, 21, 14, 11, 8, 3, 44
17/06/2014, 53, 22, 10, 13, 9, 3, 44
18/06/2014, 53, 22, 11, 12, 7, 3, 46
19/06/2014, 50, 22, 16, 12, 9, 3, 49
20/06/2014, 54, 23, 18, 12, 11, , 50
21/06/2014, 58, 31, 22, 9, 7, 4, 59
22/06/2014, 62, 31, 18, 10, 7, 4, 58
23/06/2014, 68, 33, 12, 16, 9, 4, 61
24/06/2014, 74, 28, 21, 12, 8, 4, 43
25/06/2014, 63, 22, 21, 12, 14, 3, 47
26/06/2014, 55, 21, 16, 12, 8, 3, 49
27/06/2014, 53, 24, 22, 14, 6, 4, 55
28/06/2014, 58, 25, 22, 13, 8, 3, 44
29/06/2014, 57, 24, 15, 13, 6, , 50
30/06/2014, 58, 23, 12, 17, 8, 4, 48
01/07/2014, 56, 29, 14, 13, 8, 5, 55
02/07/2014, 64, 31, 16, 16, 9, 4, 60
03/07/2014, 68, 30, 11, 16, 11, 3, 59
04/07/2014, 71, 32, 6, 12, 8, 4, 53
05/07/2014, 68, 28, 7, 11, 6, 2, 52
06/07/2014, 61, 22, 8, 9, 8, 1, 51
07/07/2014, 53, 20, 14, 11, 8, 1, 52
08/07/2014, 55, 22, 8, 12, 7, 2, 42
09/07/2014, 56, 23, 8, 13, 11, 2, 48
10/07/2014, 55, 28, 7, 14, 11, 3, 54
11/07/2014, 63, 24, 9, 11, 8, 3, 52
12/07/2014, 55, 15, 7, 9, 5, 1, 46
13/07/2014, 38, 20, 15, 11, 14, 1, 48
14/07/2014, 53, 31, 16, 14, 11, 2, 54
15/07/2014, 60, 29, 20, 13, 10, 2, 54
16/07/2014, 61, 33, 16, 15, 8, 4, 57
17/07/2014, 69, 28, 19, 12, 13, 2, 55
18/07/2014, 62, 27, 14, 14, 11, 2, 52
19/07/2014, 60, 26, 21, 13, 10, 3, 51
20/07/2014, 57, 22, 19, 11, 11, 2, 47
21/07/2014, 54, 23, 16, 10, 15, 2, 44
22/07/2014, 53, 26, 18, 13, 16, 2, 53
23/07/2014, 58, 31, 20, 12, 12, , 56
24/07/2014, 65, 36, 20, 13, 14, 2, 59
25/07/2014, 70, 35, 20, 12, 11, 2, 56
26/07/2014, 66, 30, 21, 14, 13, 3, 51
27/07/2014, 62, 26, 18, 11, 12, 2, 52
28/07/2014, 58, 24, 12, 13, 10, 3, 48
29/07/2014, 58, 26, 8, 16, 7, 4, 55
30/07/2014, 59, 25, 12, 13, 5, 3, 42
31/07/2014, 58, 16, 10, 11, 7, 2, 42
01/08/2014, 42, 22, 10, 11, 10, 2, 53
02/08/2014, 55, 28, 15, 11, 11, 2, 56
03/08/2014, 63, 26, 12, 14, 7, 2, 56
04/08/2014, 62, 24, 5, 10, 10, 2, 43
05/08/2014, 58, 20, 5, 15, 13, 2, 46
06/08/2014, 49, 19, 6, 11, 15, 2, 37
07/08/2014, 46, 19, 4, 13, 16, 2, 41
08/08/2014, 47, 19, 12, 8, 11, 2, 31
09/08/2014, 41, 18, 10, 11, 8, 3, 30
10/08/2014, 32, 17, 4, 10, 11, 2, 36
11/08/2014, 40, 20, 7, 11, 16, 2, 43
12/08/2014, 47, 22, 7, 14, 12, 3, 49
13/08/2014, 53, 20, 11, 12, 9, 2, 47
14/08/2014, 51, 20, 8, 12, 15, 2, 46
15/08/2014, 48, 31, 17, 14, 10, 5, 60
16/08/2014, 67, 37, 8, 17, 25, 2, 55
17/08/2014, 70, 30, 21, 13, 18, 2, 55
18/08/2014, 63, 31, 19, 14, 20, 2, 55
19/08/2014, 66, 31, 17, 17, 18, 4, 60
20/08/2014, 70, 32, 16, 15, 11, 3, 60
21/08/2014, 72, 33, 13, 16, 6, 5, 54
22/08/2014, 73, 25, 8, 13, 4, 2, 43
23/08/2014, 58, 22, 9, 11, 6, 3, 55
24/08/2014, 54, 28, 8, 12, 8, 5, 59
25/08/2014, 65, 32, 10, 13, 10, 5, 60
26/08/2014, 71, 27, 15, 13, 9, 3, 51
27/08/2014, 61, 21, 10, 12, 10, 2, 47
28/08/2014, 53, 22, 13, 15, 11, 3, 54
29/08/2014, 55, 29, 18, 16, 14, 5, 56
30/08/2014, 67, 29, 9, 13, 8, 3, 54
31/08/2014, 65, 31, 27, 14, 6, 4, 61
01/09/2014, 70, 34, 20, 14, 11, 3, 61
02/09/2014, 74, 36, 7, 17, 13, 4, 62
03/09/2014, 78, 36, 20, 21, 15, 6, 71
04/09/2014, 79, 38, 17, 13, 17, 3, 62
05/09/2014, 83, 21, 12, 5, 4, 2, 40
06/09/2014, 52, 21, 16, 12, 7, 3, 52
07/09/2014, 48, 30, 18, 18, 9, 4, 64
08/09/2014, 69, 32, 15, 16, 10, 3, 62
09/09/2014, 72, 31, 20, 17, 8, 5, 61
10/09/2014, 71, 33, 15, 16, 9, 4, 61
11/09/2014, 73, 38, 19, 21, 8, 7, 65
12/09/2014, 81, 41, 20, 17, 16, 3, 66
13/09/2014, 80, 45, 23, 14, 21, 8, 67
14/09/2014, 89, 58, 24, 14, 9, 10, 90
15/09/2014, 137, 47, 27, 19, 21, 5, 62
16/09/2014, 97, 38, 26, 16, 19, 3, 67
17/09/2014, 72, 57, 23, 20, 11, 6, 97
18/09/2014, 126, 57, 15, 19, 5, 7, 89
19/09/2014, 137, 41, 13, 13, 4, 4, 56
20/09/2014, 92, 27, 23, 10, 4, 2, 62
21/09/2014, 56, 48, 24, 15, 9, 5, 77
22/09/2014, 106, 39, 26, 14, 10, 2, 61
23/09/2014, 82, 43, 20, 15, 12, 3, 69
24/09/2014, 87, 28, 16, 16, 9, 3, 49
25/09/2014, 69, 33, 34, 19, 13, 4, 66
26/09/2014, 75, 44, 29, 20, 7, 5, 66
27/09/2014, 95, 45, 33, 13, 9, 4, 73
28/09/2014, 98, 45, 28, 14, 16, 3, 70
29/09/2014, 100, 44, 25, 16, 18, 3, 73
30/09/2014, 99, 51, 27, 15, 14, 4, 74
01/10/2014, 117, 44, 28, 18, 11, 3, 74
02/10/2014, 98, 46, 26, 17, 16, 3, 73
03/10/2014, 101, 40, 21, 12, 13, 3, 64
04/10/2014, 88, 22, 18, 5, 3, 2, 33
05/10/2014, 57, 27, 32, 7, 5, 4, 94
06/10/2014, 113, 63, 20, 13, 12, , 86
07/10/2014, 116, 49, 22, 15, 16, 4, 82
08/10/2014, 126, 51, 22, 17, 14, 4, 65
09/10/2014, 89, 39, 31, 16, 12, 3, 59
10/10/2014, 74, 45, 25, 20, 14, 4, 87
11/10/2014, 126, 58, 39, 14, 11, 6, 89
12/10/2014, 128, 50, 43, 17, 7, 6, 69
13/10/2014, 110, 48, 23, 20, 5, 6, 67
14/10/2014, 90, 47, 30, 20, 2, 6, 74
15/10/2014, 108, 47, 11, 20, 2, 6, 61
16/10/2014, 87, 39, 11, 20, 1, 6, 62
17/10/2014, 87, 34, 9, 14, 2, 5, 72
18/10/2014, 82, 48, 44, 14, 5, 8, 92
19/10/2014, 133, 57, 31, 17, 11, 6, 81
20/10/2014, 126, 52, 11, 18, 8, 6, 71
21/10/2014, 98, 39, 12, 22, 6, 6, 63
22/10/2014, 93, 41, 22, 19, 14, 7, 75
23/10/2014, 93, 45, 40, 17, 10, 6, 74
24/10/2014, 104, 46, 37, 18, 12, 5, 69
25/10/2014, 105, 36, 21, 11, 10, 3, 59
26/10/2014, 71, 32, 12, 14, 3, 5, 56
27/10/2014, 65, 31, 20, 16, 3, 6, 68
28/10/2014, 84, 45, 33, 17, 6, 6, 69
29/10/2014, 90, 42, 30, 20, 7, 5, 68
30/10/2014, 92, 43, 23, 16, 3, 5, 67
31/10/2014, 82, 32, 26, 12, 2, 6, 68
01/11/2014, 78, 35, 28, 8, 4, 4, 88
02/11/2014, 115, 60, 23, 16, 9, 6, 89
03/11/2014, 121, 51, 24, 19, 9, 5, 75
04/11/2014, 109, 43, 29, 16, 4, 3, 69
05/11/2014, 102, 38, 22, 13, 2, 4, 65
06/11/2014, 80, 27, 22, 12, 2, 4, 51
07/11/2014, 67, 26, 20, 12, 4, 4, 56
08/11/2014, 54, 17, 16, 10, 5, 2, 36
09/11/2014, 44, 31, 18, 17, 11, 5, 64
10/11/2014, 82, 37, 7, 24, 7, 6, 61
11/11/2014, 82, 39, 22, 28, 6, 9, 68
12/11/2014, 85, 33, 20, 15, 4, 7, 50
13/11/2014, 49, 20, 22, 6, 1, 4, 36
14/11/2014, 29, 15, 19, 6, 1, 4, 34
15/11/2014, 26, 16, 16, 8, 1, 5, 36
16/11/2014, 36, 16, 16, 9, 1, 5, 44
17/11/2014, 41, 17, 5, 13, 1, 4, 43
18/11/2014, 45, 21, 24, 9, 1, 3, 42
19/11/2014, 40, 19, 13, 10, 1, 3, 37
20/11/2014, 38, 19, 15, 14, 1, 3, 45
21/11/2014, 48, 28, 15, 18, 2, 5, 51
22/11/2014, 64, 24, 15, 10, 1, 4, 42
23/11/2014, 39, 18, 9, 12, 2, 4, 49
24/11/2014, 46, 19, 14, 10, 2, 3, 43
25/11/2014, 37, 19, 15, 7, 2, 3, 47
26/11/2014, 34, 17, 16, 10, 2, 3, 47
27/11/2014, 47, 21, 17, 10, 4, 3, 46
28/11/2014, 44, 16, 11, 9, 3, 2, 32
29/11/2014, 35, 14, 18, 6, 4, 3, 46
30/11/2014, 33, 17, 12, 10, 4, 2, 43
01/12/2014, 35, 19, 17, 9, 3, 3, 50
02/12/2014, 47, 24, 20, 12, 3, 4, 56
03/12/2014, 52, 30, 9, 16, 3, 3, 51
04/12/2014, 53, 27, 38, 18, 7, 4, 64
05/12/2014, 79, 30, 13, 12, 10, 3, 44
06/12/2014, 47, 20, 22, 10, 2, 4, 37
07/12/2014, 37, 15, 16, 9, 1, 3, 42
08/12/2014, 34, 19, 21, 6, 1, 4, 47
09/12/2014, 46, 23, 20, 6, , 3, 
10/12/2014, 49, 26, 14, 10, 1, 3, 
11/12/2014, 50, 25, 14, 9, 1, 3, 
12/12/2014, 56, 22, 13, 11, 1, 3, 
13/12/2014, 41, 21, 13, 9, 2, 4, 
14/12/2014, 45, 17, 10, 4, 2, 2, 
15/12/2014, 34, 14, 9, 6, 2, 3, 
16/12/2014, 36, 18, 9, 7, 2, 2, 
17/12/2014, 35, 19, 12, 6, 2, 3, 
18/12/2014, 39, 14, 6, 7, 2, 3, 
19/12/2014, 30, 10, 11, 5, 2, 3, 
20/12/2014, 27, 12, 9, 5, 3, 3, 
21/12/2014, 25, 12, 9, 2, 2, 2, 
22/12/2014, 27, 13, 6, 2, 2, 2, 
23/12/2014, 31, 14, 12, 7, 2, 2, 
24/12/2014, 37, 18, 15, 8, 5, 3, 52
25/12/2014, 54, 18, 6, 6, 4, 2, 
26/12/2014, 35, 13, 9, 9, 2, 3, 
27/12/2014, 32, 13, 9, 2, 1, 3, 
28/12/2014, 24, , , , , , 
31/12/2014, , 26, 19, 5, 1, 2, 
01/01/2015, 62, 28, 16, 4, 1, 3, 
02/01/2015, 62, 32, 21, 4, 1, 3, 55
03/01/2015, 58, 22, 23, 2, , 3, 40
04/01/2015, 39, 15, 20, 3, , 3, 38
05/01/2015, 43, 19, 16, 5, , 3, 42
06/01/2015, 37, 17, 13, 11, , 3, 37
07/01/2015, 37, 14, 15, 18, , 3, 33
08/01/2015, 28, 13, 11, 12, 2, 3, 27
09/01/2015, 24, 13, 17, 9, 2, 3, 31
10/01/2015, 30, 19, 15, 3, 3, 3, 38
11/01/2015, 38, 19, 16, 4, 2, 3, 41
12/01/2015, 42, 22, 21, 3, 1, 3, 39
13/01/2015, 41, 20, 22, 3, 1, 3, 36
14/01/2015, 39, 24, 21, 2, , 3, 44
15/01/2015, 41, 23, 25, 3, , 3, 48
16/01/2015, 47, 27, 27, 4, , 3, 52
17/01/2015, 48, 25, 24, 4, , 3, 46
18/01/2015, 50, 28, 27, 4, , 3, 53
19/01/2015, 60, 33, 26, 9, 1, , 56
20/01/2015, 68, 36, 20, 8, 1, 3, 58
21/01/2015, 67, 33, 31, 7, 1, 4, 64
22/01/2015, 76, 35, 26, 8, 1, 3, 54
23/01/2015, 56, 31, 28, 10, 1, 3, 58
24/01/2015, 70, 40, 38, 7, , 4, 72
25/01/2015, 89, 39, 30, 9, , 4, 63
26/01/2015, 77, 34, 21, 8, , 3, 56
27/01/2015, 66, 26, 22, 11, 2, 2, 51
28/01/2015, 64, 26, 12, 7, 3, 3, 41
29/01/2015, 49, 19, 11, 7, 2, 2, 37
30/01/2015, 41, 22, 15, 5, 2, 2, 41
31/01/2015, 41, 23, 20, 4, 2, 2, 40
01/02/2015, 45, 26, 10, 7, 1, 2, 50
02/02/2015, 48, 27, 14, 5, 1, 2, 48
03/02/2015, 46, 18, 11, 6, 3, 2, 34
04/02/2015, 36, 23, 15, 5, 2, 2, 46
05/02/2015, 48, 21, 10, 8, 1, 3, 41
06/02/2015, 44, 25, 18, 4, 1, , 49
07/02/2015, 47, 30, 19, 4, 1, 3, 55
08/02/2015, 56, 27, 20, 4, , 3, 54
09/02/2015, 54, , , , , , 53
10/02/2015, 56, , , , , , 60
11/02/2015, 70, , , , , , 61
12/02/2015, 70, , , , , , 63
13/02/2015, 75, , , , , , 60
14/02/2015, 67, 34, 28, 6, 2, 3, 60
15/02/2015, 67, 31, 27, 4, 3, 3, 57
16/02/2015, 66, 29, 22, 3, 2, , 52
17/02/2015, 56, 24, 17, 4, 2, 3, 45
18/02/2015, 44, 16, 20, 8, , 3, 31
19/02/2015, 27, 15, 23, 6, 2, 3, 39
20/02/2015, 35, 19, 27, 4, 1, , 47
21/02/2015, 46, 20, 24, 6, 1, , 39
22/02/2015, 41, 20, 28, 8, 2, 2, 44
23/02/2015, 50, 24, 21, 7, 2, 2, 49
24/02/2015, 47, 24, 26, 11, 2, 3, 49
25/02/2015, 56, 26, 19, 9, 5, 3, 50
26/02/2015, 56, 26, 27, 4, 1, 2, 51
27/02/2015, 57, 22, 23, 3, 1, 2, 44
28/02/2015, 41, 20, 21, 4, 1, 2, 39
01/03/2015, 41, 21, 16, 9, 2, 3, 46
02/03/2015, 51, 29, 22, 10, 4, 4, 54
03/03/2015, 64, 30, 30, 9, 5, 3, 54
04/03/2015, 62, 32, 38, 9, 4, 3, 57
05/03/2015, 72, 34, 39, 9, 6, 3, 61
06/03/2015, 79, 34, 25, 4, 4, 3, 48
07/03/2015, 53, 23, 27, 4, 2, 3, 44
08/03/2015, 50, 21, 17, 6, 2, 4, 42
09/03/2015, 42, 20, 19, 4, 2, 3, 45
10/03/2015, 44, 21, 12, 4, 1, 3, 40
11/03/2015, 37, 22, 23, 3, 1, 3, 49
12/03/2015, 52, 25, 27, 5, 1, 2, 46
13/03/2015, 51, 26, 33, 6, 2, 2, 44
14/03/2015, 53, 23, 18, 6, 2, 2, 38
15/03/2015, 39, 23, 27, 9, 2, 3, 53
16/03/2015, 64, 31, 31, 12, 6, 3, 57
17/03/2015, 74, 35, 37, 12, 9, 4, 58
18/03/2015, 78, 37, 38, 12, 8, 4, 59
19/03/2015, 73, 43, 51, 13, 10, 4, 78
20/03/2015, 114, 49, 39, 10, 10, 4, 71
21/03/2015, 103, 43, 38, 6, 5, 4, 63
22/03/2015, 78, 37, 26, 9, 2, 5, 65
23/03/2015, 89, 34, 33, 5, 3, 3, 58
24/03/2015, 71, 28, 22, 4, 1, 2, 50
25/03/2015, 54, 28, 22, 5, 1, 2, 51
26/03/2015, 57, 27, 19, 5, 1, 2, 50
27/03/2015, 54, 27, 13, 6, 1, 3, 52
28/03/2015, 54, 29, 12, 7, 1, 3, 49
29/03/2015, 50, 24, 22, 10, 1, 3, 51
30/03/2015, 49, 27, 12, 12, 1, 3, 54
31/03/2015, 59, 25, 21, 12, 2, 4, 54
01/04/2015, 50, 21, 17, 6, 2, 4, 49
02/04/2015, 41, 22, 29, 13, 3, 4, 59
03/04/2015, 55, 31, 43, 19, 10, 6, 64
04/04/2015, 76, 35, 17, 11, 12, 4, 55
05/04/2015, 67, 32, 38, 14, 11, 4, 62
06/04/2015, 80, 34, 22, 12, 9, 4, 52
07/04/2015, 64, 25, 12, 7, 7, 2, 40
08/04/2015, 46, 22, 17, 8, 3, 2, 46
09/04/2015, 51, 21, 26, 4, 2, 3, 38
10/04/2015, 42, 20, 16, 6, 2, 3, 45
11/04/2015, 54, 29, 28, 5, 2, 4, 52
12/04/2015, 56, 28, 27, 7, 3, 4, 55
13/04/2015, 68, 28, 26, 4, 5, 2, 48
14/04/2015, 52, 22, 26, 7, 2, 2, 43
15/04/2015, 49, 22, 30, 3, 1, 2, 41
16/04/2015, 45, 25, 22, 3, 1, 3, 52
17/04/2015, 58, 28, 43, 6, 2, 4, 59
18/04/2015, 76, 33, 30, 4, 7, 4, 55
19/04/2015, 62, 30, 19, 10, 8, 4, 59
20/04/2015, 68, 47, 33, 20, 7, 7, 72
21/04/2015, 106, 33, 31, 6, 6, 4, 57
22/04/2015, 57, 23, 21, 8, 2, 3, 57
23/04/2015, 43, 21, 22, 7, 2, 3, 54
24/04/2015, 43, 19, 20, 9, 2, 3, 49
25/04/2015, 42, 21, 18, 7, 1, 4, 40
26/04/2015, 39, 19, 16, 12, 3, 3, 53
27/04/2015, 56, 31, 29, 11, 7, 4, 55
28/04/2015, 54, 22, 25, 11, 3, 4, 52
29/04/2015, 49, 23, 23, 9, 2, 4, 54
30/04/2015, 49, 26, 30, 8, 1, 4, 57
01/05/2015, 58, 23, 19, 9, 2, 5, 53
02/05/2015, 50, 19, 14, 6, 3, 2, 38
03/05/2015, 32, 19, 15, 14, 7, 3, 52
04/05/2015, 57, 40, 19, 20, 6, 6, 65
05/05/2015, 73, 36, 15, 29, 7, 5, 59
06/05/2015, 76, 35, 12, 34, 8, 5, 51
07/05/2015, 72, 33, 15, 15, 12, 8, 51
08/05/2015, 63, 21, 23, 10, 11, 5, 35
09/05/2015, 37, 20, 18, 10, 13, 4, 42
10/05/2015, 48, 24, 16, 11, 9, 3, 45
11/05/2015, 50, 22, 14, 13, 9, 4, 44
12/05/2015, 50, 27, 13, 14, 11, 6, 52
13/05/2015, 61, 27, 12, 15, 8, 5, 44
14/05/2015, 51, 24, 7, 19, 5, 3, 58
15/05/2015, 64, 25, 10, 14, 17, 3, 35
16/05/2015, 43, 18, 13, 10, 15, 2, 31
17/05/2015, 34, 25, 10, 18, 8, 3, 55
18/05/2015, 65, 29, 13, 14, 11, 3, 54
19/05/2015, 62, 24, 11, 13, 12, 2, 45
20/05/2015, 52, 32, 13, 13, 9, 4, 57
21/05/2015, 72, 29, 8, 15, 13, 2, 54
22/05/2015, 61, 26, 5, 13, 13, 2, 53
23/05/2015, 52, 25, 15, 13, 10, 2, 49
24/05/2015, 55, 24, 3, 14, 12, 2, 48
25/05/2015, 51, 27, 7, 14, 15, 2, 52
26/05/2015, 56, 29, 9, 14, 12, 2, 51
27/05/2015, 56, 25, 11, 11, 15, 3, 46
28/05/2015, 51, 18, 11, 12, 15, 1, 30
29/05/2015, 35, 18, 15, 10, 11, 1, 35
30/05/2015, 41, 21, 18, 9, 11, 1, 40
31/05/2015, 47, 25, 18, 14, 11, 4, 53
01/06/2015, 58, 31, 13, 15, 11, 4, 50
02/06/2015, 65, 22, 12, 11, 9, 1, 52
03/06/2015, 47, 21, 16, 12, 15, 2, 42
04/06/2015, 50, 25, 13, 14, 13, 3, 51
05/06/2015, 56, 32, 8, 19, , , 57
06/06/2015, 73, 26, 9, 11, 6, 3, 40
07/06/2015, 42, 19, 8, 11, 11, 2, 38
08/06/2015, 43, 22, 10, 10, 6, 2, 55
09/06/2015, 49, 17, 11, 11, 9, 1, 41
10/06/2015, 39, 17, 10, 13, 13, 2, 38
11/06/2015, 42, 23, 4, 12, 8, 5, 45
12/06/2015, 50, 16, 8, 8, 9, 3, 38
13/06/2015, 36, 18, 8, 7, 5, 4, 38
14/06/2015, 39, 16, 10, 11, 6, 3, 46
15/06/2015, 52, 25, 11, 13, 9, 4, 52
16/06/2015, 57, 29, 8, 20, 10, 5, 
17/06/2015, 71, 29, 16, 16, 15, 4, 
18/06/2015, 69, 25, 12, 12, 17, 3, 
19/06/2015, 50, 20, 12, 10, 22, 3, 
20/06/2015, 46, 23, 14, 10, 34, 2, 
21/06/2015, , 24, 14, 11, 30, 1, 
22/06/2015, , 28, 15, 13, 25, 2, 
23/06/2015, , 31, 19, 12, 21, 2, 
24/06/2015, , 34, 18, 14, 20, 3, 60
25/06/2015, , 30, 19, 14, 21, , 57
26/06/2015, , 29, 16, 9, 28, 3, 46
27/06/2015, , 30, 13, 9, 32, 3, 42
28/06/2015, , 28, 14, 9, 30, 4, 56
29/06/2015, , 30, 20, 4, 26, 4, 60
30/06/2015, , 33, 15, 6, 18, 4, 58
01/07/2015, , 37, 18, 6, 15, 5, 70
02/07/2015, , 39, 22, 7, 20, 5, 65
03/07/2015, , 38, 17, 8, 29, 7, 56
04/07/2015, , 35, 26, 11, 23, 7, 66
05/07/2015, , 35, 26, 11, 23, 7, 66
06/07/2015, , 37, 21, 12, 24, 5, 61
07/07/2015, , 39, 22, 12, 22, 6, 62
08/07/2015, , 38, 22, 14, 25, 5, 64
09/07/2015, , 39, 25, 15, 19, 6, 69
10/07/2015, , 39, 19, 14, 13, 6, 70
11/07/2015, , 34, 9, 8, 13, 5, 56
12/07/2015, , 33, 19, 9, 17, 6, 52
13/07/2015, , 29, 16, 10, 22, 6, 51
14/07/2015, 38, 24, 13, 7, 20, 4, 39
15/07/2015, 46, 20, 13, 10, 19, 2, 43
16/07/2015, 56, 26, 13, 13, 15, 1, 50
17/07/2015, 53, 27, 15, 9, 13, 2, 49
18/07/2015, 60, 25, 16, 9, 10, 1, 52
19/07/2015, 52, 26, 14, 5, 17, 1, 44
20/07/2015, 56, 24, 15, 9, 25, 2, 47
21/07/2015, 53, 25, 12, 9, 21, 2, 46
22/07/2015, 60, 28, 14, 12, 13, 3, 51
23/07/2015, 60, 26, 10, 14, 9, 2, 49
24/07/2015, 54, 30, 15, 12, 10, 3, 48
25/07/2015, 75, 34, 14, 11, 12, 6, 55
26/07/2015, 58, 28, 11, 10, 20, 2, 44
27/07/2015, 71, 29, 12, 12, 22, 4, 57
28/07/2015, 51, 29, 9, 12, 19, 2, 42
29/07/2015, 38, 20, 13, 12, 8, 2, 36
30/07/2015, 58, 23, 11, 10, 9, 2, 47
31/07/2015, 66, 34, 10, 23, 11, 4, 57
01/08/2015, 65, 31, 13, 17, 10, 4, 55
02/08/2015, 54, 26, 14, 15, 15, 3, 47
03/08/2015, 45, 22, 8, 15, 13, 2, 39
04/08/2015, 46, 20, 13, 16, 8, 2, 50
05/08/2015, 62, 25, 14, 20, 14, 2, 55
06/08/2015, 62, 27, 9, 21, 16, 2, 54
07/08/2015, 71, 31, 9, 22, 9, 5, 56
08/08/2015, 68, 32, 15, 17, 19, 3, 56
09/08/2015, 50, 25, 17, 13, 12, 2, 46
10/08/2015, 75, 31, 19, 13, 9, 2, 60
11/08/2015, 72, 34, 9, 17, 14, 2, 56
12/08/2015, 59, 29, 3, 18, 14, 3, 56
13/08/2015, 73, 34, 14, 19, 14, 5, 57
14/08/2015, 73, 32, 17, 17, 11, 4, 55
15/08/2015, 62, 31, 16, 12, 12, 3, 53
16/08/2015, 62, 30, 15, 10, 12, , 52
17/08/2015, 70, 31, 12, 13, 26, 4, 55
18/08/2015, 68, 35, 21, 12, 23, 4, 57
19/08/2015, 89, 38, 23, 13, 22, 4, 67
20/08/2015, 96, 48, 21, 16, 23, 3, 72
21/08/2015, 85, 47, 16, 14, 13, 4, 69
22/08/2015, 122, 46, 22, 18, 10, 5, 82
23/08/2015, 105, 48, 31, 9, 9, 3, 74
24/08/2015, 102, 47, 22, 11, 13, 3, 75
25/08/2015, 123, 51, 15, 20, 19, 5, 83
26/08/2015, 93, 50, 14, 18, 14, 4, 69
27/08/2015, 86, 43, 20, 17, 9, 5, 64
28/08/2015, 88, 38, 11, 15, 7, 4, 68
29/08/2015, 94, 42, 22, 11, 9, 5, 71
30/08/2015, 68, 37, 13, 9, 15, 4, 57
31/08/2015, 74, 30, 23, 10, 19, 3, 57
01/09/2015, 91, 37, 28, 11, 19, 2, 69
02/09/2015, 101, 48, 26, 12, 29, 3, 75
03/09/2015, 125, 50, 20, 11, 15, 3, 89
04/09/2015, 103, 52, 13, 15, 11, 4, 73
05/09/2015, 122, 49, 24, 14, 12, 6, 91
06/09/2015, 146, 57, 26, 10, 16, 4, 97
07/09/2015, 123, 54, 24, 13, 14, 4, 85
08/09/2015, 134, 59, 23, 11, 19, 5, 96
09/09/2015, 101, 53, 12, 2, 15, 4, 75
10/09/2015, 161, 56, 19, 6, 5, 10, 135
11/09/2015, 146, 85, 29, 7, 9, 8, 120
12/09/2015, 134, 57, 24, 8, 16, 5, 96
13/09/2015, 166, 78, 25, 8, 14, 8, 143
14/09/2015, 175, 88, 18, 8, 20, 9, 140
15/09/2015, 168, 85, 12, 8, 14, 10, 119
16/09/2015, 150, 69, 10, 11, 13, 8, 103
17/09/2015, 104, 58, 21, 11, 19, 5, 72
18/09/2015, 121, 51, 20, 7, 21, 5, 88
19/09/2015, 162, 73, 33, 3, 7, 9, 131
20/09/2015, 120, 60, 27, 3, 4, 6, 79
21/09/2015, 126, 52, 18, 5, 13, 6, 80
22/09/2015, 133, 54, 18, 14, 27, 6, 95
23/09/2015, 148, 66, 34, 6, 18, 6, 115
24/09/2015, 245, 102, 26, 3, 5, 14, 240
25/09/2015, 235, 151, 23, 11, 5, 15, 214
26/09/2015, 107, 77, 24, 5, 12, 5, 77
27/09/2015, 128, 51, 26, 10, 19, 4, 97
28/09/2015, 209, 85, 17, 6, 16, 12, 162
29/09/2015, 208, 111, 28, 9, 10, 18, 186
30/09/2015, 181, 98, 27, 8, 11, 10, 150
01/10/2015, 187, 99, 25, 10, 8, 16, 170
02/10/2015, 165, 85, 26, 7, 9, 10, 116
03/10/2015, 196, 91, 20, 4, 9, 13, 170
04/10/2015, 114, 75, 24, 3, 15, 5, 85
05/10/2015, 171, 97, 22, 8, 7, 12, 155
06/10/2015, 179, 74, 18, 6, 2, 9, 90
07/10/2015, 117, 45, 26, 8, 9, 8, 77
08/10/2015, 110, 54, 27, 12, 11, 9, 88
09/10/2015, 128, 53, 26, 6, 17, 6, 84
10/10/2015, 125, 53, 40, 4, 13, 6, 90
11/10/2015, 129, 63, 29, 9, 12, 7, 107
12/10/2015, 157, 71, 33, 8, 9, 8, 126
13/10/2015, 163, 65, 27, 5, 5, 8, 92
14/10/2015, 139, 53, 31, 6, 7, 7, 80
15/10/2015, 121, 59, 26, 8, 13, 6, 110
16/10/2015, 152, 60, 24, 11, 11, 5, 90
17/10/2015, 132, 63, 30, 5, 18, 7, 118
18/10/2015, 159, 81, 24, 5, 18, 7, 116
19/10/2015, 168, 91, 24, 5, 16, 9, 107
20/10/2015, 162, 67, 31, 5, 16, 7, 118
21/10/2015, 161, 59, 23, 7, 9, 5, 78
22/10/2015, 107, 63, 40, 5, 12, 8, 155
23/10/2015, 189, 112, 23, 6, 6, 14, 178
24/10/2015, 200, 86, 29, 5, 3, 13, 144
25/10/2015, 174, 86, 32, 6, 5, 14, 156
26/10/2015, 183, 87, 53, 9, 9, 12, 129
27/10/2015, 169, 60, 26, 6, 3, 9, 78
28/10/2015, 104, 35, 25, 3, 2, 5, 52
29/10/2015, 62, 27, 12, 3, 4, 3, 53
30/10/2015, 60, 24, 23, 2, 3, 4, 49
31/10/2015, 56, 28, 34, 12, 6, 5, 60
01/11/2015, 70, 28, 15, 10, 4, 5, 55
02/11/2015, 62, 30, 28, 13, 3, 4, 57
03/11/2015, 68, 31, 18, 13, 6, 4, 62
04/11/2015, 69, 41, 25, 13, 6, 5, 81
05/11/2015, 98, 46, 25, 12, 8, 5, 81
06/11/2015, 90, 27, 19, 10, 8, 3, 53
07/11/2015, 52, 30, 26, 16, 7, 6, 73
08/11/2015, 93, 47, 13, 23, 10, 5, 89
09/11/2015, 126, 48, 29, 8, 13, 4, 64
10/11/2015, 82, 29, 21, 13, 5, 3, 61
11/11/2015, 74, 36, 32, 18, 9, 4, 68
12/11/2015, 87, 41, 18, 19, 10, 5, 63
13/11/2015, 82, 36, 23, 11, 2, 4, 55
14/11/2015, 68, 27, 16, 5, 2, 2, 40
15/11/2015, 37, 14, 7, 8, 2, 2, 36
16/11/2015, 34, 17, 12, 14, 4, 2, 41
17/11/2015, 40, 35, 25, 17, 6, 4, 51
18/11/2015, 61, 27, 12, 25, 4, 3, 51
19/11/2015, 69, 29, 13, 15, 5, 4, 45
20/11/2015, 41, 15, 18, 9, 2, 2, 43
21/11/2015, 38, 20, 20, 9, 5, 3, 49
22/11/2015, 37, 21, 24, 13, 6, 3, 64
23/11/2015, 67, 31, 17, 14, 4, 3, 61
24/11/2015, 71, 29, 18, 13, 2, 4, 61
25/11/2015, 61, 18, 12, 7, 1, 2, 35
26/11/2015, 31, 14, 10, 8, 1, 2, 31
27/11/2015, 29, 16, 27, 11, 2, 3, 44
28/11/2015, 45, 26, 24, 17, 4, 4, 48
29/11/2015, 56, 23, 19, 14, 12, 3, 49
30/11/2015, 50, 17, 14, 12, 3, 4, 36
01/12/2015, 35, 17, 13, 13, 2, 4, 44
02/12/2015, 36, 21, 18, 10, 2, 3, 43
03/12/2015, 42, 24, 21, 12, 3, 4, 53
04/12/2015, 63, 22, 15, 10, 2, 3, 43
05/12/2015, 42, 16, 14, 7, 1, 4, 42
06/12/2015, 34, 13, 16, 3, 1, 3, 30
07/12/2015, 23, 17, 11, 12, 1, 2, 49
08/12/2015, 52, 21, 14, 10, 6, 7, 38
09/12/2015, 45, 18, 18, 11, 4, 3, 42
10/12/2015, 42, 17, 10, 11, 2, 5, 49
11/12/2015, 39, 15, 14, 6, 1, 6, 39
12/12/2015, 31, 13, 6, 7, 1, 3, 29
13/12/2015, 31, 14, 13, 10, 1, 6, 33
14/12/2015, 29, 16, 17, 7, 2, 6, 54
15/12/2015, 46, 20, 17, 6, 1, 4, 51
16/12/2015, 47, 22, 20, 4, 1, , 55
17/12/2015, 50, 26, 20, 5, 2, 5, 60
18/12/2015, 68, 29, 24, 3, 2, 5, 59
19/12/2015, 64, 27, 30, 2, 2, 4, 59
20/12/2015, 69, 24, 24, 5, 3, 3, 54
21/12/2015, 59, 27, 38, 7, 4, 2, 63
22/12/2015, 75, 32, 25, 13, 7, 3, 60
23/12/2015, 70, 21, 7, 15, 3, 3, 49
24/12/2015, 51, 19, 17, 5, 2, 3, 44
25/12/2015, 40, 14, 20, 4, 2, 3, 35
26/12/2015, 32, 16, 19, 5, 2, 2, 39
27/12/2015, 35, 17, 15, 6, 4, 2, 43
28/12/2015, 37, 13, 9, 6, 5, 3, 34
29/12/2015, 28, 16, 19, 2, 2, 1, 44
30/12/2015, 44, 20, 36, 8, 4, , 40
31/12/2015, 38, 16, 19, 12, 4, , 25
01/01/2016, 14, , , , , , 
03/01/2016, , 16, 13, 8, 2, 3, 38
04/01/2016, 35, 15, 17, 4, 1, 3, 36
05/01/2016, 33, 15, 16, 4, 1, 2, 36
06/01/2016, 39, 17, 20, 5, , 2, 41
07/01/2016, 41, 16, 19, 6, , 2, 38
08/01/2016, 39, 16, 21, 4, , 2, 39
09/01/2016, 34, 19, 20, 12, 2, 3, 41
10/01/2016, 42, 19, 19, 26, 4, 4, 44
11/01/2016, 43, 19, 23, 11, 3, 4, 40
12/01/2016, 41, 18, 18, 16, 1, 4, 44
13/01/2016, 49, 18, 10, 15, 1, 6, 41
14/01/2016, 43, 18, 5, 11, 1, 7, 43
15/01/2016, 40, 18, 11, 18, 2, 9, 57
16/01/2016, 55, 24, 11, 13, 3, 3, 49
17/01/2016, 52, 19, 15, 15, 2, 5, 53
18/01/2016, 50, 22, 7, 14, 3, 3, 52
19/01/2016, 56, 20, 11, 13, 4, 3, 48
20/01/2016, 43, 18, 14, 7, 4, 1, 40
21/01/2016, 39, 20, 10, 10, 2, 3, 48
22/01/2016, 47, 17, 11, 9, 1, 3, 37
23/01/2016, 38, 17, 17, 2, 1, 2, 40
24/01/2016, 33, 17, 12, 5, , 2, 43
25/01/2016, 37, 18, 11, 8, 1, 1, 44
26/01/2016, 40, 20, 8, 6, 1, 2, 44
27/01/2016, 46, 19, 7, 10, 1, 1, 45
28/01/2016, 44, 19, 9, 9, 2, 1, 48
29/01/2016, 38, 16, 15, 7, 1, 1, 38
30/01/2016, 37, 16, 13, 5, 1, , 40
31/01/2016, 33, 15, 11, 5, 1, , 37
01/02/2016, 29, 15, 10, 7, 1, 2, 39
02/02/2016, 33, 17, 16, 6, 1, 2, 47
03/02/2016, 45, 19, 10, 11, 2, 2, 37
04/02/2016, 40, 19, 13, 13, 2, 2, 40
05/02/2016, 45, 16, 15, 3, 2, 1, 40
06/02/2016, 33, 14, 25, 1, 1, 2, 44
07/02/2016, 44, 24, 22, 1, 1, 2, 56
08/02/2016, 58, 26, 19, 1, 1, 2, 59
09/02/2016, 65, 25, 14, 3, 1, 2, 48
10/02/2016, 47, 14, 12, 5, 1, 1, 28
11/02/2016, 28, 15, 12, 7, 1, 2, 41
12/02/2016, 34, 16, 13, 6, 1, 3, 37
13/02/2016, 34, 15, 9, 5, 1, 3, 42
14/02/2016, 37, 17, 6, 8, 1, 4, 47
15/02/2016, 45, 18, 6, 2, 1, 2, 47
16/02/2016, 36, 19, 19, 2, , 1, 54
17/02/2016, 56, 24, 10, 6, 1, 2, 54
18/02/2016, 53, 17, 9, 7, 1, 1, 32
19/02/2016, 28, 11, 13, 6, 1, 2, 43
20/02/2016, 32, 19, 20, 2, , 2, 51
21/02/2016, 46, 20, 21, 5, , 3, 49
22/02/2016, 48, 21, 17, 6, , , 50
23/02/2016, 47, 19, 9, 5, , 3, 47
24/02/2016, 40, 16, 14, 4, , 2, 46
25/02/2016, 43, 23, 14, 2, , 1, 51
26/02/2016, 48, 21, 14, 2, , 2, 49
27/02/2016, 43, 20, 15, 2, , 1, 47
28/02/2016, 47, 21, 13, 2, , 1, 50
29/02/2016, 49, 21, 16, 2, , 1, 49
01/03/2016, 46, 19, 15, 2, 1, 1, 51
02/03/2016, 42, 22, 15, 4, 1, 2, 51
03/03/2016, 48, 22, 13, 2, 1, , 47
04/03/2016, 43, 18, 15, 3, 1, 2, 42
05/03/2016, 37, 17, 19, 4, 1, 2, 41
06/03/2016, 37, 17, 14, 4, 1, 3, 45
07/03/2016, 35, 20, 12, 13, 1, 3, 51
08/03/2016, 45, 19, 16, 12, 3, 3, 44
09/03/2016, 36, 21, 23, 13, 6, 3, 50
10/03/2016, 40, 23, 17, 10, 3, 2, 48
11/03/2016, 39, 20, 19, 5, 2, 2, 47
12/03/2016, 46, 19, 18, 6, 1, 1, 47
13/03/2016, 39, 21, 21, 11, 2, , 54
14/03/2016, 51, 23, 19, 5, 2, , 54
15/03/2016, 55, 23, 35, 9, 4, 1, 54
16/03/2016, 64, 28, 24, 7, 10, 2, 57
17/03/2016, 65, 30, 29, 7, 7, 3, 59
18/03/2016, 65, 31, 33, 7, 4, 3, 60
19/03/2016, 71, 36, 42, 5, 4, 4, 61
20/03/2016, 81, 40, 27, 11, 4, 4, 61
21/03/2016, 75, 32, 16, 7, 3, 4, 59
22/03/2016, 58, 25, 20, 8, 2, 5, 62
23/03/2016, 64, 26, 20, 12, 2, 1, 59
24/03/2016, 68, 33, 25, 12, 4, 2, 61
25/03/2016, 80, 29, 20, 6, 6, 1, 57
26/03/2016, 60, 29, 20, 3, 1, 1, 59
27/03/2016, 60, 28, 20, 4, 1, 2, 58
28/03/2016, 65, 39, 25, 3, 2, 5, 72
29/03/2016, 85, 41, 26, 4, 2, 5, 74
30/03/2016, 93, 43, 22, 6, 2, 3, 71
31/03/2016, 73, 32, 26, 6, 3, 3, 66
01/04/2016, 70, 33, 30, 5, 3, 4, 60
02/04/2016, 74, 30, 17, 6, 2, 3, 52
03/04/2016, 59, 28, 15, 10, 3, 6, 57
04/04/2016, 69, 27, 13, 11, 4, 7, 53
05/04/2016, 57, 29, 15, 14, 4, 6, 57
06/04/2016, 72, 29, 30, 10, 8, 4, 60
07/04/2016, 71, 33, 33, 11, 10, 4, 61
08/04/2016, 81, 35, 14, 16, 10, 5, 60
09/04/2016, 73, 32, 21, 13, 4, 6, 64
10/04/2016, 73, 30, 24, 12, 6, 4, 60
11/04/2016, 66, 36, 20, 20, 7, 6, 68
12/04/2016, 79, 27, 22, 12, 5, 4, 62
13/04/2016, 65, 29, 20, 16, 6, 4, 63
14/04/2016, 64, 25, 15, 22, 9, 4, 51
15/04/2016, 46, 27, 29, 32, 18, 6, 57
16/04/2016, 74, 30, 26, 18, 17, 5, 51
17/04/2016, 55, 26, 23, 27, 21, 5, 62
18/04/2016, 77, 33, 22, 13, 11, 5, 59
19/04/2016, 69, 26, 17, 18, 2, 5, 62
20/04/2016, 61, 29, 25, 15, 5, 6, 59
21/04/2016, 69, 28, 14, 21, 6, 5, 56
22/04/2016, 65, 30, 9, 22, 12, 5, 52
23/04/2016, 61, 29, 14, 17, 10, 6, 53
24/04/2016, 59, 22, 17, 21, 20, 4, 48
25/04/2016, 62, 30, 9, 20, 13, 3, 53
26/04/2016, 49, 38, 13, 34, 10, 7, 62
27/04/2016, 82, 39, 13, 34, 7, 7, 64
28/04/2016, 81, 42, 9, 36, 6, 8, 63
29/04/2016, 83, 36, 34, 20, 5, 5, 73
30/04/2016, 79, 35, 24, 21, 7, 6, 63
01/05/2016, 70, 22, 16, 15, 7, 4, 47
02/05/2016, 47, 26, 17, 22, 6, 6, 53
03/05/2016, 61, 26, 25, 15, 7, 4, 42
04/05/2016, 46, 24, 18, 15, 4, 4, 53
05/05/2016, 56, 34, 20, 17, 3, 6, 57
06/05/2016, 60, 52, 11, 21, 5, 7, 56
07/05/2016, 64, 27, 14, 14, 10, 5, 55
08/05/2016, 58, 29, 15, 19, 9, 6, 59
09/05/2016, 60, 22, 9, 21, 5, 6, 39
10/05/2016, 47, 29, 20, 21, 6, 7, 52
11/05/2016, 58, 23, 11, 20, 7, 4, 54
12/05/2016, 55, 25, 7, 14, 11, 3, 51
13/05/2016, 41, 24, 10, 16, 7, 4, 53
14/05/2016, 52, 25, 19, 17, 13, 3, 54
15/05/2016, 49, 19, 20, 9, 7, 5, 48
16/05/2016, 36, 27, 14, 29, 4, 5, 66
17/05/2016, 74, 40, 9, 25, 10, 6, 54
18/05/2016, 68, 22, 11, 17, 4, 5, 55
19/05/2016, 44, 22, 13, 15, 10, 4, 47
20/05/2016, 45, 23, 15, 7, 6, 3, 41
21/05/2016, 39, 17, 17, 11, 7, 2, 37
22/05/2016, 33, 20, 23, 15, 17, 3, 45
23/05/2016, 49, 20, 15, 14, 20, 3, 46
24/05/2016, 38, 19, 18, 16, 19, 3, 43
25/05/2016, 44, 17, 12, 14, 20, 2, 39
26/05/2016, 30, 16, 13, 12, 17, 2, 36
27/05/2016, 40, 19, 16, 13, 19, 3, 40
28/05/2016, 44, 19, 20, 11, 19, 3, 46
29/05/2016, 40, 18, 16, 12, 12, 3, 45
30/05/2016, 37, 19, 17, 13, 9, 3, 50
31/05/2016, 39, 30, 14, 21, 13, 4, 59
01/06/2016, 71, 29, 13, 27, 14, 6, 58
02/06/2016, 64, 35, 15, 30, 13, 10, 60
03/06/2016, 77, 36, 6, 26, 6, 8, 62
04/06/2016, 69, 33, 19, 19, 8, 9, 59
05/06/2016, 60, 24, 17, 17, 17, 6, 51
06/06/2016, 52, 29, 14, 18, 15, 7, 53
07/06/2016, 64, 33, 10, 20, 10, 9, 59
08/06/2016, 61, 29, 13, 18, 10, 8, 65
09/06/2016, 69, 29, 21, 18, 15, 3, 60
10/06/2016, 66, 27, 11, 15, 16, 2, 49
11/06/2016, 46, 18, 12, 11, 17, 1, 34
12/06/2016, 29, 17, 11, 13, 13, 2, 44
13/06/2016, 42, 21, 11, 16, 7, 3, 55
14/06/2016, 53, 23, 9, 15, 16, 3, 52
15/06/2016, 40, 18, 9, 16, 12, 3, 46
16/06/2016, 40, 19, 8, 15, 13, 4, 38
17/06/2016, 30, 14, 14, 13, 6, 5, 42
18/06/2016, 35, 21, 19, 6, 3, 7, 51
19/06/2016, 43, 21, 23, 8, 3, 6, 53
20/06/2016, 48, 19, 15, 12, 6, 5, 52
21/06/2016, 44, 25, 5, 24, 11, 5, 55
22/06/2016, 57, 25, 13, 15, 12, 3, 49
23/06/2016, 48, 21, 11, 16, 13, 3, 44
24/06/2016, 46, 22, 15, 10, 16, 3, 47
25/06/2016, 46, 18, 15, 9, 15, 2, 39
26/06/2016, 37, 19, 11, 11, 15, 2, 38
27/06/2016, 34, 18, 10, 11, 12, 2, 43
28/06/2016, 42, 28, 15, 14, 12, 2, 52
29/06/2016, 47, 32, 19, 17, 13, 2, 55
30/06/2016, 63, 33, 17, 13, 12, 2, 57
01/07/2016, 68, 35, 16, 12, 15, 3, 57
02/07/2016, 63, 32, 18, 7, 18, 3, 52
03/07/2016, 55, 28, 13, 10, 19, 1, 48
04/07/2016, 52, 24, 10, 9, 18, 2, 45
05/07/2016, 45, 20, 10, 10, 17, 2, 46
06/07/2016, 43, 19, 13, 11, 18, 3, 53
07/07/2016, 50, 20, 8, 13, 24, 3, 43
08/07/2016, 44, 21, 12, 11, 17, 4, 47
09/07/2016, 43, 19, 12, 11, 13, 3, 42
10/07/2016, 36, 22, 7, 14, 9, 6, 50
11/07/2016, 53, 21, 10, 16, 13, 4, 48
12/07/2016, 54, 21, 3, 14, 12, 4, 44
13/07/2016, 45, 27, 6, 16, 10, 6, 55
14/07/2016, 66, 29, 7, 12, 10, 6, 48
15/07/2016, 51, 22, 14, 12, 7, 4, 54
16/07/2016, 50, 18, 23, 6, 5, 2, 50
17/07/2016, 38, 18, 15, 9, 4, 2, 56
18/07/2016, 43, 14, 18, 4, 3, 1, 36
19/07/2016, 25, 14, 8, 13, 5, 1, 44
20/07/2016, 42, 19, 7, 12, 8, 2, 50
21/07/2016, 38, 21, 3, 17, 9, 3, 59
22/07/2016, 55, 22, 13, 16, 9, 2, 44
23/07/2016, 52, 20, 5, 12, 12, 2, 38
24/07/2016, 39, 18, 2, 14, 11, 4, 43
25/07/2016, 43, 26, 2, 16, 8, 37, 52
26/07/2016, 59, 30, 14, 13, 12, 5, 56
27/07/2016, 66, 29, 6, 14, 12, 3, 56
28/07/2016, 56, 21, 10, 12, 6, 2, 50
29/07/2016, 44, 22, 8, 12, 14, 2, 51
30/07/2016, 52, 24, 6, 12, 18, 3, 48
31/07/2016, 49, 24, 11, 15, 9, 4, 56
01/08/2016, 51, 20, 10, 12, 11, 1, 52
02/08/2016, 54, 20, 9, 12, 10, 2, 50
03/08/2016, 43, 21, 10, 10, 13, , 45
04/08/2016, 46, 22, 13, 13, 17, 3, 55
05/08/2016, 61, 28, 15, 16, 19, 2, 56
06/08/2016, 64, 29, 17, 8, 11, 3, 59
07/08/2016, 68, 30, 20, 10, 11, 3, 61
08/08/2016, 66, 33, 26, 15, 8, 6, 64
09/08/2016, 72, 24, 19, 11, 12, 2, 44
10/08/2016, 46, 23, 13, 15, 14, 3, 53
11/08/2016, 58, 26, 13, 13, 13, 3, 52
12/08/2016, 52, 25, 22, 13, 17, 3, 61
13/08/2016, 59, 24, 24, 10, 9, 4, 58
14/08/2016, 60, 24, 17, 13, 15, 2, 48
15/08/2016, 44, 18, 16, 9, 19, 2, 37
16/08/2016, 42, 20, 8, 13, 18, 2, 46
17/08/2016, 42, 22, 12, 10, 18, 3, 49
18/08/2016, 49, 20, 9, 12, 21, 2, 43
19/08/2016, 42, 18, 14, 10, 16, 2, 44
20/08/2016, 37, 18, 8, 13, 13, 4, 42
21/08/2016, 38, 18, 13, 14, 12, 3, 45
22/08/2016, 51, 29, 18, 20, 10, 4, 63
23/08/2016, 73, 27, 11, 8, 7, 5, 43
24/08/2016, 42, 15, 15, 10, 8, 2, 40
25/08/2016, 36, 42, 35, 10, 13, 10, 103
26/08/2016, 143, 66, 19, 12, 8, 9, 82
27/08/2016, 104, 40, 24, 17, 11, 5, 77
28/08/2016, 96, 48, 16, 13, 10, 7, 65
29/08/2016, 81, 24, 10, 16, 13, 3, 49
30/08/2016, 52, 25, 13, 12, 11, 4, 56
31/08/2016, 54, 24, 5, 15, 8, 4, 55
01/09/2016, 57, 22, 8, 12, 10, 3, 50
02/09/2016, 44, 22, 16, 14, 9, 3, 61
03/09/2016, 61, 32, 19, 17, 11, 4, 64
04/09/2016, 81, 33, 20, 12, 9, 3, 69
05/09/2016, 62, 21, 18, 12, 7, 2, 53
06/09/2016, 47, 18, 8, 10, 10, 2, 46
07/09/2016, 43, 21, 10, 12, 13, 2, 52
08/09/2016, 52, 23, 8, 11, 13, 3, 53
09/09/2016, 50, 25, 10, 12, 7, 4, 55
10/09/2016, 60, 25, 15, 11, 16, 1, 48
11/09/2016, 47, 19, 12, 8, 15, 1, 52
12/09/2016, 39, 25, 13, 13, 11, 4, 51
13/09/2016, 58, 18, 4, 12, 15, 1, 40
14/09/2016, 33, 21, 11, 13, 13, 3, 54
15/09/2016, 53, 21, 12, 11, 13, 2, 47
16/09/2016, 38, 18, 21, 6, 10, , 48
17/09/2016, 42, 23, 25, 10, 7, 3, 58
18/09/2016, 53, 19, 14, 6, 10, 1, 46
19/09/2016, 33, 15, 17, 4, 5, 1, 37
20/09/2016, 29, 16, 13, 8, 4, 2, 46
21/09/2016, 42, 26, 30, 9, 4, 5, 61
22/09/2016, 62, 22, 20, 8, 7, 2, 53
23/09/2016, 44, 26, 28, 10, 9, 4, 60
24/09/2016, 56, 22, 25, 10, 9, 2, 50
25/09/2016, 54, 25, 19, 10, 10, 3, 60
26/09/2016, 58, 30, 30, 10, 6, 3, 70
27/09/2016, 73, 35, 25, 7, 6, 3, 61
28/09/2016, 63, 24, 22, 6, 4, 2, 49
29/09/2016, 45, 22, 23, 12, 4, 3, 61
30/09/2016, 57, 28, 17, 11, 5, 4, 57
01/10/2016, 50, 22, 33, 5, 6, 1, 56
02/10/2016, 56, 28, 15, 11, 9, 2, 59
03/10/2016, 64, 28, 27, 8, 7, 2, 61
04/10/2016, 69, 41, 27, 15, 6, 6, 74
05/10/2016, 87, 35, 13, 14, 4, 4, 71
06/10/2016, 81, 31, 3, 12, 9, 3, 55
07/10/2016, 54, 20, 22, 5, 5, 2, 45
08/10/2016, 39, 23, 22, 13, 14, 2, 53
09/10/2016, 54, 26, 25, 9, 10, 6, 57
10/10/2016, 65, 26, 31, 4, 3, 5, 48
11/10/2016, 44, 19, 26, 3, 3, 2, 39
12/10/2016, 36, 20, 20, 3, 4, 1, 37
13/10/2016, 33, 18, 14, 9, 6, 2, 45
14/10/2016, 39, 19, 20, 6, 8, 2, 47
15/10/2016, 39, 15, 19, 3, 5, , 40
16/10/2016, 27, 14, 13, 8, 6, 3, 35
17/10/2016, 25, 16, 17, 10, 8, 3, 48
18/10/2016, 44, 18, 10, 12, 9, 3, 46
19/10/2016, 32, 19, 25, 14, 7, 3, 57
20/10/2016, 55, 25, 15, 16, 11, 3, 57
21/10/2016, 55, 21, 22, 7, 6, 3, 48
22/10/2016, 38, 21, 36, 6, 2, 3, 60
23/10/2016, 64, 30, 18, 11, 3, 4, 62
24/10/2016, 58, 27, 29, 15, 4, 4, 57
25/10/2016, 62, 26, 24, 12, 4, 3, 46
26/10/2016, 44, 21, 12, 11, 3, 3, 46
27/10/2016, 43, 21, 19, 12, 2, 4, 59
28/10/2016, 57, 29, 20, 11, 3, 5, 61
29/10/2016, 60, 21, 16, 9, 5, 2, 36
30/10/2016, 29, 18, 15, 9, 7, 3, 53
31/10/2016, 42, 17, 26, 6, 9, 3, 48
01/11/2016, 37, 19, 19, 13, 3, 3, 47
02/11/2016, 41, 18, 21, 6, 2, 4, 36
03/11/2016, 31, 13, 23, 6, 3, 3, 41
04/11/2016, 31, 16, 15, 6, 4, 2, 44
05/11/2016, 30, 13, 19, 3, 4, 2, 27
06/11/2016, 20, 18, 10, 9, 3, 4, 54
07/11/2016, 45, 21, 13, 12, 6, 5, 54
08/11/2016, 48, 28, 19, 9, 8, 5, 57
09/11/2016, 48, 19, 26, 8, 5, 4, 56
10/11/2016, 48, 23, 11, 12, 4, 5, 52
11/11/2016, 40, 19, 26, 9, 2, 3, 52
12/11/2016, 43, 20, 27, 8, 5, 3, 42
13/11/2016, 39, 16, 7, 8, 7, 2, 39
14/11/2016, 27, 17, 21, 6, 2, 3, 44
15/11/2016, 41, 21, 10, 11, 3, 3, 47
16/11/2016, 36, 19, 21, 9, 4, 4, 50
17/11/2016, 39, 21, 24, 14, 3, 5, 51
18/11/2016, 49, 30, 23, 17, 9, 6, 61
19/11/2016, 70, 34, 30, 12, 14, 13, 60
20/11/2016, 70, 23, 14, 3, 7, 9, 44
21/11/2016, 55, 28, 11, 9, 5, 4, 51
22/11/2016, 46, 15, 11, 11, 10, 4, 35
23/11/2016, 32, 16, 16, 9, 14, 6, 48
24/11/2016, 33, 19, 29, 11, 5, 6, 49
25/11/2016, 46, 20, 18, 8, 5, 6, 50
26/11/2016, 39, 14, 18, 5, 1, 3, 36
27/11/2016, 24, 10, 19, 5, 1, 1, 28
28/11/2016, 22, 12, 11, 4, , 3, 33
29/11/2016, 25, 12, 21, 4, 1, 2, 29
30/11/2016, 22, 13, 17, 6, 2, 1, 34
01/12/2016, 18, 12, 23, 4, 2, 3, 33
02/12/2016, 25, 14, 21, 8, 5, 4, 43
03/12/2016, 32, 26, 24, 17, 11, 5, 54
04/12/2016, 53, 20, 17, 10, 8, 5, 46
05/12/2016, 43, 22, 28, 11, 6, 5, 52
06/12/2016, 55, 20, 26, 6, 4, 5, 41
07/12/2016, 35, 20, 33, 6, 2, 9, 
08/12/2016, 62, 20, 16, 8, 1, 5, 
09/12/2016, 39, 21, 24, 6, 1, 5, 
10/12/2016, 63, 24, 15, 4, 1, 4, 
11/12/2016, 50, 18, 26, 5, 1, 4, 
12/12/2016, 35, 21, 35, 5, 1, 5, 
13/12/2016, 53, 22, 27, 10, 2, 5, 
14/12/2016, 44, 25, 39, 8, 2, 6, 
15/12/2016, 68, 34, 32, 10, 2, 5, 
16/12/2016, 63, 28, 19, 8, 1, 3, 
17/12/2016, 57, 24, 23, 5, 1, 2, 
18/12/2016, 42, 21, 25, 4, 1, 3, 
19/12/2016, 42, 16, 25, 4, 1, 3, 
20/12/2016, 21, 11, 32, 5, 1, 2, 
21/12/2016, 26, 17, 17, 14, 1, 2, 
22/12/2016, 35, 18, 22, 11, 1, 2, 
23/12/2016, 34, 15, 19, 7, 3, 1, 
24/12/2016, 29, 13, 13, 5, 1, 3, 
25/12/2016, 26, 11, 11, 7, , 4, 
26/12/2016, 18, 10, 13, 6, , 4, 
27/12/2016, 20, 11, 12, 4, , 5, 
28/12/2016, 27, 12, 12, 5, , 5, 
29/12/2016, 37, 25, 29, 5, , 4, 
30/12/2016, 40, 14, 23, 2, , 2, 
31/12/2016, 25, 17, 40, 9, 3, , 
01/01/2017, 31, 15, 14, 6, 1, 2, 
02/01/2017, 28, 15, 18, 4, 1, 2, 
03/01/2017, 28, 11, 26, 4, 1, 2, 
04/01/2017, 22, 13, 13, 4, 1, 1, 
05/01/2017, 24, 19, 24, 12, 2, 2, 
06/01/2017, 48, 24, 20, 11, 6, 2, 
07/01/2017, 41, 24, 22, 9, 8, 3, 
08/01/2017, 49, 20, 26, 8, 6, 2, 
09/01/2017, 45, 24, 27, 8, 3, 1, 
10/01/2017, 46, 24, 25, 7, 2, 1, 
11/01/2017, 49, 24, 30, 4, 1, 2, 
12/01/2017, 51, 28, 29, 8, 2, 7, 
13/01/2017, 55, 25, 34, 6, 2, 7, 
14/01/2017, 47, 27, 30, 6, 3, 7, 
15/01/2017, 52, 19, 31, 6, 2, 6, 
16/01/2017, 41, 24, 36, 15, 2, 7, 
17/01/2017, 53, 22, 25, 16, 3, 6, 
18/01/2017, 42, 21, 20, 17, 4, 2, 
19/01/2017, 40, 18, 18, 10, 2, 3, 
20/01/2017, 30, 20, 18, 13, 2, 2, 
21/01/2017, 39, 15, 22, 4, 1, 4, 
22/01/2017, 26, 13, 13, 5, 1, 3, 
23/01/2017, 19, 9, 13, 2, 1, 5, 
24/01/2017, 17, 10, 20, 4, 1, 3, 
25/01/2017, 19, 15, 27, 4, 1, 4, 
26/01/2017, 30, 19, 26, 3, , 7, 
27/01/2017, 39, 24, 28, 2, 2, 9, 
28/01/2017, 41, 17, 26, 2, 2, 10, 
29/01/2017, 32, 18, 16, 2, , 5, 
30/01/2017, 28, 16, 20, 3, , 5, 
31/01/2017, 29, 20, 25, 4, 1, 3, 
01/02/2017, 47, 26, 39, 5, 2, 5, 
02/02/2017, 52, 22, 25, 7, 3, 4, 
03/02/2017, 43, 18, 26, 9, 3, 4, 
04/02/2017, 33, 18, 27, 5, 2, 5, 
05/02/2017, 34, 15, 32, 5, 2, 5, 
06/02/2017, 30, 19, 30, 7, 2, 5, 
07/02/2017, 35, 21, 31, 10, 2, 7, 
08/02/2017, 49, 26, 34, 12, , 8, 
09/02/2017, 61, 27, 32, 4, , 6, 
10/02/2017, 52, 24, 31, 3, , 5, 
11/02/2017, 40, 26, 31, 2, , 6, 
12/02/2017, 48, 23, 29, 5, 1, 7, 
13/02/2017, 40, 28, 28, 3, 1, 6, 
14/02/2017, 45, 17, 26, 3, , 6, 
15/02/2017, 26, 20, 28, 3, 2, 7, 
16/02/2017, 40, 28, 26, 3, 2, 5, 
17/02/2017, 43, 25, 22, 3, , 5, 
18/02/2017, 37, 23, 22, 3, , 5, 
19/02/2017, 40, 22, 17, 5, , 5, 
20/02/2017, 40, 18, 14, 5, 2, 4, 
21/02/2017, 28, 19, 20, 8, 2, 3, 
22/02/2017, 41, 24, 20, 13, 3, 3, 
23/02/2017, 59, 27, 7, 13, 4, 6, 
24/02/2017, 44, 17, 16, 6, 4, 4, 
25/02/2017, 30, 20, 16, 6, 2, 4, 
26/02/2017, 44, 19, 13, 3, 2, 3, 
27/02/2017, 32, 22, 11, 3, 2, 3, 
28/02/2017, 52, 17, 7, 9, 3, 3, 
01/03/2017, 24, 13, 15, 4, 2, 3, 
02/03/2017, 29, 23, 14, 4, 2, 4, 
03/03/2017, 37, 17, 7, 8, 2, 5, 
04/03/2017, 39, 26, 17, 7, 2, 6, 
05/03/2017, 54, 27, 20, 7, 2, 6, 
06/03/2017, 52, 24, 24, 8, 3, 3, 
07/03/2017, 53, 24, 22, 9, 4, 1, 
08/03/2017, 47, 27, 34, 5, 3, 2, 
09/03/2017, 60, 25, 26, 5, 2, 3, 
10/03/2017, 52, 26, 31, 10, 2, 3, 
11/03/2017, 55, 24, 49, 4, 3, 3, 
12/03/2017, 42, 25, 50, 12, 4, 4, 
13/03/2017, 73, 34, 28, 15, 9, 4, 
14/03/2017, 60, 24, 51, 17, 10, 3, 
15/03/2017, 58, 31, 30, 14, 15, 3, 
16/03/2017, 57, 26, 24, 14, 6, 4, 
17/03/2017, 54, 33, 29, 18, 6, 5, 
18/03/2017, 72, 32, 53, 14, 11, 3, 
19/03/2017, 79, 30, 20, 6, 11, 2, 
20/03/2017, 36, 18, 39, 9, 3, 3, 
21/03/2017, 43, 18, 20, 8, 3, 4, 
22/03/2017, 32, 23, 31, 11, 2, 4, 
23/03/2017, 57, 27, 35, 14, 5, 3, 
24/03/2017, 55, 32, 37, 11, 6, 4, 
25/03/2017, 56, 29, 22, 14, 4, 5, 
26/03/2017, 60, 24, 28, 9, 4, 3, 
27/03/2017, 38, 18, 12, 8, 1, 3, 
28/03/2017, 33, 19, 37, 8, 1, 4, 
29/03/2017, 38, 19, 9, 11, 1, 4, 
30/03/2017, 39, 18, 31, 16, 1, 5, 
31/03/2017, 47, 30, 20, 20, 3, 7, 
01/04/2017, 59, 21, 29, 7, 3, 4, 
02/04/2017, 38, 16, 26, 5, 3, 2, 
03/04/2017, 30, 15, 28, 7, 3, 2, 
04/04/2017, 30, 15, 29, 4, 2, 3, 
05/04/2017, 37, 17, 38, 8, 2, 2, 
06/04/2017, 36, 18, 28, 14, 2, 3, 
07/04/2017, 35, 19, 16, 15, 2, 3, 
08/04/2017, 38, 28, 51, 23, 5, 4, 
09/04/2017, 75, 30, 12, 16, 8, 4, 
10/04/2017, 52, 28, 25, 18, 9, 4, 
11/04/2017, 61, 29, 16, 14, 12, 3, 
12/04/2017, 64, 26, 14, 11, 22, 2, 
13/04/2017, 46, 24, 15, 11, 10, 4, 
14/04/2017, 53, 22, 21, 5, 4, 2, 
15/04/2017, 36, 18, 57, 7, 3, 3, 
16/04/2017, 49, 28, 37, 12, 7, 4, 
17/04/2017, 53, 23, 17, 13, 3, 5, 
18/04/2017, 45, 27, 23, 15, 2, 5, 
19/04/2017, 55, 35, 21, 16, 4, 5, 
20/04/2017, 65, 29, 15, 13, 5, 5, 
21/04/2017, 59, 17, 17, 7, 6, 3, 
22/04/2017, 31, 26, 15, 14, 4, 5, 
23/04/2017, 62, 30, 7, 17, 9, 6, 
24/04/2017, 68, 32, 12, 11, 9, 5, 
25/04/2017, 68, 32, 22, 6, 6, 5, 
26/04/2017, 53, 18, 22, 8, 4, 3, 
27/04/2017, 35, 19, 21, 9, 4, 3, 
28/04/2017, 31, 22, 18, 12, 5, 4, 
29/04/2017, 52, 40, 31, 11, 8, 7, 
30/04/2017, 80, 26, 28, 5, 14, 3, 
01/05/2017, 44, 29, 17, 18, 12, 6, 
02/05/2017, 65, 28, 21, 23, 11, 5, 
03/05/2017, 60, 31, 13, 17, 11, 4, 
04/05/2017, 57, 34, 21, 11, 7, 7, 
05/05/2017, 59, 22, 15, 7, 3, 4, 
06/05/2017, 40, 26, 21, 12, 5, 5, 
07/05/2017, 53, 21, 23, 8, 6, 3, 
08/05/2017, 37, 20, 16, 9, 11, 2, 
09/05/2017, 31, 18, 8, 5, 10, 3, 
10/05/2017, 33, 18, 10, 9, 4, 3, 
11/05/2017, 33, 19, 11, 9, 8, 3, 
12/05/2017, 39, 21, 14, 13, 9, 3, 
13/05/2017, 37, 20, 12, 7, 10, 4, 
14/05/2017, 41, 21, 8, 5, 8, 3, 
15/05/2017, 36, 20, 13, 9, 14, 4, 
16/05/2017, 40, 21, 15, 10, 23, 3, 
17/05/2017, 45, 22, 11, 9, 20, 3, 
18/05/2017, 42, 20, 10, 10, 23, 2, 
19/05/2017, 34, 23, 14, 9, 21, 3, 
20/05/2017, 52, 22, 10, 8, 18, 3, 
21/05/2017, 43, 20, 14, 9, 11, 3, 
22/05/2017, 35, 17, 13, 6, 16, 3, 
23/05/2017, 35, 19, 5, 8, 7, 2, 
24/05/2017, 37, 24, 8, 13, 4, 5, 
25/05/2017, 59, 27, 8, 15, 7, 3, 
26/05/2017, 46, 27, 9, 16, 3, 7, 
27/05/2017, 66, 31, 16, 13, 8, 4, 
28/05/2017, 48, 18, 15, 8, 23, 2, 
29/05/2017, 41, 21, 7, 10, 15, 2, 
30/05/2017, 42, 21, 23, 9, 10, 3, 
31/05/2017, 39, 19, 15, 10, 8, 1, 
01/06/2017, 31, 17, 13, 7, 14, 2, 
02/06/2017, 33, 16, 17, 3, 20, 1, 
03/06/2017, 31, 20, 21, 3, 21, 1, 
04/06/2017, 44, 21, 14, 8, 21, 1, 
05/06/2017, 47, 24, 14, 16, 14, 1, 
06/06/2017, 53, 27, 25, 15, 14, 2, 
07/06/2017, 57, 26, 18, 8, 13, 3, 
08/06/2017, 48, 26, 16, 7, 10, 3, 
09/06/2017, 49, 22, 13, 9, 16, 3, 
10/06/2017, 44, 18, 16, 9, 11, 3, 
11/06/2017, 29, 17, 14, 13, 18, 3, 
12/06/2017, 37, 18, 16, 11, 25, 3, 
13/06/2017, 38, 22, 14, 11, 12, 4, 
14/06/2017, 34, 24, 18, 16, 10, 5, 
15/06/2017, 55, 36, 13, 16, 9, 4, 
16/06/2017, 90, 37, 21, 15, 7, 2, 
17/06/2017, 65, 21, 15, 11, 9, 5, 
18/06/2017, 31, 17, 10, 7, 8, 4, 
19/06/2017, 28, 21, 16, 12, 10, 4, 
20/06/2017, 42, 24, 14, 13, 9, 2, 
21/06/2017, 56, 33, 15, 13, 9, 4, 
22/06/2017, 66, 27, 7, 10, 9, 2, 
23/06/2017, 44, 16, 14, 9, 7, 3, 
24/06/2017, 35, 21, 13, 10, 8, 3, 
25/06/2017, 48, 22, 32, 10, 7, 2, 
26/06/2017, 42, 25, 14, 13, 6, 3, 
27/06/2017, 44, 30, 29, 18, 12, 5, 
28/06/2017, 60, 36, 12, 10, 12, 5, 
29/06/2017, 52, 19, 23, 9, 8, 2, 
30/06/2017, 40, 15, 19, 7, 15, 2, 
01/07/2017, 28, 18, 22, 7, 11, 3, 
02/07/2017, 45, 19, 12, 5, 8, 2, 
03/07/2017, 32, 15, 17, 5, 7, 3, 
04/07/2017, 32, 18, 7, 6, 11, 4, 
05/07/2017, 33, 18, 15, 5, 7, 4, 
06/07/2017, 39, 20, 20, 4, 9, 3, 
07/07/2017, 42, 20, 25, 3, 9, 3, 
08/07/2017, 47, 20, 20, 4, 11, 3, 
09/07/2017, 39, 18, 23, 6, 12, 3, 
10/07/2017, 33, 16, 20, 6, 9, 3, 
11/07/2017, 29, 14, 11, 5, 8, 3, 
12/07/2017, 28, 20, 22, 8, 16, 4, 
13/07/2017, 52, 25, 12, 9, 15, 4, 
14/07/2017, 59, 27, 24, 7, 9, 5, 
15/07/2017, 57, 25, 25, 3, 6, 3, 
16/07/2017, 42, 21, 35, 5, 17, 4, 
17/07/2017, 57, 30, 25, 6, 23, 4, 
18/07/2017, 62, 27, 23, 8, 24, 3, 
19/07/2017, 46, 21, 20, 8, 19, 3, 
20/07/2017, 42, 23, 25, 8, 18, 3, 
21/07/2017, 51, 23, 24, 6, 18, 3, 
22/07/2017, 44, 25, 23, 5, 18, , 
23/07/2017, 53, 25, 22, 5, 21, , 
24/07/2017, 50, 27, 27, 10, 14, 3, 
25/07/2017, 58, 33, 25, 10, 11, 4, 
26/07/2017, 65, 32, 29, 2, 14, 2, 
27/07/2017, 68, 31, 28, 2, 15, 3, 
28/07/2017, 64, 35, 20, 12, 14, 2, 
29/07/2017, 62, 22, 15, 4, 20, 2, 
30/07/2017, 30, 20, 13, 8, 18, 2, 
31/07/2017, 33, 24, 18, 10, 17, 3, 
01/08/2017, 36, 29, 29, 8, 13, 2, 
02/08/2017, 42, 30, 30, 3, 13, 1, 
03/08/2017, 48, 28, 33, 4, 17, 1, 
04/08/2017, 58, 27, 32, 4, 15, 2, 
05/08/2017, 60, 28, 26, 3, 12, , 
06/08/2017, 44, 23, 13, 4, 16, 2, 
07/08/2017, 43, 22, 9, 9, 10, 2, 
08/08/2017, 37, 15, 20, 3, 6, , 
09/08/2017, 27, 27, 16, 4, 12, 3, 
10/08/2017, 56, 21, 5, 3, 13, 2, 
11/08/2017, 33, 18, 8, 3, 6, 3, 
12/08/2017, 31, 14, 6, 15, 7, 2, 
13/08/2017, 25, 18, 20, 12, 6, 3, 
14/08/2017, 44, 19, 9, 6, 15, 2, 
15/08/2017, 27, 18, 21, 4, 5, 3, 
16/08/2017, 46, 27, 22, 6, 8, 2, 
17/08/2017, 52, 26, 19, 7, 3, 4, 
18/08/2017, 60, 27, 18, 4, 7, 2, 
19/08/2017, 46, 21, 20, 3, 9, 2, 
20/08/2017, 37, 19, 18, 3, 11, , 
21/08/2017, 39, 20, 17, 3, 10, 3, 
22/08/2017, 33, 23, 15, 4, 18, 2, 
23/08/2017, 54, 29, 14, 4, 16, 2, 
24/08/2017, 45, 25, 21, 6, 16, 2, 
25/08/2017, 41, 19, 23, 5, 17, 2, 
26/08/2017, 32, 17, 17, 4, 12, 2, 
27/08/2017, 31, 23, 9, 6, 12, 2, 
28/08/2017, 46, 29, 13, 6, 13, 4, 
29/08/2017, 55, 26, 30, 5, 13, 3, 
30/08/2017, 54, 30, 18, 4, 13, 4, 
31/08/2017, 51, 19, 30, 2, 12, 3, 
01/09/2017, 46, 31, 42, 3, 10, 3, 
02/09/2017, 72, 31, 24, 2, 7, 3, 
03/09/2017, 52, 24, 17, 3, 6, 3, 
04/09/2017, 50, 26, 18, 4, 17, 3, 
05/09/2017, 52, 24, 5, 4, 22, 4, 
06/09/2017, 65, , , , , , 
10/09/2017, , 24, 17, 3, 4, 3, 
11/09/2017, 57, 32, 42, 5, 6, 4, 
12/09/2017, 88, 44, 30, 5, 13, 4, 
13/09/2017, 96, 34, 19, 5, 9, 4, 
14/09/2017, 60, 28, 14, 8, 7, 4, 
15/09/2017, 59, 22, 14, 7, 5, 3, 
16/09/2017, 38, 19, 19, 5, 10, 4, 
17/09/2017, 48, 19, 9, 6, 7, 4, 
18/09/2017, 37, 19, 11, 7, 3, 4, 
19/09/2017, 44, 17, 20, 6, 4, 3, 
20/09/2017, 32, 15, 8, 4, 8, 2, 
21/09/2017, 32, 19, 22, 9, 10, 4, 
22/09/2017, 50, 27, 21, 10, 9, 3, 
23/09/2017, 60, 23, 21, 5, 9, 3, 
24/09/2017, 57, 22, 24, 9, 14, 4, 
25/09/2017, 52, 33, 11, 10, 8, 7, 
26/09/2017, 75, 34, 14, 9, 5, 7, 
27/09/2017, 58, 31, 19, 12, 11, 5, 
28/09/2017, 77, 33, 13, 7, 8, 5, 
29/09/2017, 53, 16, 19, 4, 5, 3, 
30/09/2017, 30, 16, 9, 5, 5, 4, 
01/10/2017, 45, 22, 18, 5, 3, 5, 
02/10/2017, 42, 21, 6, 10, 5, 5, 
03/10/2017, 53, 24, 10, 9, 6, 5, 
04/10/2017, 36, 20, 14, 8, 10, 4, 
05/10/2017, 46, 30, 18, 12, 7, 7, 
06/10/2017, 73, 32, 36, 7, 8, 6, 
07/10/2017, 64, 22, 33, 4, 5, 3, 
08/10/2017, 45, 20, 23, 3, 4, 4, 
09/10/2017, 35, 13, 15, 4, 4, 3, 
10/10/2017, 28, 15, 16, 4, 10, 3, 
11/10/2017, 29, 14, 6, 6, 12, 3, 
12/10/2017, 29, 18, 23, 5, 9, 3, 
13/10/2017, 40, 17, 18, 4, 6, 3, 
14/10/2017, 41, 26, 27, 4, 7, 4, 
15/10/2017, 56, 26, 24, 6, 6, 4, 
16/10/2017, 53, 23, 24, 8, 8, 3, 
17/10/2017, 51, 28, 43, 5, 11, 5, 
18/10/2017, 67, 28, 36, 4, 6, 4, 
19/10/2017, 61, 35, 33, 7, 8, 4, 
20/10/2017, 83, 38, 34, 6, 5, 4, 
21/10/2017, 90, 38, 26, 5, 5, 4, 
22/10/2017, 74, 29, 22, 4, 4, 4, 
23/10/2017, 58, 35, 26, 8, 3, 5, 
24/10/2017, 85, 41, 34, 10, 3, 5, 
25/10/2017, 87, 33, 26, 7, 4, 5, 
26/10/2017, 62, 31, 31, 5, 4, 5, 
27/10/2017, 59, 24, 32, 4, 3, 4, 
28/10/2017, 53, 19, 25, 5, 2, 4, 
29/10/2017, 30, 17, 21, 5, 2, 4, 
30/10/2017, 31, 15, 19, 5, 4, 4, 
31/10/2017, 32, 28, 34, 7, 1, 7, 
01/11/2017, 65, 24, 13, 4, 2, 4, 
02/11/2017, 44, 20, 13, 5, 4, 4, 
03/11/2017, 41, 15, 16, 4, 4, 3, 
04/11/2017, 37, 16, 16, 5, 9, 3, 
05/11/2017, 35, 17, 9, 9, 13, 4, 
06/11/2017, 38, 21, 15, 7, 4, 5, 
07/11/2017, 43, 19, 17, 4, 2, 5, 
08/11/2017, 30, 15, 22, 4, 1, 4, 
09/11/2017, 35, 16, 16, 4, 1, 4, 
10/11/2017, 32, 15, 10, 7, 1, 5, 
11/11/2017, 34, 13, 19, 4, 4, 4, 
12/11/2017, 38, 15, 17, 6, 3, 4, 
13/11/2017, 43, 22, 12, 5, 4, 5, 
14/11/2017, 38, 15, 18, 4, 2, 4, 
15/11/2017, 45, 22, 32, 11, 3, 6, 
16/11/2017, 70, 21, 17, 6, 4, 3, 
17/11/2017, 45, 16, 23, 6, 6, 4, 
18/11/2017, 46, 15, 28, 4, 4, 3, 
19/11/2017, 41, 18, 16, 7, 5, 4, 
20/11/2017, 48, 21, 7, 10, 4, 5, 
21/11/2017, 51, 25, 35, 8, 3, 5, 
22/11/2017, 58, 20, 15, 4, 4, 4, 
23/11/2017, 31, 14, 19, 3, 1, 3, 
24/11/2017, 27, 15, 29, 3, 1, 4, 
25/11/2017, 32, 15, 10, 2, 2, 3, 
26/11/2017, 30, 14, 13, 2, 1, 4, 
27/11/2017, 21, 15, 31, 1, 1, 3, 
28/11/2017, 36, 20, 36, 2, 2, 3, 
29/11/2017, 31, 14, 47, 1, 2, 3, 
30/11/2017, 30, 18, 32, 4, 2, 4, 
01/12/2017, 36, 17, 40, 4, 2, 3, 
02/12/2017, 30, 17, 32, 2, 4, 3, 
03/12/2017, 29, 18, 24, 12, 6, 5, 
04/12/2017, 53, 29, 36, 13, 9, 6, 
05/12/2017, 69, 25, 36, 7, 16, 3, 
06/12/2017, 42, 18, 31, 5, 8, 3, 
07/12/2017, 34, 16, 28, 1, 2, 3, 
08/12/2017, 27, 13, 32, 2, 2, 3, 
09/12/2017, 32, 28, 43, 3, 2, 4, 
10/12/2017, 60, 28, 43, 4, 4, 4, 
11/12/2017, 55, 25, 26, 6, 3, 5, 
12/12/2017, 51, 24, 39, 6, 2, 5, 
13/12/2017, 53, 26, 44, 6, 2, 5, 
14/12/2017, 58, 26, 43, 7, 3, 5, 
15/12/2017, 57, 26, 39, 4, 3, 5, 
16/12/2017, 52, 22, 37, 2, 2, 4, 
17/12/2017, 42, 23, 52, 2, , 3, 
18/12/2017, 42, 25, 36, 2, 2, 4, 
19/12/2017, 42, 23, 39, 2, 2, 4, 
20/12/2017, 47, 26, 41, 2, 2, 4, 
21/12/2017, 50, 25, 43, 2, 2, 4, 
22/12/2017, 48, 18, 47, 2, 4, 4, 
23/12/2017, 34, 17, 29, 1, 3, 5, 
24/12/2017, 28, 19, 27, 1, 3, 3, 
25/12/2017, 40, 16, 20, 2, 3, 4, 
26/12/2017, 26, 14, 28, 3, 3, 4, 
27/12/2017, 31, 15, 16, 4, 3, 4, 
28/12/2017, 27, 18, 15, 1, 3, 3, 
29/12/2017, 36, 16, 13, 2, 2, 4, 
30/12/2017, 32, 14, 10, 1, 2, , 
31/12/2017, 20, 10, 15, 2, 2, 4, 
01/01/2018, 17, 10, 6, 4, 2, 3, 
02/01/2018, 24, 17, 19, 6, 3, 4, 
03/01/2018, 35, 18, 17, 4, 4, 4, 
04/01/2018, 33, 15, 17, 3, 3, 4, 
05/01/2018, 31, 24, 27, 12, 7, 6, 
06/01/2018, 70, 29, 31, 6, 14, 3, 
07/01/2018, 47, 21, 46, 9, 6, 4, 
08/01/2018, 46, 23, 27, 4, 7, 4, 
09/01/2018, 45, 19, 9, 4, 2, 4, 
10/01/2018, 33, 12, 13, 1, 1, 3, 
11/01/2018, 20, 9, 18, 1, 1, 4, 
12/01/2018, 14, 9, 22, 2, , 5, 
13/01/2018, 17, 11, 29, 1, , 5, 
14/01/2018, 18, 12, 22, 2, , 5, 
15/01/2018, 28, 18, 28, 3, 1, 4, 
16/01/2018, 38, 17, 29, 4, 1, 3, 
17/01/2018, 33, 19, 31, 3, 2, 3, 
18/01/2018, 35, 20, 29, 5, 1, 3, 
19/01/2018, 40, 19, 24, 6, 2, 4, 
20/01/2018, 34, 17, 21, 4, 3, 3, 
21/01/2018, 32, 14, 33, 4, 3, 3, 
22/01/2018, 29, 18, 16, 5, 1, 3, 
23/01/2018, 33, 16, 22, 4, 1, 3, 
24/01/2018, 31, 14, 17, 7, 1, 3, 
25/01/2018, 31, 18, 21, 6, 3, 4, 
26/01/2018, 36, 18, 23, 4, 2, 3, 
27/01/2018, 34, 17, 25, 6, 1, 4, 
28/01/2018, 36, 16, 18, 5, 2, 4, 
29/01/2018, 28, 19, 25, 7, 2, 4, 
30/01/2018, 56, 26, 24, 7, 3, 3, 
31/01/2018, 57, 22, 23, 3, 3, 5, 
01/02/2018, 35, 14, 13, 4, 1, 6, 
02/02/2018, 25, 16, 26, 3, 1, 6, 
03/02/2018, 36, 24, 33, 2, , 5, 
04/02/2018, 43, 27, 35, 2, , 4, 
05/02/2018, 48, 24, 36, 3, , 4, 
06/02/2018, 50, 25, 35, 4, , 4, 
07/02/2018, 53, 28, 35, 4, , 4, 
08/02/2018, 59, 31, 44, 4, 1, 4, 
09/02/2018, 72, 32, 41, 4, 1, 4, 
10/02/2018, 63, 29, 49, 3, , 4, 
11/02/2018, 66, 33, 38, 3, , 4, 
12/02/2018, 62, 29, 32, 3, 1, 4, 
13/02/2018, 45, 25, 27, 3, 1, 3, 
14/02/2018, 49, 29, 33, 6, 2, 4, 
15/02/2018, 65, 31, 41, 6, 9, 4, 
16/02/2018, 74, 29, 47, 5, 12, , 
17/02/2018, 57, 29, 42, 5, 15, 4, 
18/02/2018, 72, 28, 25, 4, 8, 3, 
19/02/2018, 48, 20, 29, 3, 1, , 
20/02/2018, 51, 23, 29, 3, 1, , 
21/02/2018, 52, 25, 31, 6, 3, , 
22/02/2018, 49, 22, 15, 7, 8, , 
23/02/2018, 39, 19, 12, 7, 4, 4, 
24/02/2018, 31, 16, 20, 5, 1, 3, 
25/02/2018, 29, 19, 24, 5, 1, , 
26/02/2018, 41, 20, 19, 5, 1, 3, 
27/02/2018, 50, 25, 21, 11, 2, 3, 
28/02/2018, 53, 27, 20, 10, 4, 4, 
01/03/2018, 41, 20, 31, 14, 4, 4, 
02/03/2018, 47, 19, 22, 12, 6, 3, 
03/03/2018, 41, 26, 31, 10, 8, 4, 
04/03/2018, 53, 22, 22, 6, 5, 3, 
05/03/2018, 33, 22, 45, 11, 5, 3, 
06/03/2018, 43, 24, 12, 7, 14, 3, 
07/03/2018, 41, 19, 14, 6, 3, 4, 
08/03/2018, 41, 23, 21, 4, 2, 3, 
09/03/2018, 46, 25, 19, 2, 1, , 
10/03/2018, 47, 30, 15, 2, 1, 4, 
11/03/2018, 49, 33, 18, 4, , 4, 
12/03/2018, 48, 31, 26, 4, , 3, 
13/03/2018, 57, 26, 32, 6, 4, 5, 
14/03/2018, 46, 25, 55, 15, 10, 6, 
15/03/2018, 60, 28, 34, 10, 21, 5, 
16/03/2018, 43, 23, 37, 8, 8, 2, 
17/03/2018, 45, 19, 30, 4, 6, 2, 
18/03/2018, 35, 18, 32, 9, 4, 4, 
19/03/2018, 43, 22, 28, 11, 12, 3, 
20/03/2018, 45, 27, 33, 9, 4, 4, 
21/03/2018, 63, 23, 21, 4, 2, 3, 
22/03/2018, 49, 24, 23, 5, 1, , 
23/03/2018, 45, 19, 20, 5, 1, , 
24/03/2018, 40, 28, 16, 5, 1, 4, 
25/03/2018, 53, 22, 15, 7, 1, 4, 
26/03/2018, 41, 18, 13, 6, 1, 4, 
27/03/2018, 33, 17, 28, 9, 2, 4, 
28/03/2018, 38, 22, 11, 16, 3, 7, 
29/03/2018, 55, , , , , , 
31/03/2018, , 39, 35, , 7, 7, 
01/04/2018, 51, 39, 29, , 7, 8, 
02/04/2018, 65, 34, 31, , 7, 5, 
03/04/2018, 59, 34, 55, , 13, 4, 
04/04/2018, 60, 31, 33, , 4, 5, 
05/04/2018, 58, 28, 28, , 6, 5, 
06/04/2018, 54, 27, 26, , 6, 5, 
07/04/2018, 48, 33, 22, , 5, 4, 
08/04/2018, 47, 24, 25, , 2, 4, 
09/04/2018, 46, 25, 19, , 3, 5, 
10/04/2018, 51, 24, 22, , 5, 5, 
11/04/2018, 45, 23, 28, , 5, 5, 
12/04/2018, 45, 22, 18, , 10, 5, 
13/04/2018, 36, 19, 16, , 3, 5, 
14/04/2018, 42, 22, 15, , 5, 7, 
15/04/2018, 46, 19, 10, , 2, 7, 
16/04/2018, 33, 18, 28, , 3, 5, 
17/04/2018, 32, 23, 32, , 3, 6, 
18/04/2018, 43, 18, 28, , 2, 4, 
19/04/2018, 37, 23, 20, , 3, 5, 
20/04/2018, 43, 20, 18, , 3, 5, 
21/04/2018, 39, 30, 16, , 2, 8, 
22/04/2018, 64, 29, 25, , 3, 6, 
23/04/2018, 49, 21, 41, , 5, 5, 
24/04/2018, 44, 23, 32, , 6, 4, 
25/04/2018, 43, 29, 38, , 6, 5, 
26/04/2018, 62, 27, 12, , 14, 6, 
27/04/2018, 50, 24, 36, , 17, 6, 
28/04/2018, 47, 32, 30, , 22, 8, 
29/04/2018, 56, 21, 18, , 21, 4, 
30/04/2018, 41, 27, 10, , 13, 6, 
01/05/2018, 46, 24, 38, , 11, 6, 
02/05/2018, 55, 37, 36, , 17, 9, 
03/05/2018, 73, 38, 36, , 24, 7, 
04/05/2018, 66, 25, 18, , 21, 4, 
05/05/2018, 48, 32, 22, , 14, 7, 
06/05/2018, 63, 28, 24, , 28, 5, 
07/05/2018, 57, 27, 26, , 34, 4, 
08/05/2018, 51, 20, 24, , 17, 3, 
09/05/2018, 32, 16, 15, , 12, 3, 
10/05/2018, 33, 18, 19, , 14, 4, 
11/05/2018, 34, 19, 18, , 16, 4, 
12/05/2018, 37, 17, 22, , 19, 5, 
13/05/2018, 40, 17, 23, , 7, 4, 
14/05/2018, 41, 18, 14, , 16, 5, 
15/05/2018, 37, 18, 18, , 15, 4, 
16/05/2018, 31, 23, 20, , 9, 7, 
17/05/2018, 63, 33, 17, , 10, 6, 
18/05/2018, 57, 22, 19, , 6, 5, 
19/05/2018, 39, 28, 15, , 7, 7, 
20/05/2018, 63, 30, 20, , 12, 5, 
21/05/2018, 62, 35, 17, , 11, 7, 
22/05/2018, 63, 25, 13, , 6, 6, 
23/05/2018, 46, 18, 35, , 5, 4, 
24/05/2018, 37, 22, 29, , 11, 4, 
25/05/2018, 36, 24, 15, , 13, 5, 
26/05/2018, 42, 17, 26, , 7, 3, 
27/05/2018, 25, 16, 11, , 7, 4, 
28/05/2018, 38, 20, 26, , 14, 4, 
29/05/2018, 45, 24, 11, , 16, 4, 
30/05/2018, 45, 25, 9, , 16, 6, 
31/05/2018, 53, 22, 15, , 21, 4, 
01/06/2018, 36, 23, 31, , 4, 4, 
02/06/2018, 60, 42, 34, , 6, 6, 
03/06/2018, 98, 33, 15, , 13, 4, 
04/06/2018, 52, 24, 17, , 45, 4, 
05/06/2018, 47, 25, 21, , 46, 4, 
06/06/2018, 57, 27, 23, , 54, 4, 
07/06/2018, 55, 27, 13, , 37, 4, 
08/06/2018, 46, 24, 17, , 28, 5, 
09/06/2018, 64, 30, 13, , 45, 5, 
10/06/2018, 62, 25, 22, , 52, 6, 
11/06/2018, 49, 25, 14, , 54, 5, 
12/06/2018, 51, 21, 4, , 55, 4, 
13/06/2018, 38, 20, 5, , 48, 6, 
14/06/2018, 39, 17, 7, , 51, 4, 
15/06/2018, 38, 20, 14, , 48, 5, 
16/06/2018, 49, 20, 17, , 54, 4, 
17/06/2018, 43, 19, 4, , 54, 4, 
18/06/2018, 42, 18, 9, , 56, 4, 
19/06/2018, 32, 20, 4, , 52, 4, 
20/06/2018, 42, 26, 8, , 32, 7, 
21/06/2018, 58, 28, 8, , 31, 6, 
22/06/2018, 49, 17, 7, , 40, 3, 
23/06/2018, 29, 14, 11, , 9, 8, 
24/06/2018, 32, 29, 6, , 16, 3, 
25/06/2018, 34, 20, 4, , 23, 4, 
26/06/2018, 52, 19, 5, , 35, 4, 
27/06/2018, 33, 15, 6, , 28, 4, 
28/06/2018, 35, 14, 2, , 29, 4, 
29/06/2018, 30, 14, 7, , 40, 3, 
30/06/2018, 29, 14, 3, , 52, 10, 
01/07/2018, 33, 15, 7, , 36, 18, 
02/07/2018, 40, 18, 6, , 46, 4, 
03/07/2018, 35, 18, 9, , 51, 9, 
04/07/2018, 45, 20, 10, , 54, 3, 
05/07/2018, 45, 28, 13, , 50, 4, 
06/07/2018, 62, 28, 12, , 50, , 
07/07/2018, 57, 25, 10, , 43, 3, 
08/07/2018, 44, 23, 7, , 52, 4, 
09/07/2018, 50, 19, 6, , 29, 22, 
10/07/2018, 33, 15, 7, , 11, 3, 
11/07/2018, 36, 20, 12, , 19, 4, 
12/07/2018, 52, 31, 17, , 21, 4, 
13/07/2018, 71, 37, 16, , 14, 5, 
14/07/2018, 64, 31, 17, , 12, 5, 
15/07/2018, 56, 32, 17, , 13, 4, 
16/07/2018, 69, 32, 15, , 19, 4, 
17/07/2018, 68, 33, 15, , 22, 4, 
18/07/2018, 68, 34, 14, , 15, 5, 
19/07/2018, 66, 33, 15, , 18, 5, 
20/07/2018, 64, 28, 8, , 17, 4, 
21/07/2018, 44, 21, 11, , 17, 5, 
22/07/2018, 48, 28, 16, , 18, 5, 
23/07/2018, 64, 31, 16, , 18, 5, 
24/07/2018, 65, 26, 7, , 14, 5, 
25/07/2018, 46, 21, 17, , 13, 6, 
26/07/2018, 48, 26, 16, , 23, 5, 
27/07/2018, 56, 32, 21, , 20, 6, 
28/07/2018, 74, 34, 23, , 17, 5, 
29/07/2018, 65, 28, 11, , 15, 5, 
30/07/2018, 50, 23, 13, , 9, 6, 
31/07/2018, 57, 21, 6, , 11, 5, 
01/08/2018, 39, 17, 16, , 12, 5, 
02/08/2018, 38, 20, 20, , 16, 5, 
03/08/2018, 49, 28, 24, , 13, 5, 
04/08/2018, 57, 28, 27, , 15, 18, 
05/08/2018, 57, 28, 15, , 16, 6, 
06/08/2018, 62, 36, 23, , 14, 7, 
07/08/2018, 75, 30, 18, , 11, 5, 
08/08/2018, 49, 25, 24, , 10, 10, 
09/08/2018, 58, 27, 21, , 14, 19, 
10/08/2018, 59, 32, 26, , 17, 36, 
11/08/2018, 66, 30, 28, , 16, 4, 
12/08/2018, 62, 31, 23, , 15, 4, 
13/08/2018, 65, 30, 25, , 16, , 
14/08/2018, 59, 31, 25, , 16, , 
15/08/2018, 64, 36, 29, , 15, , 
16/08/2018, 71, 33, 21, , 14, 5, 
17/08/2018, 54, 32, 33, , 16, 4, 
18/08/2018, 65, 38, 34, , 13, 4, 
19/08/2018, 75, 34, 28, , 12, 4, 
20/08/2018, 58, 33, 22, , 16, 4, 
21/08/2018, 57, 29, 14, , 14, 5, 
22/08/2018, 53, 25, 13, , 8, 4, 
23/08/2018, 42, 21, 6, , 11, 5, 
24/08/2018, 51, 25, 20, , 11, 22, 
25/08/2018, 36, 23, 23, , 20, 4, 
26/08/2018, 34, 31, 26, , 18, 4, 
27/08/2018, 56, 41, 14, , 13, 4, 
28/08/2018, 74, 38, 16, , 14, 6, 
29/08/2018, 61, 27, 19, , 18, 4, 
30/08/2018, 41, 26, 11, , 12, 4, 
31/08/2018, 35, 33, 28, , 12, 5, 
01/09/2018, 68, 43, 14, , 13, 5, 
02/09/2018, 75, 32, 18, , 17, 3, 
03/09/2018, 41, 27, 7, , 12, 3, 
04/09/2018, 38, 40, 14, , 11, 6, 
05/09/2018, 61, 40, 22, , 11, 4, 
06/09/2018, 76, 44, 11, , 7, 7, 
07/09/2018, 84, 35, 14, , 6, 7, 
08/09/2018, 50, 25, 19, , 9, 6, 
09/09/2018, 52, 26, 16, , 12, 6, 
10/09/2018, 53, 33, 8, , 8, 8, 
11/09/2018, 59, 25, 14, , 13, 5, 
12/09/2018, 43, 31, 21, , 22, 4, 
13/09/2018, 66, 39, 30, , 25, 5, 
14/09/2018, 75, 41, 26, , 19, 5, 
15/09/2018, 74, 43, 28, , 24, 5, 
16/09/2018, 70, 40, 26, , 21, 4, 
17/09/2018, 59, 32, 17, , 12, 4, 
18/09/2018, 65, 39, 19, , 11, 6, 
19/09/2018, 67, 37, 28, , 13, 6, 
20/09/2018, 63, 26, 20, , 12, 5, 
21/09/2018, 39, 24, 17, , 13, 5, 
22/09/2018, 41, 31, 25, , 15, 7, 
23/09/2018, 63, 36, 31, , 29, 5, 
24/09/2018, 70, 39, 28, , 24, 5, 
25/09/2018, 64, 37, 22, , 17, 5, 
26/09/2018, 61, 40, 22, , 14, 6, 
27/09/2018, 68, 40, 26, , 20, 4, 
28/09/2018, 71, 43, 35, , 19, 17, 
29/09/2018, 73, 40, 27, , 15, 45, 
30/09/2018, 63, 35, 22, , 6, 6, 
01/10/2018, 64, 36, 23, , 3, 5, 
02/10/2018, 65, 43, 18, , 6, 6, 
03/10/2018, 74, 39, 14, , 4, 5, 
04/10/2018, 62, 41, 15, , 2, 4, 
05/10/2018, 74, 42, 9, , 3, 5, 
06/10/2018, 64, 35, 9, , 4, 7, 
07/10/2018, 55, 23, 7, , 2, 5, 
08/10/2018, 36, 22, 10, , 1, 6, 
09/10/2018, 45, 23, 10, , 1, 6, 
10/10/2018, 40, 25, 10, , 1, 6, 
11/10/2018, 42, 19, 7, , 2, 4, 
12/10/2018, 21, 14, 10, , 2, 4, 
13/10/2018, 26, 20, 8, , 1, 5, 
14/10/2018, 33, 21, 13, , 1, 5, 
15/10/2018, 49, 35, 11, , 1, 6, 
16/10/2018, 71, 31, 12, , 1, 6, 
17/10/2018, 48, 25, 11, , 4, 4, 
18/10/2018, 36, 26, 18, , 12, 4, 
19/10/2018, 35, 22, 11, , 7, 3, 
20/10/2018, 42, 31, 19, , 8, 4, 
21/10/2018, 63, 37, 16, , 7, 5, 
22/10/2018, 61, 32, 10, , 7, 5, 
23/10/2018, 55, 28, 15, , 5, 4, 
24/10/2018, 37, 31, 9, , 3, 6, 
25/10/2018, 72, 44, 21, , 6, 6, 
26/10/2018, 81, 47, 16, , 6, 6, 
27/10/2018, 66, 31, 14, , 5, 5, 
28/10/2018, 41, 22, 12, , 2, 5, 
29/10/2018, 42, 26, 12, , 3, 5, 
30/10/2018, 43, 21, 10, , 4, 5, 
31/10/2018, 35, 19, 10, , 2, 4, 
01/11/2018, 43, 30, 10, , 1, 6, 
02/11/2018, 56, 26, 11, , 6, 5, 
03/11/2018, 48, 25, 12, , 4, 5, 
04/11/2018, 38, 21, 9, , 4, 5, 
05/11/2018, 36, 20, 11, , 3, 5, 
06/11/2018, 30, 16, 19, , 2, 4, 
07/11/2018, 24, 17, 13, , 1, 4, 
08/11/2018, 20, 23, 4, , 12, 5, 
09/11/2018, 65, 36, 25, , 18, 6, 
10/11/2018, 57, 29, 8, , 5, 6, 
11/11/2018, 30, 19, 15, , 2, 5, 
12/11/2018, 27, 15, 9, , 3, 4, 
13/11/2018, 21, 19, 6, , 6, 5, 
14/11/2018, 47, 25, 3, , 7, 5, 
15/11/2018, 38, 28, 9, , 10, 7, 
16/11/2018, 61, 34, 7, , 16, 5, 
17/11/2018, 51, 28, 10, , 10, 5, 
18/11/2018, 53, 21, 10, , 8, 4, 
19/11/2018, 32, 26, 9, , 8, 6, 
20/11/2018, 44, 19, 13, , 5, 4, 
21/11/2018, 30, 18, 11, , 4, 4, 
22/11/2018, 30, 20, 9, , 2, 5, 
23/11/2018, 36, 22, 16, , 3, 5, 
24/11/2018, 34, 21, 13, , 2, 5, 
25/11/2018, 39, 21, 10, , 5, 4, 
26/11/2018, 38, 23, 7, , 6, 5, 
27/11/2018, 31, 23, 13, , 4, 6, 
28/11/2018, 47, 29, 9, , 4, 6, 
29/11/2018, 35, 20, 7, , 1, 4, 
30/11/2018, 30, 17, 9, , 1, 3, 
01/12/2018, 28, 14, 8, , 1, 3, 
02/12/2018, 19, 14, 8, , 1, 3, 
03/12/2018, 20, 21, 14, , 4, 5, 
04/12/2018, 42, 22, 7, , 5, 6, 
05/12/2018, 32, 19, 6, , 2, 6, 
06/12/2018, 34, 24, 10, , 1, 5, 
07/12/2018, 42, 18, 11, , 3, 6, 
08/12/2018, 30, 21, 13, , 3, 5, 
09/12/2018, 29, 18, 11, , 2, 4, 
10/12/2018, 26, 20, 5, , 2, 4, 
11/12/2018, 28, 17, 8, , 2, 4, 
12/12/2018, 24, 18, 7, , 2, 4, 
13/12/2018, 26, 16, 12, , 2, , 
14/12/2018, 24, 18, 14, , 1, 4, 
15/12/2018, 28, 18, 14, , 2, 4, 
16/12/2018, 20, 18, 18, , 6, 5, 
17/12/2018, 38, 24, 14, , 8, 5, 
18/12/2018, 32, 25, 14, , 4, 5, 
19/12/2018, 53, 25, 13, , 4, 5, 
20/12/2018, 30, 20, 10, , 3, 5, 
21/12/2018, 23, 24, 14, , 2, 5, 
22/12/2018, 50, 33, 23, , 4, 6, 
23/12/2018, 67, 36, 26, , 5, 6, 
24/12/2018, 63, 31, 23, , 3, 5, 
25/12/2018, 46, 25, 17, , 2, 5, 
26/12/2018, 32, 18, 19, , 2, 5, 
27/12/2018, 31, 22, 20, , 3, 5, 
28/12/2018, 44, 24, 20, , 3, 5, 
29/12/2018, 43, 24, 22, , 2, 5, 
30/12/2018, 41, , , , , , 
31/12/2018, , 16, 17, , 1, 5, 
01/01/2019, 23, 19, 28, , 1, 5, 
02/01/2019, 44, 28, 25, , 3, 12, 
03/01/2019, 54, 27, 22, , 1, 5, 
04/01/2019, 45, 37, 27, , 3, 6, 
05/01/2019, 73, 33, 17, , 5, 4, 
06/01/2019, 38, 23, 14, , 1, 12, 
07/01/2019, 30, 21, 9, , 1, 20, 
08/01/2019, 25, 22, 10, , 1, 9, 
09/01/2019, 35, 24, 12, , 1, 4, 
10/01/2019, 31, 22, 15, , 1, 4, 
11/01/2019, 30, 23, 21, , 2, 4, 
12/01/2019, 36, 24, 12, , 2, 7, 
13/01/2019, 31, 23, 11, , 1, 4, 
14/01/2019, 42, 26, 13, , 1, 4, 
15/01/2019, 39, 25, 16, , 2, 4, 
16/01/2019, 42, 18, 8, , 2, 4, 
17/01/2019, 15, 10, 7, , 1, 4, 
18/01/2019, 17, 13, 13, , 1, 4, 
19/01/2019, 36, 27, 11, , 1, 4, 
20/01/2019, 51, 25, 11, , 1, 4, 
21/01/2019, 49, 29, 12, , 2, 2, 
22/01/2019, 28, 23, 19, , 1, 4, 
23/01/2019, 35, 32, 22, , 1, 21, 
24/01/2019, 53, 33, 19, , 1, 5, 
25/01/2019, 51, 32, 19, , 1, 5, 
26/01/2019, 48, 28, 16, , 1, 25, 
27/01/2019, 38, 21, 12, , 1, 4, 
28/01/2019, 33, 22, 16, , 1, 5, 
29/01/2019, 34, 22, 16, , 1, 4, 
30/01/2019, 34, 22, 14, , 1, 4, 
31/01/2019, 34, 24, 13, , 3, 4, 
01/02/2019, 34, 21, 12, , 1, , 
02/02/2019, 21, 19, 11, , , , 
03/02/2019, 21, 21, 14, , 2, 36, 
04/02/2019, 25, 27, 15, , 3, 6, 
05/02/2019, 22, 21, 16, , 2, 36, 
06/02/2019, 23, 22, 19, , 2, 12, 
07/02/2019, 26, 25, 13, , 4, 4, 
08/02/2019, 24, 24, 15, , 6, 4, 
09/02/2019, 39, 19, 11, , 4, 36, 
10/02/2019, 25, 15, 16, , 2, 13, 
11/02/2019, 28, 19, 18, , 2, 4, 
12/02/2019, 39, 25, 12, , 2, , 
13/02/2019, 34, 23, 13, , , , 
14/02/2019, 35, 22, 11, , , 4, 
15/02/2019, 35, 17, 19, , 1, 5, 
16/02/2019, 37, 22, 20, , 3, 6, 
17/02/2019, 43, 23, 23, , 4, 7, 
18/02/2019, 48, 25, 10, , 2, 5, 
19/02/2019, 41, 27, 12, , 3, 4, 
20/02/2019, 49, 24, 14, , 3, 3, 
21/02/2019, 32, 23, 15, , 2, 3, 
22/02/2019, 43, 25, 19, , 4, 3, 
23/02/2019, 49, 25, 22, , 4, 3, 
24/02/2019, 42, 23, 18, , 2, 3, 
25/02/2019, 47, 19, 12, , 1, 3, 
26/02/2019, 25, 20, 16, , 1, 22, 
27/02/2019, 33, 26, 15, , 1, 3, 
28/02/2019, 50, 29, 18, , 1, 3, 
01/03/2019, 50, 25, 26, , 1, 3, 
02/03/2019, 47, 26, 31, , 3, 3, 
03/03/2019, 49, 29, 33, , 6, 4, 
04/03/2019, 55, 32, 25, , 5, , 
05/03/2019, 57, 28, 17, , 1, 5, 
06/03/2019, 47, 26, 16, , 1, 5, 
07/03/2019, 51, 30, 14, , 4, 5, 
08/03/2019, 55, 29, 24, , 4, 5, 
09/03/2019, 55, 24, 13, , 4, 8, 
10/03/2019, 38, 22, 12, , 5, 6, 
11/03/2019, 44, 22, 16, , 3, 6, 
12/03/2019, 34, 22, 21, , 2, 6, 
13/03/2019, 55, 23, 21, , 2, 14, 
14/03/2019, 42, 24, 26, , 2, 5, 
15/03/2019, 52, 24, 12, , 4, 5, 
16/03/2019, 44, 24, 18, , 1, 5, 
17/03/2019, 65, 28, 23, , 3, 4, 
18/03/2019, 56, 26, 23, , 1, 4, 
19/03/2019, 49, 26, 27, , 2, 4, 
20/03/2019, 54, 26, 22, , 3, 5, 
21/03/2019, 37, 21, 29, , 2, 6, 
22/03/2019, 51, 35, 40, , 3, 6, 
23/03/2019, 72, 31, 44, , 4, 5, 
24/03/2019, 51, 30, 16, , 3, 6, 
25/03/2019, 60, 26, 13, , 1, 5, 
26/03/2019, 50, 25, 18, , , 3, 
27/03/2019, 49, 28, 16, , 3, 4, 
28/03/2019, 53, 30, 25, , 5, 7, 
29/03/2019, 57, 31, 11, , 8, 5, 
30/03/2019, 56, 30, 19, , 10, 4, 
31/03/2019, 58, 24, 18, , 7, 5, 
01/04/2019, 37, 19, 22, , 2, 5, 
02/04/2019, 48, 23, 17, , 3, 5, 
03/04/2019, 36, 16, 19, , 3, 4, 
04/04/2019, 28, 18, 15, , 2, 4, 
05/04/2019, 46, 25, 17, , 4, 4, 
06/04/2019, 43, 29, 29, , 4, 5, 
07/04/2019, 58, 24, 18, , 5, 4, 
08/04/2019, 37, 21, 17, , 2, 5, 
09/04/2019, 44, 24, 17, , 2, 6, 
10/04/2019, 51, 32, 4, , 4, 8, 
11/04/2019, 75, 34, 19, , 9, 6, 
12/04/2019, 59, 30, 22, , 13, 5, 
13/04/2019, 53, 22, 8, , 10, 6, 
14/04/2019, 42, 19, 11, , 5, 6, 
15/04/2019, 40, 21, 11, , 8, 5, 
16/04/2019, 40, 24, 14, , 6, 6, 
17/04/2019, 55, 30, 19, , 5, 5, 
18/04/2019, 64, 30, 20, , 3, 5, 
19/04/2019, 57, 29, 11, , 5, 7, 
20/04/2019, 65, 37, 23, , 5, 7, 
21/04/2019, 70, 26, 10, , 9, 4, 
22/04/2019, 45, 27, 9, , 6, 6, 
23/04/2019, 51, 21, 15, , 2, 6, 
24/04/2019, 42, 27, 10, , 5, 6, 
25/04/2019, 68, 27, 4, , 3, 6, 
26/04/2019, 41, 16, 7, , 3, 5, 
27/04/2019, 36, 21, 27, , 10, 4, 
28/04/2019, 49, 26, 15, , 7, 5, 
29/04/2019, 49, 23, 18, , 2, 5, 
30/04/2019, 43, 33, 26, , 2, 7, 
01/05/2019, 66, 33, 22, , 6, 6, 
02/05/2019, 81, 46, 19, , 7, 7, 
03/05/2019, 96, 39, 8, , 6, 6, 
04/05/2019, 69, 29, 16, , 5, 6, 
05/05/2019, 46, 17, 15, , 3, 4, 
06/05/2019, 28, 18, 19, , 3, 4, 
07/05/2019, 41, 20, 10, , 6, 5, 
08/05/2019, 38, 21, 15, , 5, 5, 
09/05/2019, 39, 21, 16, , 4, 4, 
10/05/2019, 40, 30, 8, , 5, 7, 
11/05/2019, 67, 33, 20, , 10, 5, 
12/05/2019, 68, 29, 11, , 5, 6, 
13/05/2019, 56, 33, 12, , 6, 8, 
14/05/2019, 64, 27, 9, , 7, 7, 
15/05/2019, 51, 22, 8, , 6, 5, 
16/05/2019, 36, 21, 14, , 6, 5, 
17/05/2019, 35, 19, 13, , 6, 5, 
18/05/2019, 43, 19, 12, , 7, 4, 
19/05/2019, 34, 23, 13, , 10, 5, 
20/05/2019, 51, 21, 8, , 9, 7, 
21/05/2019, 43, 25, 4, , 6, 8, 
22/05/2019, 56, 24, 8, , 13, 6, 
23/05/2019, 41, 24, 13, , 11, 5, 
24/05/2019, 44, 19, 7, , 11, 4, 
25/05/2019, 33, 16, 23, , 8, 4, 
26/05/2019, 35, 16, 10, , 5, 4, 
27/05/2019, 28, 15, 8, , 6, 4, 
28/05/2019, 26, 19, 11, , 8, 4, 
29/05/2019, 35, 19, 4, , 10, 4, 
30/05/2019, 36, 23, 5, , 5, 6, 
31/05/2019, 45, 18, 7, , 8, 4, 
01/06/2019, 29, 16, 9, , 7, 5, 
02/06/2019, 32, 15, 6, , 6, 4, 
03/06/2019, 30, 17, 3, , 5, 6, 
04/06/2019, 42, 19, 13, , 7, 5, 
05/06/2019, 38, 21, 3, , 6, 7, 
06/06/2019, 47, 16, 3, , 5, 4, 
07/06/2019, 31, 20, 4, , 5, 7, 
08/06/2019, 47, 22, 6, , 9, 4, 
09/06/2019, 38, 21, 9, , 8, 5, 
10/06/2019, 48, 20, 7, , 11, 4, 
11/06/2019, 32, 15, 6, , 10, 4, 
12/06/2019, 29, 15, 4, , 11, 5, 
13/06/2019, 32, 16, 6, , 11, 4, 
14/06/2019, 25, 14, 7, , 7, 4, 
15/06/2019, 26, 17, 12, , 10, 20, 
16/06/2019, 29, 15, 6, , 13, 4, 
17/06/2019, 30, 18, 2, , 10, 5, 
18/06/2019, 37, 22, 2, , 10, 5, 
19/06/2019, 46, 23, 4, , 14, 4, 
20/06/2019, 32, 20, 7, , 7, 5, 
21/06/2019, 34, 18, 7, , 9, 4, 
22/06/2019, 34, 19, 11, , 9, 4, 
23/06/2019, 33, 17, 7, , 12, 4, 
24/06/2019, 36, 28, 13, , 13, 4, 
25/06/2019, 66, 30, 6, , 11, 4, 
26/06/2019, 57, 35, 10, , 18, 5, 
27/06/2019, 63, 28, 8, , 14, 4, 
28/06/2019, 47, 30, 12, , 11, 4, 
29/06/2019, 58, 30, 11, , 10, 4, 
30/06/2019, 46, 26, 10, , 13, 4, 
01/07/2019, 51, 31, 14, , 12, 4, 
02/07/2019, 59, 35, 9, , 11, 5, 
03/07/2019, 69, 38, 11, , 9, 6, 
04/07/2019, 64, 30, 7, , 9, 21, 
05/07/2019, 44, 22, 10, , 10, 4, 
06/07/2019, 38, 21, 7, , 10, 4, 
07/07/2019, 39, 22, 6, , 11, 5, 
08/07/2019, 41, 24, 7, , 8, 6, 
09/07/2019, 51, 27, 10, , 9, 5, 
10/07/2019, 49, 28, 13, , 6, , 
11/07/2019, 43, 25, 8, , 10, 45, 
12/07/2019, 42, 23, 9, , 9, 45, 
13/07/2019, 43, 24, 13, , 9, 25, 
14/07/2019, 45, 26, 11, , 7, 6, 
15/07/2019, 48, 27, 13, , 8, 11, 
16/07/2019, 60, 34, 15, , 10, 4, 
17/07/2019, 66, 34, 14, , 9, 4, 
18/07/2019, 62, 31, 10, , 9, , 
19/07/2019, 48, 28, 10, , 12, 5, 
20/07/2019, 56, 29, 11, , 12, 4, 
21/07/2019, 58, 24, 6, , 11, 5, 
22/07/2019, 44, 25, 3, , 8, 6, 
23/07/2019, 50, 29, 7, , 8, 7, 
24/07/2019, 56, 30, 12, , 12, 4, 
25/07/2019, 50, 28, 11, , 11, 4, 
26/07/2019, 55, 29, 12, , 12, 4, 
27/07/2019, 54, 29, 11, , 10, 5, 
28/07/2019, 50, 26, 12, , 9, 4, 
29/07/2019, 54, 34, 13, , 9, 5, 
30/07/2019, 67, 36, 15, , 9, 4, 
31/07/2019, 62, 33, 16, , 10, 4, 
01/08/2019, 62, 36, 13, , 10, 4, 
02/08/2019, 64, 34, 9, , 10, 12, 
03/08/2019, 56, 31, 12, , 10, 4, 
04/08/2019, 50, 33, 13, , 13, 5, 
05/08/2019, 70, 43, 14, , 11, 5, 
06/08/2019, 77, 44, 15, , 10, 5, 
07/08/2019, 72, 44, 18, , 11, 5, 
08/08/2019, 80, 41, 19, , 13, 5, 
09/08/2019, 77, 42, 15, , 13, 4, 
10/08/2019, 73, 39, 16, , 13, 4, 
11/08/2019, 50, 34, 15, , 12, 4, 
12/08/2019, 63, 36, 11, , 12, 4, 
13/08/2019, 64, 36, 11, , 18, 4, 
14/08/2019, 63, 41, 9, , 13, 5, 
15/08/2019, 62, 41, 12, , 16, 5, 
16/08/2019, 61, 45, 13, , 17, 5, 
17/08/2019, 71, 47, 15, , 11, 4, 
18/08/2019, 62, 39, 11, , 9, 4, 
19/08/2019, 60, 41, 14, , 12, 5, 
20/08/2019, 66, 43, 11, , 9, 4, 
21/08/2019, 58, 40, 9, , 14, 4, 
22/08/2019, 52, 38, 12, , 13, 4, 
23/08/2019, 54, 44, 14, , 11, 4, 
24/08/2019, 64, 45, 14, , 15, 5, 
25/08/2019, 71, 55, 13, , 9, 9, 
26/08/2019, 102, 44, 6, , 8, 9, 
27/08/2019, 64, 36, 8, , 11, 7, 
28/08/2019, 62, 37, 12, , 16, 5, 
29/08/2019, 62, 39, 11, , 29, 4, 
30/08/2019, 63, 43, 15, , 27, 3, 
31/08/2019, 61, 48, 17, , 34, 4, 
01/09/2019, 80, 48, 14, , 21, 5, 
02/09/2019, 74, 49, 13, , 15, 5, 
03/09/2019, 76, 44, 11, , 16, 5, 
04/09/2019, 66, 45, 15, , 16, 5, 
05/09/2019, 80, 51, 16, , 15, 5, 
06/09/2019, 83, 52, 20, , 16, 5, 
07/09/2019, 87, 51, 19, , 15, 5, 
08/09/2019, 80, 55, 16, , 20, 6, 
09/09/2019, 112, 60, 13, , 18, 7, 
10/09/2019, 117, 56, 10, , 15, 6, 
11/09/2019, 92, 55, 17, , 16, 7, 
12/09/2019, 120, 63, 19, , 18, 8, 
13/09/2019, 132, 67, 17, , 16, 10, 
14/09/2019, 140, 76, 20, , 13, 8, 
15/09/2019, 134, 61, 18, , 17, 7, 
16/09/2019, 113, 63, 18, , 19, 8, 
17/09/2019, 130, 73, 16, , 19, 9, 
18/09/2019, 159, 76, 15, , 15, 7, 
19/09/2019, 107, 51, 11, , 10, 4, 
20/09/2019, 78, 62, 19, , 15, 7, 
21/09/2019, 137, 67, 24, , 9, 9, 
22/09/2019, 151, 72, 12, , 6, 9, 
23/09/2019, 138, 61, 14, , 3, 8, 
24/09/2019, 107, 45, 8, , 2, 7, 
25/09/2019, 63, 34, 27, , 6, 8, 
26/09/2019, 85, 46, 20, , 9, 7, 
27/09/2019, 90, 47, 17, , 7, 9, 
28/09/2019, 95, 50, 16, , 8, 9, 
29/09/2019, 76, 26, 9, , 5, 6, 
30/09/2019, 52, 29, 7, , 9, 7, 
01/10/2019, 64, 39, 11, , 11, 8, 
02/10/2019, 72, 35, 10, , 10, 6, 
03/10/2019, 66, 30, 8, , 11, 6, 
04/10/2019, 56, 25, 12, , 10, 4, 
05/10/2019, 45, 30, 15, , 17, 4, 
06/10/2019, 56, 31, 6, , 11, 5, 
07/10/2019, 63, 31, 10, , 14, 5, 
08/10/2019, 58, 32, 9, , 7, 6, 
09/10/2019, 59, 31, 18, , 6, 6, 
10/10/2019, 66, 36, 15, , 6, 7, 
11/10/2019, 69, 33, 12, , 8, 6, 
12/10/2019, 67, 38, 11, , 9, 7, 
13/10/2019, 71, 32, 16, , 11, 6, 
14/10/2019, 56, 34, 12, , 9, 6, 
15/10/2019, 64, 35, 11, , 7, 7, 
16/10/2019, 57, 29, 7, , 7, 7, 
17/10/2019, 54, 28, 5, , 9, 7, 
18/10/2019, 57, 35, 14, , 16, 7, 
19/10/2019, 75, 35, 13, , 8, 6, 
20/10/2019, 58, 25, 5, , 9, 6, 
21/10/2019, 50, 21, 3, , 7, 6, 
22/10/2019, 35, 21, 15, , 9, 6, 
23/10/2019, 51, 41, 8, , 13, 8, 
24/10/2019, 80, 38, 13, , 7, 6, 
25/10/2019, 60, 28, 7, , 10, 6, 
26/10/2019, 38, 20, 11, , 4, 6, 
27/10/2019, 34, 18, 9, , 4, 5, 
28/10/2019, 34, 24, 12, , 8, 5, 
29/10/2019, 71, 40, 13, , 15, 5, 
30/10/2019, 73, 39, 4, , 12, 7, 
31/10/2019, 87, 37, 11, , 8, 6, 
01/11/2019, 45, 35, 2, , 10, 9, 
02/11/2019, 88, 37, 11, , 10, 5, 
03/11/2019, 51, 26, 4, , 12, 6, 
04/11/2019, 70, 45, 9, , 8, 8, 
05/11/2019, 106, 47, 12, , 17, 6, 
06/11/2019, 86, 48, 20, , 14, 7, 
07/11/2019, 98, 40, 11, , 10, 5, 
08/11/2019, 45, 23, 17, , 7, 6, 
09/11/2019, 58, 36, 17, , 9, 5, 
10/11/2019, 47, 29, 13, , 6, 6, 
11/11/2019, 69, 35, 13, , 5, 6, 
12/11/2019, 86, 55, 27, , 5, 9, 
13/11/2019, 126, 47, 16, , 6, 7, 
14/11/2019, 65, 25, 12, , 3, 6, 
15/11/2019, 39, 19, 18, , 3, 6, 
16/11/2019, 39, 31, 29, , 7, 7, 
17/11/2019, 58, 31, 18, , 9, 6, 
18/11/2019, 50, 31, 10, , 5, 7, 
19/11/2019, 44, 23, 6, , 3, 7, 
20/11/2019, 35, 19, 7, , 2, 5, 
21/11/2019, 28, 19, 8, , 2, 5, 
22/11/2019, 30, 16, 12, , 3, 5, 
23/11/2019, 21, 18, 14, , 3, 5, 
24/11/2019, 30, 19, 18, , 2, 7, 
25/11/2019, 29, 17, 12, , 2, 5, 
26/11/2019, 25, 17, 9, , 2, 4, 
27/11/2019, 25, 19, 7, , 4, 5, 
28/11/2019, 28, 21, 8, , 4, 5, 
29/11/2019, 28, 18, 16, , 5, 5, 
30/11/2019, 26, 18, 17, , 5, 5, 
01/12/2019, 25, 15, 10, , 4, 4, 
02/12/2019, 22, 20, 13, , 2, 4, 
03/12/2019, 32, 32, 16, , 2, 4, 
04/12/2019, 47, 31, 15, , 2, 5, 
05/12/2019, 51, 29, 18, , 2, 5, 
06/12/2019, 41, 27, 20, , 2, 4, 
07/12/2019, 45, 27, 17, , 2, 4, 
08/12/2019, 37, 16, 12, , 2, 4, 
09/12/2019, 18, 18, 9, , 2, 5, 
10/12/2019, 36, 20, 6, , 2, 5, 
11/12/2019, 16, 14, 13, , 2, 4, 
12/12/2019, 34, 29, 10, , 2, 4, 
13/12/2019, 40, 18, 7, , 2, 4, 
14/12/2019, 19, 18, 4, , 3, 4, 
15/12/2019, 22, 19, 8, , 3, 4, 
16/12/2019, 25, 23, 4, , 3, 5, 
17/12/2019, 30, 24, 8, , 1, 5, 
18/12/2019, 31, 21, 8, , 1, 5, 
19/12/2019, 24, 18, 8, , 1, 4, 
20/12/2019, 36, 33, 7, , 1, 3, 
21/12/2019, 26, 23, 9, , 1, 3, 
22/12/2019, 26, 37, 13, , 1, 3, 
23/12/2019, 44, 37, 7, , 1, 4, 
24/12/2019, 34, 34, 10, , 1, 7, 
25/12/2019, 39, 32, 10, , 2, 4, 
26/12/2019, 44, 23, 10, , , 3, 
27/12/2019, 32, 16, 13, , 2, 3, 
28/12/2019, 32, 28, 14, , 2, 3, 
29/12/2019, 43, , , , , , 
31/12/2019, , 23, 13, , 2, 3, 
01/01/2020, 30, 23, 11, , 2, 3, 
02/01/2020, 30, 30, 11, , 2, 4, 
03/01/2020, 39, 28, 10, , 2, , 
04/01/2020, 33, 30, 13, , 2, , 
05/01/2020, 37, 28, 12, , 2, 4, 
06/01/2020, 31, 16, 10, , 2, 4, 
07/01/2020, 25, 20, 10, , 2, 5, 
08/01/2020, 30, 25, 11, , 3, 5, 
09/01/2020, 33, 28, 8, , 2, 5, 
10/01/2020, 35, 28, 14, , 2, 4, 
11/01/2020, 38, 31, 14, , 3, 4, 
12/01/2020, 48, 34, 15, , 4, 5, 
13/01/2020, 49, 31, 13, , 3, 4, 
14/01/2020, 39, 32, 13, , 3, 4, 
15/01/2020, 44, 34, 10, , 3, 4, 
16/01/2020, 55, 49, 14, , 4, 4, 
17/01/2020, 76, 38, 9, , 3, 4, 
18/01/2020, 43, 23, 11, , 3, 4, 
19/01/2020, 34, 29, 9, , 3, 4, 
20/01/2020, 44, 23, 7, , 3, 4, 
21/01/2020, 27, 29, 12, , 3, 4, 
22/01/2020, 38, 27, 12, , 3, 5, 
23/01/2020, 34, 27, 14, , 2, 4, 
24/01/2020, 35, 27, 17, , 2, 5, 
25/01/2020, 38, 26, 20, , 2, 5, 
26/01/2020, 38, 26, 15, , 4, 5, 
27/01/2020, 31, 25, 14, , 2, 4, 
28/01/2020, 35, 25, 8, , 2, 5, 
29/01/2020, 30, 16, 15, , 2, 4, 
30/01/2020, 28, 22, 15, , 2, 4, 
31/01/2020, 34, 28, 17, , 2, 5, 
01/02/2020, 33, 33, 17, , 3, 5, 
02/02/2020, 46, 36, 18, , 3, 5, 
03/02/2020, 49, 36, 18, , 3, 5, 
04/02/2020, 56, 34, 13, , 3, 5, 
05/02/2020, 48, 30, 16, , , 5, 
06/02/2020, 42, 32, 16, , , 5, 
07/02/2020, 41, 34, 13, , , 5, 
08/02/2020, 49, 31, 9, , , 5, 
09/02/2020, 33, 16, 14, , 4, 4, 
10/02/2020, 20, 19, 6, , 3, 4, 
11/02/2020, 23, 20, 13, , 3, 4, 
12/02/2020, 35, 29, 12, , 3, 4, 
13/02/2020, 37, 31, 13, , 3, 4, 
14/02/2020, 44, 30, 19, , 4, 5, 
15/02/2020, 42, 31, 22, , 5, 5, 
16/02/2020, 59, 34, 13, , 4, 6, 
17/02/2020, 38, 20, 8, , 3, 5, 
18/02/2020, 29, 24, 15, , 2, 4, 
19/02/2020, 38, 28, 14, , 3, 5, 
20/02/2020, 35, 25, 12, , 3, 4, 
21/02/2020, 26, 30, 15, , , 4, 
22/02/2020, 39, 32, 15, , , 4, 
23/02/2020, 38, 31, 13, , 3, 4, 
24/02/2020, 40, 36, 15, , 3, 4, 
25/02/2020, 41, 32, 12, , 2, 4, 
26/02/2020, 41, 23, 13, , 2, 4, 
27/02/2020, 33, 27, 13, , 3, 4, 
28/02/2020, 34, 29, 19, , 3, 4, 
29/02/2020, 40, 29, 14, , 4, 4, 
01/03/2020, 39, 24, 14, , 3, 5, 
02/03/2020, 32, 21, 10, , 3, 5, 
03/03/2020, 41, 25, 13, , 3, 5, 
04/03/2020, 37, 28, 9, , 3, 5, 
05/03/2020, 45, 29, 16, , 2, 6, 
06/03/2020, 48, 25, 13, , 2, 5, 
07/03/2020, 31, 24, 15, , 2, 6, 
08/03/2020, 44, 27, 28, , 4, 6, 
09/03/2020, 68, 49, 29, , 7, 6, 
10/03/2020, 70, 42, 18, , 6, 6, 
11/03/2020, 55, 37, 17, , 2, 6, 
12/03/2020, 63, 29, 16, , 3, 4, 
13/03/2020, 39, 24, 26, , 4, 4, 
14/03/2020, 38, 25, 13, , 3, 3, 
15/03/2020, 36, 20, 12, , 3, 4, 
16/03/2020, 35, 27, 16, , 2, 4, 
17/03/2020, 45, 29, 13, , 2, 5, 
18/03/2020, 41, 23, 18, , 3, 5, 
19/03/2020, 45, 22, 18, , 3, 4, 
20/03/2020, 50, 22, 14, , 3, 4, 
21/03/2020, 49, 22, 12, , 3, 4, 
22/03/2020, 38, 23, 4, , 3, 5, 
23/03/2020, 40, 22, 11, , 2, 4, 
24/03/2020, 46, 22, 10, , 2, 4, 
25/03/2020, 46, 23, 11, , 3, 5, 
26/03/2020, 36, 21, 12, , 3, 4, 
27/03/2020, 34, 24, 16, , 4, 5, 
28/03/2020, 47, 22, 11, , 5, 5, 
29/03/2020, 39, , , , , , 
31/03/2020, , 26, 26, , 5, 4, 
01/04/2020, 49, 22, 18, , 5, 4, 
02/04/2020, 34, 20, 12, , 3, 5, 
03/04/2020, 44, 21, 12, , 3, , 
04/04/2020, 52, 20, 10, , 3, 5, 
05/04/2020, 48, 21, 4, , 3, 5, 
06/04/2020, 36, 18, 9, , 3, 6, 
07/04/2020, 42, 21, 14, , 4, 6, 
08/04/2020, 53, 19, 12, , 5, 5, 
09/04/2020, 45, 24, 20, , 4, 3, 
10/04/2020, 46, 26, 14, , 4, , 
11/04/2020, 40, 25, 11, , 3, 2, 
12/04/2020, 34, 24, 8, , 3, 2, 
13/04/2020, 42, 25, 14, , 3, 3, 
14/04/2020, 44, 29, 11, , 3, 5, 
15/04/2020, 47, 27, 12, , 3, 4, 
16/04/2020, 37, 27, 15, , 3, 4, 
17/04/2020, 46, 26, 11, , 3, 5, 
18/04/2020, 45, 27, 15, , 4, 5, 
19/04/2020, 37, 24, 14, , 4, 4, 
20/04/2020, 35, 24, 7, , 4, 5, 
21/04/2020, 38, 24, 10, , 4, 5, 
22/04/2020, 34, 23, 6, , 3, 5, 
23/04/2020, 39, 25, 7, , 4, 5, 
24/04/2020, 34, 23, 6, , 4, 5, 
25/04/2020, 34, 23, 7, , 5, 5, 
26/04/2020, 33, 21, 4, , 4, 5, 
27/04/2020, 28, 20, 7, , 4, 5, 
28/04/2020, 23, 19, 8, , 4, 5, 
29/04/2020, 31, 22, 7, , 4, 5, 
30/04/2020, 34, 17, 6, , 4, 4, 
01/05/2020, 26, 20, 7, , 4, 5, 
02/05/2020, 32, 19, 7, , 4, 4, 
03/05/2020, 28, 19, 4, , 4, 4, 
04/05/2020, 31, 21, 15, , 5, 6, 
05/05/2020, 36, 20, 15, , 5, 6, 
06/05/2020, 38, 20, 16, , 5, 5, 
07/05/2020, 50, 22, 11, , 5, 4, 
08/05/2020, 33, 18, 14, , 9, 4, 
09/05/2020, 23, 20, 8, , 5, 3, 
10/05/2020, 28, 19, 7, , 4, 3, 
11/05/2020, 22, 20, 13, , 5, 3, 
12/05/2020, 27, 22, 10, , 4, 3, 
13/05/2020, 31, 22, 16, , 4, 4, 
14/05/2020, 37, 28, 13, , 6, 5, 
15/05/2020, 43, 21, 10, , 9, 4, 
16/05/2020, 25, 21, 8, , 3, 4, 
17/05/2020, 31, 20, 12, , 4, 4, 
18/05/2020, 26, 23, 14, , 4, 4, 
19/05/2020, 40, 25, 8, , 6, 4, 
20/05/2020, 34, 22, 22, , 5, 5, 
21/05/2020, 39, 29, 16, , 2, 5, 
22/05/2020, 53, 25, 11, , 2, 4, 
23/05/2020, 33, 26, 22, , 4, 4, 
24/05/2020, 48, 31, 24, , 4, 5, 
25/05/2020, 53, 32, 21, , 4, 5, 
26/05/2020, 50, 26, 16, , 3, 4, 
27/05/2020, 25, 25, 14, , 3, 4, 
28/05/2020, 39, 23, 9, , 3, 4, 
29/05/2020, 29, 25, 14, , 5, 5, 
30/05/2020, 42, 30, 10, , 3, 5, 
31/05/2020, 39, 25, 5, , 2, 4, 
01/06/2020, 40, 25, 15, , 4, 5, 
02/06/2020, 39, 28, 9, , 5, 5, 
03/06/2020, 39, 18, 9, , 5, 3, 
04/06/2020, 23, 14, 8, , 5, 3, 
05/06/2020, 22, 17, 7, , 4, 4, 
06/06/2020, 31, 29, 13, , 6, 5, 
07/06/2020, 43, 25, 23, , 5, 5, 
08/06/2020, 44, 25, 10, , 6, 4, 
09/06/2020, 36, 22, 10, , 6, 4, 
10/06/2020, 23, 27, 9, , 5, 5, 
11/06/2020, 44, 25, 7, , 5, 4, 
12/06/2020, 29, 21, 8, , 5, 4, 
13/06/2020, 26, 22, 13, , 6, 4, 
14/06/2020, 38, 27, 9, , 12, 4, 
15/06/2020, 35, 26, 10, , 6, 5, 
16/06/2020, 36, 23, 6, , 4, 4, 
17/06/2020, 30, 25, 9, , 4, 5, 
18/06/2020, 28, 18, 9, , 3, 5, 
19/06/2020, 24, 19, 5, , 5, 5, 
20/06/2020, 21, 21, 5, , 7, , 
21/06/2020, 27, 21, 6, , 6, 5, 
22/06/2020, 30, 18, 5, , 5, 4, 
23/06/2020, 14, 17, 5, , 12, 3, 
24/06/2020, 21, 23, 9, , 12, 4, 
25/06/2020, 31, 23, 10, , 13, 4, 
26/06/2020, 32, 28, 10, , 8, 4, 
27/06/2020, 37, 28, 10, , 10, 4, 
28/06/2020, 33, 25, 11, , 15, , 
29/06/2020, 33, 29, 11, , 10, , 
30/06/2020, 34, 26, 8, , 9, , 
01/07/2020, 29, 22, 10, , 16, , 
02/07/2020, 27, 18, 10, , 13, 4, 
03/07/2020, 19, 17, 10, , 11, , 
04/07/2020, 22, 22, 11, , 7, 5, 
05/07/2020, 28, 26, 8, , 5, 6, 
06/07/2020, 33, 23, 5, , 4, 4, 
07/07/2020, 26, 22, 7, , 4, 4, 
08/07/2020, 20, 17, 5, , 3, , 
09/07/2020, 17, 21, 10, , 5, 4, 
10/07/2020, 29, 20, 7, , 7, 4, 
11/07/2020, 29, 22, 9, , 6, 5, 
12/07/2020, 37, 19, 6, , 6, 3, 
13/07/2020, 23, 16, 5, , 2, 3, 
14/07/2020, 24, 18, 6, , 4, 3, 
15/07/2020, 19, 19, 9, , 7, 4, 
16/07/2020, 25, 27, 9, , 4, 5, 
17/07/2020, 34, 23, 6, , 4, 4, 
18/07/2020, 29, 26, 11, , 7, 4, 
19/07/2020, 32, 18, 9, , 9, 4, 
20/07/2020, 19, 15, 10, , 5, 5, 
21/07/2020, 20, 20, 5, , 7, 5, 
22/07/2020, 37, 23, 7, , 4, 3, 
23/07/2020, 30, 24, 5, , 4, 4, 
24/07/2020, 38, 22, 3, , 5, 3, 
25/07/2020, 28, 27, 10, , 6, 4, 
26/07/2020, 44, 37, 6, , 5, 4, 
27/07/2020, 44, 31, 8, , 5, 4, 
28/07/2020, 39, 33, 8, , 5, 4, 
29/07/2020, 52, 44, 11, , 6, 6, 
30/07/2020, 60, 37, 13, , 7, 4, 
31/07/2020, 45, 30, 15, , 7, 4, 
01/08/2020, 53, 38, 18, , 9, 4, 
02/08/2020, 59, 35, 14, , 5, 4, 
03/08/2020, 53, 27, 5, , 4, 3, 
04/08/2020, 19, 19, 8, , 8, 3, 
05/08/2020, 30, 21, 9, , 11, 3, 
06/08/2020, 31, 27, 12, , 7, 4, 
07/08/2020, 41, 27, 13, , 7, 3, 
08/08/2020, 37, 27, 16, , 7, 3, 
09/08/2020, 45, 33, 14, , 7, 3, 
10/08/2020, 60, 34, 15, , 11, 3, 
11/08/2020, 63, 35, 7, , 9, 3, 
12/08/2020, 47, 35, 9, , 3, 4, 
13/08/2020, 35, 21, 5, , 5, 4, 
14/08/2020, 33, 30, 11, , 4, 5, 
15/08/2020, 51, 31, 13, , 10, 5, 
16/08/2020, 35, 22, 7, , 13, 4, 
17/08/2020, 33, 22, 7, , 7, 4, 
18/08/2020, 28, 28, 7, , 7, 5, 
19/08/2020, 41, 32, 8, , 5, 4, 
20/08/2020, 46, 29, 12, , 7, 4, 
21/08/2020, 40, 28, 12, , 9, 5, 
22/08/2020, 45, 33, 3, , 5, 6, 
23/08/2020, 43, 29, 9, , 4, 5, 
24/08/2020, 35, 28, 6, , 6, 4, 
25/08/2020, 37, 22, 8, , 14, 4, 
26/08/2020, 28, 21, 9, , 14, , 
27/08/2020, 38, 32, 11, , 14, 4, 
28/08/2020, 46, 30, 6, , 9, 5, 
29/08/2020, 52, 30, 13, , 8, 5, 
30/08/2020, 37, 24, 10, , 9, , 
31/08/2020, 37, 30, 9, , 9, 4, 
01/09/2020, 43, 29, 6, , 7, 4, 
02/09/2020, 39, 30, 5, , 7, 5, 
03/09/2020, 52, 26, 6, , 9, 4, 
04/09/2020, 27, 24, 3, , 6, 4, 
05/09/2020, 31, 24, 9, , 9, 4, 
06/09/2020, 29, 27, 10, , 5, 5, 
07/09/2020, 44, 28, 8, , 7, 4, 
08/09/2020, 39, 25, 9, , 6, 4, 
09/09/2020, 32, 28, 7, , 5, 5, 
10/09/2020, 40, 19, 8, , 5, 3, 
11/09/2020, 20, 23, 4, , 7, 4, 
12/09/2020, 33, 31, 5, , 10, 5, 
13/09/2020, 49, 33, 3, , 6, 5, 
14/09/2020, 45, 28, 13, , 4, 7, 
15/09/2020, 55, 28, 9, , 6, 5, 
16/09/2020, 35, 26, 11, , 6, 6, 
17/09/2020, 40, 27, 14, , 10, 5, 
18/09/2020, 44, 26, 16, , 8, 4, 
19/09/2020, 37, 26, 15, , 10, 5, 
20/09/2020, 39, 25, 6, , 3, 5, 
21/09/2020, 33, 23, 11, , 6, 4, 
22/09/2020, 29, 35, 8, , 5, 6, 
23/09/2020, 50, 30, 10, , 5, 4, 
24/09/2020, 36, 27, 13, , 6, 4, 
25/09/2020, 52, 26, 9, , 5, 4, 
26/09/2020, 23, 22, 10, , 4, , 
27/09/2020, 27, 28, 10, , 9, 4, 
28/09/2020, 42, 22, 5, , 14, 5, 
29/09/2020, 36, 26, 8, , 13, 5, 
30/09/2020, 41, 25, 6, , 8, 5, 
01/10/2020, 36, 23, 11, , 7, 4, 
02/10/2020, 35, 22, 8, , 8, 4, 
03/10/2020, 26, 22, 13, , 12, 4, 
04/10/2020, 39, 32, 11, , 6, 5, 
05/10/2020, 56, 36, 12, , 7, 5, 
06/10/2020, 55, 28, 13, , 8, 4, 
07/10/2020, 33, 18, 11, , 4, 4, 
08/10/2020, 21, 19, 8, , 4, , 
09/10/2020, 28, 22, 8, , 5, 4, 
10/10/2020, 26, 22, 9, , 7, 4, 
11/10/2020, 23, 19, 11, , 10, , 
12/10/2020, 26, 23, 14, , 15, 4, 
13/10/2020, 32, 32, 13, , 9, 5, 
14/10/2020, 48, 30, 16, , 8, 4, 
15/10/2020, 47, 32, 15, , 9, , 
16/10/2020, 43, 36, 17, , 9, 5, 
17/10/2020, 61, 35, 19, , 10, 5, 
18/10/2020, 53, 31, 12, , 10, 5, 
19/10/2020, 44, 36, 6, , 9, 5, 
20/10/2020, 58, 39, 20, , 10, 6, 
21/10/2020, 62, 26, 10, , 5, 3, 
22/10/2020, 21, 20, 11, , 4, 4, 
23/10/2020, 29, 30, 16, , 4, 3, 
24/10/2020, 43, 22, 12, , 5, , 
25/10/2020, 23, 21, 15, , 4, 3, 
26/10/2020, 29, 22, 12, , 5, 3, 
27/10/2020, 29, 30, 5, , 7, 4, 
28/10/2020, 52, 33, 7, , 6, 4, 
29/10/2020, 42, 32, 11, , 4, 5, 
30/10/2020, 42, 30, 22, , 4, 4, 
31/10/2020, 41, 26, 14, , 3, 5, 
01/11/2020, 40, 20, 12, , 3, 4, 
02/11/2020, 27, 21, 12, , 1, 5, 
03/11/2020, 35, 26, 4, , 1, 5, 
04/11/2020, 30, 26, 29, , 2, 6, 
05/11/2020, 46, 32, 10, , 6, 5, 
06/11/2020, 39, 26, 5, , 3, 5, 
07/11/2020, 31, 23, 9, , 1, 5, 
08/11/2020, 28, 24, 10, , 1, 6, 
09/11/2020, 32, 24, 11, , 2, 5, 
10/11/2020, 35, 25, 14, , 5, 6, 
11/11/2020, 49, 24, 17, , 5, 3, 
12/11/2020, 26, 25, 16, , 2, 4, 
13/11/2020, 39, 28, 15, , 3, 4, 
14/11/2020, 26, 25, 11, , 2, 4, 
15/11/2020, 36, 19, 15, , 2, 4, 
16/11/2020, 27, 20, 11, , 3, 4, 
17/11/2020, 30, 24, 21, , 4, 4, 
18/11/2020, 34, 26, 16, , 6, 4, 
19/11/2020, 37, 22, 11, , 3, 4, 
20/11/2020, 28, 23, 1, , 3, 6, 
21/11/2020, 37, 15, 10, , 3, 4, 
22/11/2020, 14, 14, 8, , 2, 4, 
23/11/2020, 21, 20, 6, , 2, 5, 
24/11/2020, 26, 21, 10, , 2, 5, 
25/11/2020, 31, 24, 7, , 2, 5, 
26/11/2020, 27, 27, 13, , 3, 5, 
27/11/2020, 37, 22, 12, , 4, 4, 
28/11/2020, 23, 18, 17, , 3, 4, 
29/11/2020, 25, 24, 13, , 3, 5, 
30/11/2020, 35, 28, 13, , 3, 4, 
01/12/2020, 36, 25, 14, , 4, 5, 
02/12/2020, 34, 26, 13, , 2, 5, 
03/12/2020, 40, 22, 10, , 2, 5, 
04/12/2020, 19, 19, 16, , 2, 4, 
05/12/2020, 25, 25, 18, , 2, 5, 
06/12/2020, 34, 30, 18, , 3, 5, 
07/12/2020, 46, 31, 18, , 2, 5, 
08/12/2020, 35, 23, 18, , 2, 5, 
09/12/2020, 26, 28, 15, , 3, 6, 
10/12/2020, 59, 23, 16, , 2, 4, 
11/12/2020, 36, 24, 15, , 3, 5, 
12/12/2020, 34, 17, 21, , 3, 4, 
13/12/2020, 29, 18, 11, , 3, 4, 
14/12/2020, 31, 19, 9, , 3, 4, 
15/12/2020, 17, 18, 7, , 3, 5, 
16/12/2020, 26, 21, 9, , 3, 5, 
17/12/2020, 27, 17, 7, , 3, 4, 
18/12/2020, 18, 17, 12, , 3, 4, 
19/12/2020, 25, 19, 11, , 3, 5, 
20/12/2020, 25, 20, 16, , 3, 5, 
21/12/2020, 31, 25, 18, , 3, 6, 
22/12/2020, 36, 29, 22, , 3, 7, 
23/12/2020, 50, 23, 16, , 3, 7, 
24/12/2020, 33, 27, 30, , 5, 6, 
25/12/2020, 51, 24, 13, , 5, 6, 
26/12/2020, 26, 18, 22, , 3, , 
27/12/2020, 29, 19, 13, , 3, 4, 
28/12/2020, 24, 25, 8, , 3, 4, 
29/12/2020, 31, 25, 11, , 4, 5, 
30/12/2020, 36, 25, 13, , 6, 4, 
31/12/2020, 33, 19, 14, , 3, 6, 
01/01/2021, 24, 11, 13, , 2, 8, 
02/01/2021, 20, 9, 7, , 1, 3, 
03/01/2021, 26, 11, 10, , 1, 3, 
04/01/2021, 20, 12, 12, , 2, 3, 
05/01/2021, 18, 16, 10, , 2, 4, 
06/01/2021, 22, 13, 7, , 1, 5, 
07/01/2021, 19, 18, 10, , 1, 5, 
08/01/2021, 30, 24, 12, , 2, , 
09/01/2021, 23, 13, 13, , 2, 5, 
10/01/2021, 17, 11, 14, , 2, 4, 
11/01/2021, 18, 18, 16, , 2, 4, 
12/01/2021, 23, 19, 16, , 1, 4, 
13/01/2021, 21, 24, 19, , 2, 5, 
14/01/2021, 36, 35, 25, , 2, 4, 
15/01/2021, 59, 35, 19, , 2, 4, 
16/01/2021, 43, 40, 17, , 2, , 
17/01/2021, 38, 41, 20, , 1, , 
18/01/2021, 51, 38, 18, , 1, 4, 
19/01/2021, 49, 39, 20, , 1, 5, 
20/01/2021, 51, 35, 23, , 2, 5, 
21/01/2021, 59, 29, 16, , 2, 5, 
22/01/2021, 42, 32, 16, , 2, 5, 
23/01/2021, 51, 21, 16, , 2, 5, 
24/01/2021, 26, 20, 15, , 2, 4, 
25/01/2021, 24, 25, 16, , 3, 4, 
26/01/2021, 33, 25, 12, , 4, 4, 
27/01/2021, 32, 23, 8, , 4, 3, 
28/01/2021, 36, 26, 14, , 3, 2, 
29/01/2021, 35, 29, 16, , 3, 3, 
30/01/2021, 39, 32, 17, , 3, 3, 
31/01/2021, 37, 31, 17, , 3, 4, 
01/02/2021, 44, 33, 15, , 3, 3, 
02/02/2021, 32, 32, 19, , 3, 3, 
03/02/2021, 41, 42, 18, , 2, 3, 
04/02/2021, 37, 33, 13, , 2, 4, 
05/02/2021, 32, 29, 18, , 3, 4, 
06/02/2021, 36, 30, 13, , 3, 3, 
07/02/2021, 34, 25, 12, , 3, 4, 
08/02/2021, 27, 28, 21, , 3, 5, 
09/02/2021, 37, 30, 14, , 3, 4, 
10/02/2021, 34, 27, 17, , 3, 4, 
11/02/2021, 30, 25, 15, , 2, 4, 
12/02/2021, 33, 26, 17, , 2, 5, 
13/02/2021, 37, 29, 21, , 3, 6, 
14/02/2021, 48, 35, 23, , 2, 4, 
15/02/2021, 48, 47, 24, , 2, 4, 
16/02/2021, 65, 47, 23, , 2, 4, 
17/02/2021, 55, 41, 19, , 2, 4, 
18/02/2021, 39, 34, 17, , 2, , 
19/02/2021, 36, 47, 16, , 3, 4, 
20/02/2021, 43, 48, 18, , 3, 5, 
21/02/2021, 47, 44, 20, , 3, , 
22/02/2021, 38, 39, 28, , 5, 6, 
23/02/2021, 54, 47, 20, , 7, 5, 
24/02/2021, 59, 49, 27, , 4, 6, 
25/02/2021, 69, 50, 32, , 4, 6, 
26/02/2021, 65, 51, 26, , 5, 6, 
27/02/2021, 65, 52, 40, , 5, 6, 
28/02/2021, 75, 53, 25, , 7, 6, 
01/03/2021, 69, 36, 20, , 6, 4, 
02/03/2021, 63, 24, 19, , 4, 4, 
03/03/2021, 43, 25, 13, , 4, , 
04/03/2021, 38, 26, 13, , 4, 4, 
05/03/2021, 40, 25, 11, , 4, 4, 
06/03/2021, 32, 23, 10, , 4, 5, 
07/03/2021, 24, 16, 15, , 4, 4, 
08/03/2021, 30, 21, 16, , 4, 4, 
09/03/2021, 38, 29, 17, , 4, 4, 
10/03/2021, 48, 27, 15, , 4, 3, 
11/03/2021, 35, 17, 9, , 4, 3, 
12/03/2021, 21, 14, 14, , 4, 3, 
13/03/2021, 28, 21, 12, , 5, 4, 
14/03/2021, 39, 25, 12, , 5, 3, 
15/03/2021, 38, 28, 10, , 6, 4, 
16/03/2021, 52, 27, 14, , 6, 4, 
17/03/2021, 44, 28, 14, , 5, 5, 
18/03/2021, 54, 28, 20, , 5, 5, 
19/03/2021, 55, 29, 17, , 5, 5, 
20/03/2021, 51, 29, 21, , 5, 5, 
21/03/2021, 48, 25, 12, , 5, 5, 
22/03/2021, 39, 20, 8, , 4, 4, 
23/03/2021, 24, 14, 6, , 4, 4, 
24/03/2021, 24, 14, 7, , 4, 4, 
25/03/2021, 28, 18, 12, , 4, 4, 
26/03/2021, 23, 19, 8, , 6, , 
27/03/2021, 26, 27, 37, , 8, 6, 
28/03/2021, 59, 23, 15, , 5, 4, 
29/03/2021, 31, 19, 14, , 5, 5, 
30/03/2021, 44, 21, 13, , 8, 4, 
31/03/2021, 28, 15, 14, , 4, 4, 
01/04/2021, 27, 23, 23, , 3, 5, 
02/04/2021, 48, 23, 17, , 4, 6, 
03/04/2021, 51, 24, 19, , 3, 5, 
04/04/2021, 35, 24, 16, , 3, 5, 
05/04/2021, 37, 24, 13, , 3, 4, 
06/04/2021, 40, 27, 19, , 4, 4, 
07/04/2021, 36, 21, 20, , 3, 4, 
08/04/2021, 33, 27, 26, , 4, 5, 
09/04/2021, 54, 38, 21, , 6, 5, 
10/04/2021, 60, 43, 21, , 5, 5, 
11/04/2021, 66, 41, 26, , 6, 6, 
12/04/2021, 63, 43, 16, , 8, 6, 
13/04/2021, 67, 38, 17, , 9, 6, 
14/04/2021, 53, 31, 18, , 10, 6, 
15/04/2021, 46, 36, 16, , 5, 7, 
16/04/2021, 61, 46, 12, , 5, 7, 
17/04/2021, 49, 24, 16, , 4, 7, 
18/04/2021, 47, 37, 15, , 6, 8, 
19/04/2021, 52, 38, 18, , 5, 6, 
20/04/2021, 62, 33, 13, , 7, 4, 
21/04/2021, 48, 42, 9, , 6, 6, 
22/04/2021, 47, 21, 10, , 6, 4, 
23/04/2021, 24, 19, 5, , 7, 4, 
24/04/2021, 25, 23, 18, , 8, 5, 
25/04/2021, 48, 41, 8, , 10, 6, 
26/04/2021, 64, 32, 7, , 7, 5, 
27/04/2021, 61, 37, 15, , 7, 5, 
28/04/2021, 61, 35, 9, , 6, 6, 
29/04/2021, 56, 28, 13, , 5, 5, 
30/04/2021, 52, 29, 19, , 5, 5, 
01/05/2021, 42, 18, 18, , 3, 5, 
02/05/2021, 24, 17, 10, , 3, 4, 
03/05/2021, 35, 24, 14, , 3, 5, 
04/05/2021, 42, 21, 16, , 3, 5, 
05/05/2021, 46, 26, 7, , 4, 6, 
06/05/2021, 46, 31, 14, , 6, 6, 
07/05/2021, 50, 20, 21, , 2, 5, 
08/05/2021, 49, 19, 20, , 3, 4, 
09/05/2021, 43, 27, 23, , 6, 5, 
10/05/2021, 48, 23, 15, , 8, 3, 
11/05/2021, 30, 24, 10, , 6, 4, 
12/05/2021, 48, 32, 17, , 5, 4, 
13/05/2021, 54, 21, 9, , 5, 4, 
14/05/2021, 41, 18, 13, , 4, 5, 
15/05/2021, 37, 18, 23, , 7, 5, 
16/05/2021, 32, 17, 8, , 12, 5, 
17/05/2021, 27, 15, 9, , 5, 4, 
18/05/2021, 28, 21, 5, , 4, 3, 
19/05/2021, 33, 35, 15, , 5, 4, 
20/05/2021, 60, 21, 6, , 7, 3, 
21/05/2021, 33, 27, 8, , 4, 7, 
22/05/2021, 49, 18, 16, , 5, 4, 
23/05/2021, 39, 22, 17, , 9, 4, 
24/05/2021, 46, 22, 15, , 14, 3, 
25/05/2021, 37, 22, 13, , 8, 3, 
26/05/2021, 36, 23, 7, , 3, 3, 
27/05/2021, 42, 29, 29, , 7, 3, 
28/05/2021, 57, 30, 10, , 9, 3, 
29/05/2021, 45, 22, 17, , 10, 2, 
30/05/2021, 37, 27, 19, , 12, 3, 
31/05/2021, 52, 26, 8, , 14, 4, 
01/06/2021, 48, 25, 6, , 6, 4, 
02/06/2021, 41, 29, 14, , 5, 5, 
03/06/2021, 42, 22, 14, , 9, 4, 
04/06/2021, 37, 29, 17, , 12, 3, 
05/06/2021, 51, 32, 23, , 4, 4, 
06/06/2021, 58, 30, 17, , 10, 4, 
07/06/2021, 57, 37, 18, , 12, 4, 
08/06/2021, 65, 33, 14, , 12, 4, 
09/06/2021, 63, 39, 18, , 6, 4, 
10/06/2021, 74, 35, 15, , 6, 3, 
11/06/2021, 63, 35, 17, , 9, 3, 
12/06/2021, 63, 30, 14, , 9, 3, 
13/06/2021, 38, 18, 13, , 14, 3, 
14/06/2021, 30, 24, 11, , 9, 4, 
15/06/2021, 43, 24, 10, , 7, 4, 
16/06/2021, 39, 26, 21, , 11, 3, 
17/06/2021, 43, 23, 6, , 9, 4, 
18/06/2021, 37, 25, 18, , 7, 4, 
19/06/2021, 43, 31, 16, , 7, 5, 
20/06/2021, 52, 24, 17, , 8, 3, 
21/06/2021, 55, 38, 14, , 6, 3, 
22/06/2021, 49, 29, 13, , 7, 4, 
23/06/2021, 25, 19, 16, , 6, 4, 
24/06/2021, 44, 27, 14, , 6, 5, 
25/06/2021, 51, 29, 14, , 6, 5, 
26/06/2021, 38, 18, 11, , 8, 4, 
27/06/2021, 37, 22, 9, , 6, 5, 
28/06/2021, 36, 19, 11, , 8, 4, 
29/06/2021, 24, 14, 9, , 7, 4, 
30/06/2021, 23, 15, 10, , 16, , 
01/07/2021, 22, 18, 9, , 9, 4, 
02/07/2021, 31, 22, 8, , 4, 4, 
03/07/2021, 32, 16, 7, , 6, 4, 
04/07/2021, 21, 16, 9, , 9, 4, 
05/07/2021, 39, 24, 15, , 15, 4, 
06/07/2021, 52, 35, 11, , 5, 5, 
07/07/2021, 79, 37, 19, , 5, 5, 
08/07/2021, 64, 28, 11, , 7, 4, 
09/07/2021, 41, 20, 3, , 3, 4, 
10/07/2021, 34, 21, 8, , 1, 5, 
11/07/2021, 29, 13, 13, , 1, 3, 
12/07/2021, 17, 10, 5, , 2, 4, 
13/07/2021, 19, 17, 5, , 6, 4, 
14/07/2021, 37, 31, 15, , 5, 5, 
15/07/2021, 50, 30, 17, , 7, 4, 
16/07/2021, 52, 29, 16, , 8, 4, 
17/07/2021, 53, 32, 15, , 11, 4, 
18/07/2021, 58, 29, 7, , 11, 5, 
19/07/2021, 45, 30, 15, , 4, 5, 
20/07/2021, 45, 26, 13, , 11, 5, 
21/07/2021, 47, 25, 12, , 13, 5, 
22/07/2021, 49, 28, 12, , 15, 5, 
23/07/2021, 45, 25, 16, , 9, 4, 
24/07/2021, 46, 23, 14, , 16, 3, 
25/07/2021, 45, 25, 11, , 15, 3, 
26/07/2021, 48, 27, 13, , 21, 3, 
27/07/2021, 44, 28, 12, , 17, 3, 
28/07/2021, 41, 30, 18, , 21, 4, 
29/07/2021, 57, 32, 16, , 14, 5, 
30/07/2021, 62, 31, 11, , 10, 5, 
31/07/2021, 48, 24, 6, , 8, 4, 
01/08/2021, 36, 17, 9, , 4, 4, 
02/08/2021, 37, 21, 13, , 10, 5, 
03/08/2021, 47, 21, 8, , 10, 5, 
04/08/2021, 24, 17, 13, , 6, 5, 
05/08/2021, 43, 24, 6, , 13, 5, 
06/08/2021, 44, 30, 8, , 9, 5, 
07/08/2021, 44, 30, 7, , 5, 7, 
08/08/2021, 51, 20, 14, , 6, 5, 
09/08/2021, 32, 19, 9, , 5, 5, 
10/08/2021, 35, 21, 7, , 12, 3, 
11/08/2021, 44, 26, 8, , 20, 4, 
12/08/2021, 45, 27, 7, , 11, 4, 
13/08/2021, 43, 22, 7, , 6, 4, 
14/08/2021, 41, 25, 12, , 3, 5, 
15/08/2021, 41, 18, 5, , 2, 4, 
16/08/2021, 29, 21, 6, , 3, 4, 
17/08/2021, 39, 17, 8, , 3, 4, 
18/08/2021, 20, 13, 13, , 2, 4, 
19/08/2021, 21, 17, 6, , 3, 4, 
20/08/2021, 35, 22, 9, , 6, 5, 
21/08/2021, 36, 20, 6, , 8, 5, 
22/08/2021, 29, 19, 9, , 4, 5, 
23/08/2021, 31, 16, 3, , 6, 5, 
24/08/2021, 30, 20, 8, , 6, 6, 
25/08/2021, 39, 26, 12, , 10, 5, 
26/08/2021, 50, 31, 10, , 8, 7, 
27/08/2021, 55, 25, 14, , 8, 3, 
28/08/2021, 43, 22, 8, , 6, 3, 
29/08/2021, 36, 17, 4, , 3, 4, 
30/08/2021, 31, 16, 6, , 6, 3, 
31/08/2021, 30, 20, 12, , 4, 3, 
01/09/2021, 33, 16, 6, , 6, 3, 
02/09/2021, 23, 18, 13, , 11, 3, 
03/09/2021, 34, 26, 15, , 13, 3, 
04/09/2021, 43, 22, 17, , 7, 4, 
05/09/2021, 42, 20, 10, , 7, 4, 
06/09/2021, 42, 20, 10, , 4, 4, 
07/09/2021, 41, 18, 9, , 5, 3, 
08/09/2021, 34, 17, 14, , 4, 4, 
09/09/2021, 42, 21, 11, , 8, 4, 
10/09/2021, 38, 24, 15, , 38, 4, 
11/09/2021, 59, 31, 14, , 34, 4, 
12/09/2021, 41, 19, 8, , 5, 4, 
13/09/2021, 38, 22, 19, , 6, 5, 
14/09/2021, 62, 31, 13, , 10, 5, 
15/09/2021, 45, 18, 8, , 6, 4, 
16/09/2021, 33, 19, 9, , 5, 4, 
17/09/2021, 32, 20, 10, , 4, 4, 
18/09/2021, 33, 22, 3, , 6, 4, 
19/09/2021, 33, 20, 14, , 5, 4, 
20/09/2021, 41, 25, 12, , 7, 5, 
21/09/2021, 54, 28, 14, , 10, 5, 
22/09/2021, 49, 24, 13, , 10, 5, 
23/09/2021, 36, 19, 13, , 10, 5, 
24/09/2021, 40, 36, 11, , 7, 6, 
25/09/2021, 60, 32, 17, , 5, 6, 
26/09/2021, 48, 18, 11, , 4, 4, 
27/09/2021, 26, 20, 13, , 4, 3, 
28/09/2021, 35, 24, 17, , 5, 5, 
29/09/2021, 46, 19, 8, , 5, 3, 
30/09/2021, 27, 18, 9, , 9, 3, 
01/10/2021, 33, 18, 9, , 6, 4, 
02/10/2021, 43, 32, 36, , 7, 4, 
03/10/2021, 68, 34, 12, , 7, 4, 
04/10/2021, 59, 34, 10, , 4, 5, 
05/10/2021, 55, 24, 15, , 3, 4, 
06/10/2021, 42, 23, 14, , 2, 4, 
07/10/2021, 35, 23, 13, , 3, 5, 
08/10/2021, 43, 22, 12, , 6, , 
09/10/2021, 45, 26, 11, , 7, 5, 
10/10/2021, 57, 17, 9, , 4, 4, 
11/10/2021, 28, 19, 13, , 7, 5, 
12/10/2021, 50, 24, 13, , 7, 5, 
13/10/2021, 49, 20, 16, , 13, 5, 
14/10/2021, 55, 27, 15, , 15, 5, 
15/10/2021, 58, 34, 14, , 11, 5, 
16/10/2021, 65, 38, 12, , 8, 6, 
17/10/2021, 64, 25, 15, , 3, 5, 
18/10/2021, 54, 28, 17, , 3, 6, 
19/10/2021, 51, 24, 5, , 4, 5, 
20/10/2021, 36, 14, 12, , 2, 5, 
21/10/2021, 28, 30, 15, , 3, 6, 
22/10/2021, 50, 26, 12, , 3, 5, 
23/10/2021, 50, 33, 22, , 3, 6, 
24/10/2021, 62, 28, 17, , 4, 5, 
25/10/2021, 43, 25, 20, , 3, 5, 
26/10/2021, 58, 29, 9, , 3, 5, 
27/10/2021, 35, 17, 7, , 4, 5, 
28/10/2021, 25, 19, 10, , 5, 5, 
29/10/2021, 32, 18, 8, , 3, 5, 
30/10/2021, 30, 22, 15, , 2, 6, 
31/10/2021, 35, 18, 8, , 2, 6, 
01/11/2021, 30, 17, 9, , 2, 6, 
02/11/2021, 23, 14, 12, , 2, 5, 
03/11/2021, 23, 19, 15, , 2, 7, 
04/11/2021, 35, 19, 12, , 3, 6, 
05/11/2021, 30, 20, 15, , 4, 6, 
06/11/2021, 41, 26, 11, , 4, 6, 
07/11/2021, 46, 23, 7, , 4, 6, 
08/11/2021, 40, 28, 11, , 3, 6, 
09/11/2021, 38, 19, 6, , 2, 5, 
10/11/2021, 22, 14, 13, , 3, 4, 
11/11/2021, 19, 17, 11, , 4, 4, 
12/11/2021, 23, 16, 7, , 6, 4, 
13/11/2021, 29, 19, 17, , 5, 4, 
14/11/2021, 32, 24, 9, , 4, 4, 
15/11/2021, 52, 30, 17, , 8, 5, 
16/11/2021, 60, 32, 15, , 6, 5, 
17/11/2021, 52, 26, 13, , 3, 4, 
18/11/2021, 41, 19, 20, , 4, 4, 
19/11/2021, 33, 22, 13, , 3, 4, 
20/11/2021, 35, 22, 16, , 3, 5, 
21/11/2021, 43, 19, 12, , 5, 4, 
22/11/2021, 24, 25, 8, , 7, 5, 
23/11/2021, 55, 32, 7, , 4, 4, 
24/11/2021, 60, 26, 16, , 3, 2, 
25/11/2021, 40, 19, 20, , 3, 2, 
26/11/2021, 29, 19, 15, , 3, 1, 
27/11/2021, 24, 19, 14, , 3, 2, 
28/11/2021, 32, 18, 12, , 7, 3, 
29/11/2021, 31, 20, 13, , 7, 5, 
30/11/2021, 36, 22, 10, , 10, 4, 
01/12/2021, 38, 22, 10, , 6, 4, 
02/12/2021, 32, 19, 12, , 4, 4, 
03/12/2021, 24, 21, 16, , 3, 4, 
04/12/2021, 41, 28, 18, , 3, 4, 
05/12/2021, 41, 25, 18, , 3, 4, 
06/12/2021, 41, 28, 18, , 3, 4, 
07/12/2021, 40, 29, 17, , 3, 4, 
08/12/2021, 40, 32, 18, , 3, 4, 
09/12/2021, 46, 28, 12, , 3, 4, 
10/12/2021, 38, 21, 9, , 3, 4, 
11/12/2021, 28, 20, 12, , 3, 4, 
12/12/2021, 24, 23, 16, , 3, 4, 
13/12/2021, 39, 27, 15, , 3, 4, 
14/12/2021, 41, 25, 15, , 3, 4, 
15/12/2021, 30, 25, 17, , 4, 4, 
16/12/2021, 42, 18, 14, , 5, 3, 
17/12/2021, 19, 17, 11, , 4, 3, 
18/12/2021, 30, 18, 15, , 6, 2, 
19/12/2021, 18, 16, 14, , 4, 3, 
20/12/2021, 28, 26, 21, , 5, 3, 
21/12/2021, 46, 28, 15, , 6, 4, 
22/12/2021, 38, 25, 8, , 5, 3, 
23/12/2021, 41, 29, 15, , 6, 4, 
24/12/2021, 39, 26, 10, , 4, 3, 
25/12/2021, 34, 27, 11, , 2, 3, 
26/12/2021, 39, 30, 14, , 2, 3, 
27/12/2021, 47, 29, 12, , 2, 3, 
28/12/2021, 40, 27, 11, , 2, 4, 
29/12/2021, 28, 25, 11, , 2, 5, 
30/12/2021, 29, 18, 7, , 1, 5, 
31/12/2021, 17, 17, 12, , 1, 14, 
01/01/2022, 27, 15, 9, , 1, 20, 
02/01/2022, 17, 14, 12, , 1, 7, 
03/01/2022, 16, 14, 9, , 2, 4, 
04/01/2022, 18, 19, 17, , 2, 5, 
05/01/2022, 23, 20, 13, , 2, 5, 
06/01/2022, 21, 22, 11, , 1, 4, 
07/01/2022, 27, 22, 13, , 1, 4, 
08/01/2022, 23, 26, 13, , 1, 4, 
09/01/2022, 31, 27, 13, , 1, 3, 
10/01/2022, 30, 27, 12, , 2, 3, 
11/01/2022, 32, 29, 15, , 3, 3, 
12/01/2022, 30, 32, 16, , 2, 3, 
13/01/2022, 34, 32, 17, , 2, 3, 
14/01/2022, 30, 33, 19, , 2, 3, 
15/01/2022, 37, 36, 15, , 2, 4, 
16/01/2022, 39, 33, 10, , 2, 4, 
17/01/2022, 43, 36, 14, , 2, 3, 
18/01/2022, 42, 34, 13, , 3, 3, 
19/01/2022, 39, 31, 15, , 3, 4, 
20/01/2022, 33, 30, 15, , 2, 5, 
21/01/2022, 26, 29, 20, , 2, 5, 
22/01/2022, 32, 32, 19, , 4, 5, 
23/01/2022, 39, 30, 16, , 7, 5, 
24/01/2022, 38, 31, 17, , 5, 6, 
25/01/2022, 32, 25, 16, , 2, 5, 
26/01/2022, 31, 26, 15, , 1, 5, 
27/01/2022, 49, 33, 20, , 2, 6, 
28/01/2022, 45, 37, 19, , 5, 7, 
29/01/2022, 45, 30, 20, , 7, 6, 
30/01/2022, 39, 28, 15, , 2, 7, 
31/01/2022, 35, 23, 15, , 3, 6, 
01/02/2022, 30, 19, 19, , 2, 6, 
02/02/2022, 28, 19, 13, , 4, 7, 
03/02/2022, 24, 23, 12, , 3, 7, 
04/02/2022, 35, 29, 9, , 3, 7, 
05/02/2022, 34, 23, 7, , 3, 8, 
06/02/2022, 25, 20, 8, , 2, 8, 
07/02/2022, 24, 17, 7, , 2, 8, 
08/02/2022, 20, 18, 7, , 3, 8, 
09/02/2022, 25, 16, 5, , 3, 7, 
10/02/2022, 20, 19, 8, , 2, 4, 
11/02/2022, 29, 21, 11, , 2, 5, 
12/02/2022, 22, 21, 15, , 4, 5, 
13/02/2022, 29, 22, 16, , 5, 5, 
14/02/2022, 29, 24, 8, , 2, 5, 
15/02/2022, 35, 24, 6, , 5, 5, 
16/02/2022, 31, 29, 24, , 8, 6, 
17/02/2022, 47, 26, 15, , 5, 5, 
18/02/2022, 33, 21, 11, , 3, 5, 
19/02/2022, 27, 26, 16, , 3, 5, 
20/02/2022, 36, 27, 17, , 4, 6, 
21/02/2022, 40, 25, 13, , 3, 5, 
22/02/2022, 27, 24, 11, , 3, 6, 
23/02/2022, 27, 15, 9, , 3, 4, 
24/02/2022, 16, 17, 15, , 4, 7, 
25/02/2022, 21, 18, 14, , 2, 7, 
26/02/2022, 24, 22, 9, , 1, 7, 
27/02/2022, 29, 26, 10, , 2, 6, 
28/02/2022, 27, 30, 9, , 2, 4, 
01/03/2022, 37, 27, 13, , 2, 5, 
02/03/2022, 31, 25, 10, , 2, 5, 
03/03/2022, 29, 22, 11, , 2, 5, 
04/03/2022, 26, 18, 15, , 2, 4, 
05/03/2022, 26, 21, 12, , 2, 5, 
06/03/2022, 32, 20, 10, , 3, 5, 
07/03/2022, 22, 24, 10, , 4, 5, 
08/03/2022, 34, 21, 13, , 4, 5, 
09/03/2022, 22, 22, 11, , 3, 4, 
10/03/2022, 33, 32, 17, , 4, 5, 
11/03/2022, 41, 40, 25, , 3, 6, 
12/03/2022, 64, 37, 21, , 4, 5, 
13/03/2022, 43, 26, 18, , 5, 5, 
14/03/2022, 36, 30, 10, , 3, 5, 
15/03/2022, 47, 27, 30, , 5, 6, 
16/03/2022, 40, 34, 8, , 9, 6, 
17/03/2022, 53, 27, 9, , 4, 6, 
18/03/2022, 25, 21, 15, , 7, 5, 
19/03/2022, 34, 28, 11, , 8, 5, 
20/03/2022, 41, 26, 7, , 13, 5, 
21/03/2022, 36, 28, 6, , 6, , 
22/03/2022, 38, 31, 10, , 3, 6, 
23/03/2022, 42, 32, 13, , 3, 7, 
24/03/2022, 44, 33, 15, , 4, 7, 
25/03/2022, 48, 32, 17, , 4, 7, 
26/03/2022, 44, 33, 21, , 4, 8, 
27/03/2022, 50, 35, 13, , 4, 8, 
28/03/2022, 47, 29, 14, , 4, 8, 
29/03/2022, 29, 27, 13, , 4, 8, 
30/03/2022, 41, 30, 10, , 5, 7, 
31/03/2022, 41, 24, 20, , 4, 7, 
01/04/2022, 42, 32, 16, , 8, 8, 
02/04/2022, 54, 39, 10, , 11, 10, 
03/04/2022, 55, 30, 12, , 12, 7, 
04/04/2022, 36, 29, 14, , 13, 5, 
05/04/2022, 36, 23, 16, , 8, 3, 
06/04/2022, 34, 23, 6, , 4, 3, 
07/04/2022, 26, 25, 32, , 5, 4, 
08/04/2022, 44, 25, 26, , 10, 4, 
09/04/2022, 34, 32, 15, , 16, 5, 
10/04/2022, 45, 32, 9, , 11, 7, 
11/04/2022, 49, 39, 27, , 8, 10, 
12/04/2022, 64, 50, 13, , 7, 10, 
13/04/2022, 53, 26, 15, , 7, 6, 
14/04/2022, 34, 25, 21, , 5, 6, 
15/04/2022, 31, 20, 16, , 4, 7, 
16/04/2022, 35, 28, 25, , 9, 8, 
17/04/2022, 48, 26, 18, , 6, 8, 
18/04/2022, 42, 28, 14, , 3, 10, 
19/04/2022, 40, 30, 19, , 2, 9, 
20/04/2022, 48, 28, 9, , 10, 8, 
21/04/2022, 34, 29, 16, , 6, 10, 
22/04/2022, 42, 27, 27, , 5, 8, 
23/04/2022, 40, 31, 27, , 8, 8, 
24/04/2022, 44, 27, 11, , 13, 5, 
25/04/2022, 48, 36, 17, , 18, 5, 
26/04/2022, 48, 42, 18, , 18, 5, 
27/04/2022, 62, 35, 14, , 2, 6, 
28/04/2022, 52, 35, 27, , 2, 7, 
29/04/2022, 50, 33, 30, , 3, 5, 
30/04/2022, 47, 32, 19, , 2, 5, 
01/05/2022, 48, 23, 12, , 2, 4, 
02/05/2022, 23, 17, 12, , 3, 3, 
03/05/2022, 26, 19, 9, , 3, 3, 
04/05/2022, 26, 19, 7, , 7, 3, 
05/05/2022, 25, 20, 9, , 7, 5, 
06/05/2022, 25, 18, 5, , 3, 7, 
07/05/2022, 26, 24, 8, , 3, 9, 
08/05/2022, 26, 18, 12, , 2, 8, 
09/05/2022, 20, 17, 13, , 2, 6, 
10/05/2022, 24, 19, 16, , 3, 7, 
11/05/2022, 25, 23, 14, , 2, 8, 
12/05/2022, 30, 28, 24, , 2, 9, 
13/05/2022, 54, 33, 24, , 11, 9, 
14/05/2022, 56, 31, 20, , 24, 6, 
15/05/2022, 50, 26, 12, , 7, 5, 
16/05/2022, 32, 19, 13, , 5, 6, 
17/05/2022, 36, 25, 11, , 7, 6, 
18/05/2022, 51, 27, 11, , 5, 6, 
19/05/2022, 51, 39, 9, , 2, 10, 
20/05/2022, 67, 46, 20, , 4, 13, 
21/05/2022, 68, 38, 22, , 6, 11, 
22/05/2022, 47, 36, 20, , 8, 9, 
23/05/2022, 59, 30, 22, , 5, 8, 
24/05/2022, 42, 28, 15, , 3, 7, 
25/05/2022, 34, 20, 25, , 2, 7, 
26/05/2022, 27, 19, 22, , 3, 8, 
27/05/2022, 35, 25, 16, , 6, 7, 
28/05/2022, 40, 18, 20, , 12, 4, 
29/05/2022, 30, 27, 27, , 11, 4, 
30/05/2022, 54, 36, 28, , 13, 5, 
31/05/2022, 60, 30, 15, , 14, 5, 
01/06/2022, 50, 27, 10, , 9, 4, 
02/06/2022, 50, 19, 9, , 13, 5, 
03/06/2022, 43, 25, 23, , 13, 5, 
04/06/2022, 48, 19, 11, , 7, 6, 
05/06/2022, 45, 16, 17, , 3, 6, 
06/06/2022, 38, 20, 8, , 5, 5, 
07/06/2022, 55, 35, 22, , 6, 8, 
08/06/2022, 63, 24, 10, , 5, 6, 
09/06/2022, 50, 30, 9, , 11, 8, 
10/06/2022, 68, 30, 7, , 10, 7, 
11/06/2022, 42, 13, 7, , 5, 7, 
12/06/2022, 33, 20, 5, , 3, 8, 
13/06/2022, 52, 27, 8, , 4, 8, 
14/06/2022, 55, 21, 5, , 5, 5, 
15/06/2022, 51, 25, 4, , 3, 6, 
16/06/2022, 55, 19, 11, , 3, 6, 
17/06/2022, 32, 20, 11, , 3, 6, 
18/06/2022, 49, 23, 15, , 4, 7, 
19/06/2022, 46, 22, 10, , 5, 5, 
20/06/2022, 40, 18, 9, , 5, 7, 
21/06/2022, 42, 15, 4, , 5, 6, 
22/06/2022, 28, 14, 5, , 3, 4, 
23/06/2022, 26, 14, 9, , 3, 4, 
24/06/2022, 27, 15, 6, , 3, 4, 
25/06/2022, 32, 14, 13, , 3, 4, 
26/06/2022, 26, 12, 9, , 3, 4, 
27/06/2022, 23, 18, 13, , 3, 5, 
28/06/2022, 40, 21, 21, , 4, 5, 
29/06/2022, 49, 17, 15, , 7, 4, 
30/06/2022, 32, 13, 24, , 5, 4, 
01/07/2022, 37, 22, 28, , 5, 4, 
02/07/2022, 60, 26, 24, , 4, 5, 
03/07/2022, 59, 22, 21, , 5, 5, 
04/07/2022, 52, 17, 10, , 5, 5, 
05/07/2022, 32, 15, 14, , 6, 5, 
06/07/2022, 42, 14, 20, , 5, 5, 
07/07/2022, 28, 13, 15, , 4, 4, 
08/07/2022, 36, 19, 21, , 5, 5, 
09/07/2022, 46, 21, 19, , 4, 5, 
10/07/2022, 40, 14, 23, , 5, 5, 
11/07/2022, 43, 18, 19, , 4, 5, 
12/07/2022, 46, 20, 22, , 5, 5, 
13/07/2022, 43, 18, 13, , 4, 4, 
14/07/2022, 37, 16, 15, , 4, 4, 
15/07/2022, 38, 12, 20, , 4, 4, 
16/07/2022, 29, 13, 20, , 3, 4, 
17/07/2022, 36, 19, 19, , 4, 4, 
18/07/2022, 43, 18, 19, , 4, 4, 
19/07/2022, 35, 15, 16, , 5, 5, 
20/07/2022, 36, 19, 16, , 6, 5, 
21/07/2022, 42, 22, 10, , 5, 6, 
22/07/2022, 47, 25, 24, , 4, 7, 
23/07/2022, 59, 28, 16, , 5, 6, 
24/07/2022, 45, 17, 10, , 5, 6, 
25/07/2022, 45, 17, 12, , 6, 5, 
26/07/2022, 33, 11, 16, , 5, 4, 
27/07/2022, 33, 18, 10, , 2, 6, 
28/07/2022, 57, 22, 14, , 3, 4, 
29/07/2022, 39, 13, 17, , 4, 4, 
30/07/2022, 25, 11, 13, , 2, 4, 
31/07/2022, 28, 15, 9, , 2, 5, 
01/08/2022, 37, 14, 8, , 2, 5, 
02/08/2022, 27, 16, 12, , 3, 6, 
03/08/2022, 38, 15, 8, , 3, 5, 
04/08/2022, 39, 23, 14, , 3, 7, 
05/08/2022, 49, 20, 22, , 3, 6, 
06/08/2022, 47, 15, 21, , 3, 5, 
07/08/2022, 30, 19, 27, , 2, 4, 
08/08/2022, 70, 28, 25, , 2, 4, 
09/08/2022, 59, 20, 20, , 2, 3, 
10/08/2022, 41, 15, 17, , 2, 1, 
11/08/2022, 35, 16, 6, , 2, 2, 
12/08/2022, 40, 23, 4, , 2, 3, 
13/08/2022, 50, 34, 7, , 2, 5, 
14/08/2022, 62, 28, 18, , 2, 5, 
15/08/2022, 56, 32, 18, , 2, 5, 
16/08/2022, 63, 23, 10, , 2, 3, 
17/08/2022, 37, 21, 13, , 2, 4, 
18/08/2022, 45, 32, 14, , 3, 5, 
19/08/2022, 57, 25, 10, , 2, 4, 
20/08/2022, 46, 19, 11, , 2, 4, 
21/08/2022, 39, 14, 12, , 3, 3, 
22/08/2022, 34, 20, 3, , 3, 4, 
23/08/2022, 46, 28, 12, , 3, 5, 
24/08/2022, 46, 20, 8, , 3, 4, 
25/08/2022, 45, 30, 10, , 2, 6, 
26/08/2022, 61, 34, 30, , 2, 7, 
27/08/2022, 76, 28, 17, , 3, 6, 
28/08/2022, 51, 23, 13, , 4, 6, 
29/08/2022, 51, 18, 7, , 4, 5, 
30/08/2022, 40, 15, 30, , 4, 2, 
31/08/2022, 41, 20, 14, , 5, 3, 
01/09/2022, 50, 23, 3, , 6, 3, 
02/09/2022, 47, 23, 2, , 5, 2, 
03/09/2022, 29, 16, 6, , 13, 2, 
04/09/2022, 38, 19, 1, , 18, 3, 
05/09/2022, 48, 28, 3, , 5, 6, 
06/09/2022, 57, 24, 3, , 6, 5, 
07/09/2022, 49, 23, 9, , 5, 4, 
08/09/2022, 55, 39, 2, , 5, 3, 
09/09/2022, 71, 22, 8, , 7, 2, 
10/09/2022, 42, 22, 6, , 7, 4, 
11/09/2022, 48, 24, 19, , 4, 5, 
12/09/2022, 54, 35, 19, , 4, 3, 
13/09/2022, 60, 19, 7, , 5, 4, 
14/09/2022, 22, 15, 11, , 4, 4, 
15/09/2022, 26, 24, 9, , 4, 7, 
16/09/2022, 44, 21, 6, , 5, 6, 
17/09/2022, 40, 16, 5, , 4, 5, 
18/09/2022, 27, 15, 3, , 6, 4, 
19/09/2022, 44, 17, 2, , 8, 3, 
20/09/2022, 28, 21, 6, , 5, 4, 
21/09/2022, 46, 18, 3, , 6, 3, 
22/09/2022, 36, 12, 5, , 9, 2, 
23/09/2022, 36, 13, 10, , 7, 2, 
24/09/2022, 44, 21, 7, , 6, 2, 
25/09/2022, 46, 21, 4, , 5, 4, 
26/09/2022, 57, 29, 5, , 6, 7, 
27/09/2022, 68, 27, 3, , 10, 6, 
28/09/2022, 44, 19, 4, , 4, 6, 
29/09/2022, 28, 24, 6, , 6, 8, 
30/09/2022, 32, 19, 5, , 6, 7, 
01/10/2022, 25, 14, 6, , 2, 8, 
02/10/2022, 21, 14, 4, , 2, 8, 
03/10/2022, 30, 18, 5, , 2, 9, 
04/10/2022, 30, 19, 3, , 2, 9, 
05/10/2022, 31, 17, 4, , 6, 8, 
06/10/2022, 27, 21, 4, , 6, 7, 
07/10/2022, 28, 18, 2, , 3, 5, 
08/10/2022, 28, 14, 5, , 1, 5, 
09/10/2022, 21, 15, 2, , 1, 5, 
10/10/2022, 25, 14, 2, , 4, 6, 
11/10/2022, 26, 14, 6, , 3, 6, 
12/10/2022, 16, 11, 7, , 1, 5, 
13/10/2022, 26, 16, 6, , 1, 5, 
14/10/2022, 25, 12, 8, , 1, 6, 
15/10/2022, 19, 11, 8, , 1, 6, 
16/10/2022, 20, 12, 5, , 2, 6, 
17/10/2022, 20, 16, 5, , 2, 6, 
18/10/2022, 24, 17, 8, , 2, 6, 
19/10/2022, 31, 23, 13, , 5, 9, 
20/10/2022, 37, 21, 4, , 3, 8, 
21/10/2022, 31, 21, 6, , 3, 10, 
22/10/2022, 25, 12, 7, , 2, 9, 
23/10/2022, 19, 11, 8, , 2, 10, 
24/10/2022, 22, 13, 8, , 3, 8, 
25/10/2022, 22, 11, 5, , 3, 5, 
26/10/2022, 21, 11, 10, , 3, 5, 
27/10/2022, 20, 12, 18, , 3, 6, 
28/10/2022, 18, 12, 12, , 3, 6, 
29/10/2022, 24, 13, 12, , 4, 6, 
30/10/2022, 22, 11, 17, , 3, 6, 
31/10/2022, 17, 15, 10, , 3, 8, 
01/11/2022, 29, 23, 15, , 4, 7, 
02/11/2022, 27, 19, 8, , 4, 6, 
03/11/2022, 25, 13, 10, , 5, 4, 
04/11/2022, 21, 13, 9, , 5, 4, 
05/11/2022, 30, 24, 14, , 6, 7, 
06/11/2022, 31, 16, 16, , 5, 6, 
07/11/2022, 25, 18, 14, , 4, 7, 
08/11/2022, 28, 18, 15, , 4, 8, 
09/11/2022, 34, 15, 14, , 4, 6, 
10/11/2022, 23, 13, 5, , 4, 4, 
11/11/2022, 27, 16, 5, , 5, 3, 
12/11/2022, 23, 17, 7, , 5, 3, 
13/11/2022, 34, 15, 11, , 5, 3, 
14/11/2022, 30, 16, 9, , 5, 2, 
15/11/2022, 26, 15, 10, , 5, 3, 
16/11/2022, 40, 17, 9, , 5, 3, 
17/11/2022, 41, 20, 7, , 4, 3, 
18/11/2022, 51, 26, 5, , 2, 3, 
19/11/2022, 38, 16, 8, , 2, 3, 
20/11/2022, 25, 13, 10, , 3, 3, 
21/11/2022, 24, 18, 10, , 3, 3, 
22/11/2022, 23, 18, 7, , 3, 3, 
23/11/2022, 28, 15, 4, , 4, 3, 
24/11/2022, 29, 19, 5, , 4, 2, 
25/11/2022, 28, 24, 12, , 2, 5, 
26/11/2022, 40, 32, 1, , 3, 6, 
27/11/2022, 31, 22, 16, , 2, 7, 
28/11/2022, 30, 21, 10, , 1, 7, 
29/11/2022, 28, 20, 15, , 2, 5, 
30/11/2022, 27, 19, 4, , 2, 5, 
01/12/2022, 30, 15, 4, , 2, 3, 
02/12/2022, 24, 16, 7, , 2, 3, 
03/12/2022, 25, 15, 10, , 2, 3, 
04/12/2022, 43, 26, 2, , 2, 6, 
05/12/2022, 50, 30, 7, , 3, 5, 
06/12/2022, 28, 18, 9, , 3, 4, 
07/12/2022, 21, 20, 5, , 3, 6, 
08/12/2022, 29, 14, 8, , 3, 5, 
09/12/2022, 21, 16, 5, , 3, 5, 
10/12/2022, 21, 16, 3, , 3, 5, 
11/12/2022, 21, 17, 6, , 3, 7, 
12/12/2022, 30, 21, 7, , 3, 5, 
13/12/2022, 21, 15, 6, , 3, 6, 
14/12/2022, 21, 15, 5, , 3, 6, 
15/12/2022, 21, 18, 9, , 3, 7, 
16/12/2022, 26, 21, 3, , 3, 7, 
17/12/2022, 16, 16, 11, , 3, 7, 
18/12/2022, 21, 15, 4, , 3, 5, 
19/12/2022, 24, 16, 8, , 3, 3, 
20/12/2022, 21, 20, 9, , 4, 3, 
21/12/2022, 27, 16, 5, , 4, 3, 
22/12/2022, 25, 20, 7, , 4, 3, 
23/12/2022, 30, 27, 12, , 4, 4, 
24/12/2022, 28, 31, 13, , 4, 3, 
25/12/2022, 33, 32, 22, , 4, 3, 
26/12/2022, 35, 35, 20, , 4, 4, 
27/12/2022, 37, 29, 11, , 4, 3, 
28/12/2022, 30, 30, 11, , 4, 4, 
29/12/2022, 37, 31, 16, , 3, 4, 
30/12/2022, 34, 29, 16, , 3, 4, 
31/12/2022, 32, 32, 14, , 3, 4, 
01/01/2023, 35, 40, 20, , 3, 5, 
02/01/2023, 38, 33, 13, , 3, 5, 
03/01/2023, 28, 16, 9, , 4, 3, 
04/01/2023, 24, 25, 12, , 4, 4, 
05/01/2023, 27, 33, 17, , 4, 5, 
06/01/2023, 29, 18, 12, , 4, 4, 
07/01/2023, 22, 16, 14, , 4, 4, 
08/01/2023, 22, 21, 14, , 4, 4, 
09/01/2023, 38, 23, 16, , 5, 6, 
10/01/2023, 56, 37, 5, , 5, 7, 
11/01/2023, 51, 38, 23, , 6, 5, 
12/01/2023, 47, 34, 12, , 6, 4, 
13/01/2023, 30, 34, 24, , 5, 6, 
14/01/2023, 42, 33, 18, , 5, 3, 
15/01/2023, 29, 28, 13, , 5, 4, 
16/01/2023, 33, 22, 18, , 4, 3, 
17/01/2023, 31, 23, 16, , 4, 3, 
18/01/2023, 25, 29, 12, , 4, 3, 
19/01/2023, 26, 17, 7, , 4, 4, 
20/01/2023, 18, 16, 12, , 3, 3, 
21/01/2023, 27, 19, 8, , 4, 3, 
22/01/2023, 18, 13, 4, , 4, 4, 
23/01/2023, 20, 12, 5, , 4, 4, 
24/01/2023, 17, 9, 6, , 4, 3, 
25/01/2023, 18, 14, 8, , 4, 4, 
26/01/2023, 20, 19, 11, , 4, 4, 
27/01/2023, 22, 15, 9, , 2, 4, 
28/01/2023, 17, 10, 16, , 2, 4, 
29/01/2023, 14, 18, 15, , 2, 5, 
30/01/2023, 22, 20, 10, , 2, 5, 
31/01/2023, 21, 21, 11, , 3, 5, 
01/02/2023, 26, 23, 8, , 3, 4, 
02/02/2023, 25, 21, 6, , 3, 6, 
03/02/2023, 25, 18, 3, , 3, 4, 
04/02/2023, 22, 19, 8, , 3, 3, 
05/02/2023, 20, 17, 7, , 3, 3, 
06/02/2023, 17, 15, 10, , 3, 3, 
07/02/2023, 26, 27, 9, , 3, 3, 
08/02/2023, 27, 26, 8, , 3, 3, 
09/02/2023, 30, 24, 8, , 3, 4, 
10/02/2023, 24, 20, 9, , 3, 3, 
11/02/2023, 16, 17, 10, , 3, 4, 
12/02/2023, 22, 17, 11, , 3, 5, 
13/02/2023, 27, 19, 13, , 3, 4, 
14/02/2023, 33, 20, 11, , 3, 4, 
15/02/2023, 25, 20, 12, , 3, 4, 
16/02/2023, 36, 25, 8, , 3, 4, 
17/02/2023, 35, 19, 10, , 2, 4, 
18/02/2023, 30, 15, 16, , 2, 5, 
19/02/2023, 26, 15, 11, , 2, 5, 
20/02/2023, 26, 15, 14, , 2, 3, 
21/02/2023, 30, 19, 13, , 2, 3, 
22/02/2023, 34, 18, 13, , 3, 4, 
23/02/2023, 32, 18, 16, , 3, 3, 
24/02/2023, 32, 19, 18, , 3, 4, 
25/02/2023, 39, 20, 15, , 2, 3, 
26/02/2023, 30, 17, 16, , 2, 4, 
27/02/2023, 40, 16, 6, , 3, 3, 
28/02/2023, 24, 9, 5, , 4, 2, 
01/03/2023, 15, 9, 6, , 4, 3, 
02/03/2023, 23, 11, 2, , 4, 6, 
03/03/2023, 24, 9, 8, , 2, 5, 
04/03/2023, 20, 10, 11, , 2, 4, 
05/03/2023, 24, 14, 13, , 3, 4, 
06/03/2023, 31, 13, 14, , 3, 4, 
07/03/2023, 23, 12, 13, , 3, 4, 
08/03/2023, 30, 17, 17, , 3, 4, 
09/03/2023, 46, 21, 13, , 3, 4, 
10/03/2023, 38, 18, 14, , 3, 3, 
11/03/2023, 31, 15, 16, , 3, 4, 
12/03/2023, 25, 13, 20, , 3, 4, 
13/03/2023, 31, 18, 14, , 3, 4, 
14/03/2023, 35, 20, 19, , 4, 4, 
15/03/2023, 34, 18, 16, , 4, 4, 
16/03/2023, 30, 16, 14, , 4, 4, 
17/03/2023, 29, 14, 13, , 3, 4, 
18/03/2023, 30, 15, 11, , 3, 4, 
19/03/2023, 26, 13, 8, , 4, 4, 
20/03/2023, 24, 12, 15, , 4, 4, 
21/03/2023, 29, 14, 9, , 4, 4, 
22/03/2023, 30, 16, 13, , 4, 4, 
23/03/2023, 27, 13, 10, , 5, 5, 
24/03/2023, 28, 13, 9, , 5, 6, 
25/03/2023, 29, 13, 18, , 5, 5, 
26/03/2023, 27, 13, 6, , 5, 6, 
27/03/2023, 32, 15, 19, , 5, 6, 
28/03/2023, 30, 10, 11, , 5, 4, 
29/03/2023, 20, 13, 15, , 5, 5, 
30/03/2023, 34, 13, 14, , 5, 6, 
31/03/2023, 26, 13, 13, , 5, 7, 
01/04/2023, 31, 14, 28, , 6, 6, 
02/04/2023, 28, 14, 12, , 5, 6, 
03/04/2023, 24, 13, 15, , 5, 6, 
04/04/2023, 30, 17, 10, , 5, 6, 
05/04/2023, 36, 16, 11, , 5, 6, 
06/04/2023, 30, 16, 7, , 6, 6, 
07/04/2023, 34, 18, 18, , 6, 7, 
08/04/2023, 49, 17, 11, , 5, 7, 
09/04/2023, 28, 14, 16, , 5, 6, 
10/04/2023, 30, 19, 31, , 3, 8, 
11/04/2023, 50, 23, 26, , 4, 7, 
12/04/2023, 49, 30, 24, , 3, 7, 
13/04/2023, 50, 28, 32, , 4, 10, 
14/04/2023, 52, 34, 19, , 5, 7, 
15/04/2023, 49, 26, 15, , 3, 5, 
16/04/2023, 45, 18, 18, , 2, 4, 
17/04/2023, 35, 25, 19, , 2, 4, 
18/04/2023, 47, 24, 8, , 4, 4, 
19/04/2023, 33, 18, 6, , 4, 4, 
20/04/2023, 27, 14, 8, , 4, 4, 
21/04/2023, 35, 14, 9, , 5, 3, 
22/04/2023, 25, 9, 10, , 5, 3, 
23/04/2023, 19, 14, 7, , 3, 4, 
24/04/2023, 33, 20, 5, , 3, 4, 
25/04/2023, 32, 15, 17, , 3, 5, 
26/04/2023, 24, 18, 5, , 3, 4, 
27/04/2023, 26, 15, 6, , 3, 5, 
28/04/2023, 30, 19, 13, , 3, 5, 
29/04/2023, 28, 14, 8, , 4, 5, 
30/04/2023, 25, 11, 15, , 3, 4, 
01/05/2023, 20, 10, 14, , 3, 4, 
02/05/2023, 27, 12, 7, , 3, 4, 
03/05/2023, 25, 17, 17, , 3, 6, 
04/05/2023, 30, 15, 11, , 4, 6, 
05/05/2023, 30, 12, 7, , 5, 4, 
06/05/2023, 18, 8, 6, , 4, 3, 
07/05/2023, 15, 8, 7, , 4, 3, 
08/05/2023, 17, 11, 7, , 6, 4, 
09/05/2023, 18, 12, 8, , 5, 4, 
10/05/2023, 21, 12, 10, , 5, 4, 
11/05/2023, 22, 12, 8, , 4, 4, 
12/05/2023, 19, 12, 17, , 6, 4, 
13/05/2023, 23, 13, 17, , 8, 4, 
14/05/2023, 24, 15, 9, , 5, 6, 
15/05/2023, 31, 19, 4, , 7, 7, 
16/05/2023, 34, 13, 5, , 10, 5, 
17/05/2023, 26, 20, 7, , 5, 7, 
18/05/2023, 38, 16, 10, , 5, 5, 
19/05/2023, 25, 11, 9, , 4, 4, 
20/05/2023, 24, 13, 9, , 4, 5, 
21/05/2023, 42, 21, 16, , 7, 6, 
22/05/2023, 60, 19, 9, , 7, 6, 
23/05/2023, 40, 20, 9, , 6, 5, 
24/05/2023, 39, 14, 14, , 5, 5, 
25/05/2023, 28, 15, 11, , 5, 4, 
26/05/2023, 32, 15, 8, , 4, 4, 
27/05/2023, 28, 16, 9, , 2, 3, 
28/05/2023, 39, 15, 6, , 2, 3, 
29/05/2023, 39, 17, 8, , 3, 3, 
30/05/2023, 47, 15, 10, , 4, 3, 
31/05/2023, 28, 13, 5, , 4, 3, 
01/06/2023, 23, 12, 12, , 4, 4, 
02/06/2023, 25, 15, 8, , 5, 5, 
03/06/2023, 34, 28, 7, , 4, 9, 
04/06/2023, 70, 21, 3, , 4, 5, 
05/06/2023, 48, 17, 5, , 4, 2, 
06/06/2023, 36, 14, 8, , 3, 4, 
07/06/2023, 20, 13, 7, , 3, 4, 
08/06/2023, 21, 11, 8, , 5, 3, 
09/06/2023, 22, 12, 6, , 6, 3, 
10/06/2023, 21, 12, 8, , 5, 1, 
11/06/2023, 19, 11, 4, , 4, 1, 
12/06/2023, 17, 14, 10, , 3, 3, 
13/06/2023, 19, 13, 6, , 5, 2, 
14/06/2023, 20, 16, 6, , 3, 5, 
15/06/2023, 30, 14, 2, , 3, 3, 
16/06/2023, 17, 12, , , 3, 3, 
17/06/2023, 18, 17, , , 3, 4, 
18/06/2023, 30, 18, 19, , 2, 4, 
19/06/2023, 27, 19, 17, , 3, 3, 
20/06/2023, 26, 16, 8, , 5, 3, 
21/06/2023, 17, 11, 11, , 5, 3, 
22/06/2023, 19, 15, 7, , 5, 3, 
23/06/2023, 24, 16, 12, , 4, 5, 
24/06/2023, 23, 18, 16, , 4, 5, 
25/06/2023, 50, 15, 12, , 4, 4, 
26/06/2023, 37, 13, 6, , 4, 3, 
27/06/2023, 41, 14, 7, , 4, 4, 
28/06/2023, 49, 21, 12, , 5, 3, 
29/06/2023, 55, 18, 6, , 5, 3, 
30/06/2023, 34, 12, 5, , 5, 2, 
01/07/2023, 18, 10, 9, , 5, 3, 
02/07/2023, 19, 10, 5, , 4, 3, 
03/07/2023, 15, 11, 5, , 4, 4, 
04/07/2023, 17, 11, 6, , 4, 3, 
05/07/2023, 19, 11, 5, , 4, 3, 
06/07/2023, 15, 12, 9, , 4, 4, 
07/07/2023, 20, 13, 8, , 4, 3, 
08/07/2023, 23, 10, 4, , 2, 3, 
09/07/2023, 17, 12, 3, , 2, 4, 
10/07/2023, 22, 11, 3, , 2, 3, 
11/07/2023, 19, 13, 4, , 3, 4, 
12/07/2023, 20, 30, 6, , 3, 5, 
13/07/2023, 62, 21, 2, , 3, 5, 
14/07/2023, 53, 14, 9, , 3, 4, 
15/07/2023, 23, 11, 10, , 3, 3, 
16/07/2023, 24, 15, 5, , 3, 3, 
17/07/2023, 28, 14, 3, , 4, 4, 
18/07/2023, 25, 12, 3, , 4, 4, 
19/07/2023, 21, 14, 3, , 3, 4, 
20/07/2023, 25, 19, 14, , 3, 4, 
21/07/2023, 47, 19, 9, , 4, 3, 
22/07/2023, 26, 18, 9, , 4, 4, 
23/07/2023, 32, 13, 6, , 4, 4, 
24/07/2023, 24, 10, 8, , 6, 3, 
25/07/2023, 19, 9, 8, , 5, 4, 
26/07/2023, 22, 16, 11, , 5, 4, 
27/07/2023, 41, 21, 11, , 5, 4, 
28/07/2023, 44, 26, 14, , 5, 4, 
29/07/2023, 42, 22, 12, , 4, 3, 
30/07/2023, 30, 18, 10, , 5, 3, 
31/07/2023, 34, 21, 9, , 3, 3, 
01/08/2023, 38, 19, 12, , 5, 4, 
02/08/2023, 40, 19, 4, , 5, 4, 
03/08/2023, 24, 15, 8, , 5, 5, 
04/08/2023, 27, 17, 9, , 5, 4, 
05/08/2023, 31, 20, 10, , 6, 4, 
06/08/2023, 27, 15, 7, , 6, 4, 
07/08/2023, 23, 12, 5, , 5, 4, 
08/08/2023, 20, 14, 10, , 4, 4, 
09/08/2023, 28, 17, 11, , 5, 4, 
10/08/2023, 29, 20, 9, , 5, 4, 
11/08/2023, 47, 24, 10, , 5, 4, 
12/08/2023, 66, 30, 15, , 4, 5, 
13/08/2023, 59, 22, 9, , 4, 4, 
14/08/2023, 35, 15, 8, , 4, 5, 
15/08/2023, 31, 20, 4, , 5, 6, 
16/08/2023, 39, 23, 5, , 4, 9, 
17/08/2023, 42, 23, 4, , 5, 6, 
18/08/2023, 30, 18, 3, , 5, 5, 
19/08/2023, 34, 15, 12, , 5, 4, 
20/08/2023, 28, 15, 6, , 4, 4, 
21/08/2023, 26, 19, 9, , 5, 5, 
22/08/2023, 38, 21, 8, , 6, 4, 
23/08/2023, 32, 20, 11, , 5, 4, 
24/08/2023, 34, 16, 7, , 5, 4, 
25/08/2023, 28, 16, 5, , 4, 5, 
26/08/2023, 30, 19, 9, , 5, 6, 
27/08/2023, 35, 15, 7, , 5, 4, 
28/08/2023, 31, 22, 7, , 4, 5, 
29/08/2023, 52, 21, 9, , 3, 4, 
30/08/2023, 46, 13, 11, , 5, 4, 
31/08/2023, 30, 13, 14, , 5, 4, 
01/09/2023, 37, 14, 15, , 4, 4, 
02/09/2023, 42, 15, 15, , 4, 4, 
03/09/2023, 41, 15, 20, , 4, 4, 
04/09/2023, 46, 16, 13, , 3, 4, 
05/09/2023, 44, 17, 8, , 2, 5, 
06/09/2023, 43, 18, 13, , 3, 5, 
07/09/2023, 42, 18, 9, , 4, 4, 
08/09/2023, 49, 21, 6, , 2, 4, 
09/09/2023, 56, 25, 8, , 3, 4, 
10/09/2023, 62, 29, 15, , 3, 5, 
11/09/2023, 56, 44, 8, , 3, 4, 
12/09/2023, 43, 31, 6, , 3, 4, 
13/09/2023, 30, 32, 10, , 4, 4, 
14/09/2023, 41, 33, 9, , 4, 4, 
15/09/2023, 52, 34, 9, , 3, 5, 
16/09/2023, 38, 34, 8, , 3, 5, 
17/09/2023, 36, 21, 6, , 4, 5, 
18/09/2023, 29, 23, 6, , 3, 4, 
19/09/2023, 31, 21, 3, , 3, 5, 
20/09/2023, 29, 17, 6, , 3, 5, 
21/09/2023, 23, 14, 6, , 3, 4, 
22/09/2023, 21, 24, 8, , 3, 6, 
23/09/2023, 38, 29, 5, , 2, 5, 
24/09/2023, 30, 19, 11, , 2, 5, 
25/09/2023, 37, 34, 9, , 2, 5, 
26/09/2023, 46, 32, 11, , 2, 4, 
27/09/2023, 40, 30, 13, , 3, 4, 
28/09/2023, 53, 39, 10, , 3, 4, 
29/09/2023, 59, 40, 3, , 3, 5, 
30/09/2023, 57, 39, 11, , 3, 6, 
01/10/2023, 58, 35, 12, , 3, 4, 
02/10/2023, 50, 36, 7, , 3, 5, 
03/10/2023, 48, 34, 15, , 3, 5, 
04/10/2023, 54, 35, 14, , 3, 4, 
05/10/2023, 44, 34, 16, , 2, 5, 
06/10/2023, 54, 53, 14, , 9, 6, 
07/10/2023, 80, 50, 14, , 18, 4, 
08/10/2023, 54, 40, 16, , 6, 4, 
09/10/2023, 59, 49, 11, , 10, 5, 
10/10/2023, 67, 48, 13, , 5, 6, 
11/10/2023, 59, 50, 13, , 2, 7, 
12/10/2023, 55, 38, 18, , 5, 4, 
13/10/2023, 49, 40, 13, , 5, 4, 
14/10/2023, 52, 39, 14, , 2, 4, 
15/10/2023, 53, 43, 13, , 4, 4, 
16/10/2023, 53, 38, 16, , 5, 4, 
17/10/2023, 48, 36, 3, , 3, 4, 
18/10/2023, 47, 34, 11, , 2, 4, 
19/10/2023, 38, 30, 9, , 2, 4, 
20/10/2023, 39, 28, 9, , 1, 5, 
21/10/2023, 35, 26, 13, , 1, 4, 
22/10/2023, 33, 28, 10, , 1, 6, 
23/10/2023, 39, 27, 14, , 1, 4, 
24/10/2023, 30, 19, 9, , 1, 4, 
25/10/2023, 27, 27, 12, , 2, 5, 
26/10/2023, 43, 38, 17, , 3, 6, 
27/10/2023, 49, 37, 3, , 3, 4, 
28/10/2023, 40, 32, 22, , 2, 5, 
29/10/2023, 42, 24, 12, , 2, 4, 
30/10/2023, 39, 38, 16, , 4, 5, 
31/10/2023, 55, 35, 12, , 3, 6, 
01/11/2023, 39, 27, 16, , 2, 4, 
02/11/2023, 34, 35, 23, , 4, 4, 
03/11/2023, 60, 49, 12, , 4, 5, 
04/11/2023, 53, 40, 20, , 2, 5, 
05/11/2023, 44, 30, 18, , 2, 4, 
06/11/2023, 44, 29, 19, , 2, 5, 
07/11/2023, 41, 25, 16, , 2, 4, 
08/11/2023, 37, 26, 20, , 1, 5, 
09/11/2023, 46, 20, 21, , 1, 3, 
10/11/2023, 29, 26, 34, , 1, 5, 
11/11/2023, 42, 30, 37, , 2, 4, 
12/11/2023, 63, 33, 33, , 1, 5, 
13/11/2023, 57, 31, 15, , 2, 5, 
14/11/2023, 47, 23, 25, , 2, 5, 
15/11/2023, 34, 17, 22, , 1, 4, 
16/11/2023, 31, 23, 23, , 1, 5, 
17/11/2023, 36, 23, 12, , 1, 4, 
18/11/2023, 36, 19, 15, , 1, 4, 
19/11/2023, 29, 19, 30, , 1, 4, 
20/11/2023, 38, 17, 13, , 2, 4, 
21/11/2023, 25, 17, 16, , 2, 3, 
22/11/2023, 31, 18, 20, , 2, 2, 
23/11/2023, 35, 18, 12, , 1, 2, 
24/11/2023, 20, 15, 6, , 1, 2, 
25/11/2023, 33, 22, 17, , 2, 4, 
26/11/2023, 44, 18, 11, , 2, 2, 
27/11/2023, 34, 23, 11, , 2, 3, 
28/11/2023, 38, 18, 14, , 2, 3, 
29/11/2023, 31, 17, 7, , 3, 4, 
30/11/2023, 28, 12, 7, , 3, 4, 
01/12/2023, 20, 14, 13, , 3, 4, 
02/12/2023, 24, 15, 4, , 3, 4, 
03/12/2023, 35, 19, 6, , 3, 5, 
04/12/2023, 42, 26, 20, , 4, 5, 
05/12/2023, 56, 20, 8, , 2, 4, 
06/12/2023, 22, 13, 11, , 2, 5, 
07/12/2023, 30, 14, 16, , 2, 4, 
08/12/2023, 27, 14, 10, , 1, 4, 
09/12/2023, 19, 15, 12, , 1, 5, 
10/12/2023, 29, 17, 9, , 1, 5, 
11/12/2023, 34, 15, 4, , 1, 5, 
12/12/2023, 29, 14, 7, , 1, 5, 
13/12/2023, 32, 16, 9, , 1, 6, 
14/12/2023, 33, 18, 20, , 1, 8, 
15/12/2023, 45, 20, 11, , 1, 4, 
16/12/2023, 30, 16, 12, , 1, 2, 
17/12/2023, 35, 14, 9, , 1, 2, 
18/12/2023, 27, 17, 7, , 1, 3, 
19/12/2023, 38, 18, 9, , 1, 3, 
20/12/2023, 32, 15, 10, , 1, 4, 
21/12/2023, 21, 12, 17, , 1, 5, 
22/12/2023, 22, 16, 13, , 1, 5, 
23/12/2023, 30, 22, 25, , 2, 6, 
24/12/2023, 41, 17, 13, , 1, 4, 
25/12/2023, 25, 13, 13, , 1, 4, 
26/12/2023, 22, 12, 7, , 1, 4, 
27/12/2023, 22, 16, 6, , 1, 4, 
28/12/2023, 31, 15, 10, , 2, 4, 
29/12/2023, 28, 19, 6, , 1, 4, 
30/12/2023, 41, 18, 6, , 1, 6, 
31/12/2023, 28, 17, 6, , 1, 7, 
01/01/2024, 34, 20, 9, , 1, 6, 
02/01/2024, 25, 19, 7, , 1, 5, 
03/01/2024, 30, 15, 4, , 2, 5, 
04/01/2024, 19, 10, 8, , 1, 5, 
05/01/2024, 20, 16, 6, , 1, 5, 
06/01/2024, 26, 11, 4, , 1, 5, 
07/01/2024, 16, 12, 6, , 1, 6, 
08/01/2024, 27, 15, 6, , 1, 5, 
09/01/2024, 22, 11, 4, , 1, 4, 
10/01/2024, 20, 16, 6, , 2, 4, 
11/01/2024, 45, 22, 4, , 2, 4, 
12/01/2024, 32, 21, 7, , 2, 5, 
13/01/2024, 47, 32, 9, , 2, 5, 
14/01/2024, 43, 24, 7, , 2, 4, 
15/01/2024, 28, 18, 6, , 2, 4, 
16/01/2024, 27, 19, 5, , 1, 4, 
17/01/2024, 33, 20, 5, , 1, 4, 
18/01/2024, 33, 35, 5, , 1, 3, 
19/01/2024, 40, 27, 4, , 1, 2, 
20/01/2024, 38, 18, 12, , 1, 3, 
21/01/2024, 28, 18, 8, , 2, 3, 
22/01/2024, 28, 29, 9, , 1, 4, 
23/01/2024, 25, 33, 5, , 1, 5, 
24/01/2024, 28, 16, 5, , 1, 4, 
25/01/2024, 24, 21, 12, , 1, 4, 
26/01/2024, 32, 28, 13, , 1, 3, 
27/01/2024, 35, 27, 13, , 1, , 
28/01/2024, 36, 31, 13, , 1, , 
29/01/2024, 50, 35, 11, , 1, 4, 
30/01/2024, 44, 32, 11, , 1, 4, 
31/01/2024, 38, 23, 11, , 1, 4, 
01/02/2024, 29, 24, 6, , 1, 5, 
02/02/2024, 41, 26, 9, , 1, 5, 
03/02/2024, 44, 26, 14, , 1, 5, 
04/02/2024, 49, 26, 12, , 1, , 
05/02/2024, 43, 24, 16, , 1, 5, 
06/02/2024, 42, 25, 8, , 2, 4, 
07/02/2024, 35, 20, 12, , 2, 5, 
08/02/2024, 31, 27, 8, , 2, 4, 
09/02/2024, 40, 33, 10, , 2, 4, 
10/02/2024, 47, 30, 12, , 2, 4, 
11/02/2024, 51, 33, 13, , 2, 5, 
12/02/2024, 40, 26, 9, , 2, 5, 
13/02/2024, 43, 29, 8, , 2, 5, 
14/02/2024, 41, 43, 7, , 2, 5, 
15/02/2024, 42, 31, 10, , 3, 5, 
16/02/2024, 48, 30, 9, , , 5, 
17/02/2024, 44, 42, 10, , 3, , 
18/02/2024, 52, 41, 10, , , 4, 
19/02/2024, 39, 24, 12, , 4, 3, 
20/02/2024, 36, 26, 13, , 3, 3, 
21/02/2024, 37, 25, 15, , 3, 2, 
22/02/2024, 38, 24, 10, , 3, 2, 
23/02/2024, 34, 21, 10, , 3, 3, 
24/02/2024, 36, 23, 10, , 3, 3, 
25/02/2024, 39, 38, 8, , 3, , 
26/02/2024, 59, 51, 6, , 3, 3, 
27/02/2024, 53, 31, 11, , 2, 3, 
28/02/2024, 41, 31, 11, , 3, 3, 
29/02/2024, 36, 27, 8, , 3, 3, 
01/03/2024, 31, 24, 7, , 3, 3, 
02/03/2024, 36, 20, 6, , 3, 3, 
03/03/2024, 33, 34, 4, , 3, 4, 
04/03/2024, 58, 30, 3, , 3, 5, 
05/03/2024, 33, 24, 7, , 3, 5, 
06/03/2024, 32, 34, 7, , 3, 7, 
07/03/2024, 48, 29, 5, , 3, 5, 
08/03/2024, 35, 24, 8, , 4, 5, 
09/03/2024, 45, 24, 4, , 3, 4, 
10/03/2024, 45, 35, 7, , 3, 4, 
11/03/2024, 68, 34, 7, , 3, 4, 
12/03/2024, 56, 29, 9, , 3, 5, 
13/03/2024, 53, 31, 13, , 4, 5, 
14/03/2024, 48, 31, 10, , 4, 4, 
15/03/2024, 47, 27, 13, , 4, 3, 
16/03/2024, 44, 30, 11, , , 3, 
17/03/2024, 48, 27, 13, , 4, 3, 
18/03/2024, 38, 25, 9, , 4, 3, 
19/03/2024, 34, 31, 10, , 4, 3, 
20/03/2024, 44, 52, 8, , 4, 4, 
21/03/2024, 54, 34, 12, , 4, , 
22/03/2024, 54, 31, 14, , 4, 3, 
23/03/2024, 52, 32, 10, , 4, 4, 
24/03/2024, 55, 25, 11, , 4, 5, 
25/03/2024, 46, 27, 9, , 3, 4, 
26/03/2024, 43, 25, 9, , 3, 4, 
27/03/2024, 45, 27, 8, , 3, 4, 
28/03/2024, 41, 24, 7, , 3, 4, 
29/03/2024, 25, 15, 8, , 3, 4, 
30/03/2024, 31, 19, 6, , 3, 5, 
31/03/2024, 44, 29, 7, , 4, 5, 
01/04/2024, 49, 28, 22, , 4, 3, 
02/04/2024, 38, 20, 9, , 4, 3, 
03/04/2024, 36, 27, 18, , 4, 6, 
04/04/2024, 60, 41, 21, , 4, 5, 
05/04/2024, 58, 35, 13, , 4, 4, 
06/04/2024, 41, 26, 13, , 4, 3, 
07/04/2024, 45, 23, 8, , 4, 3, 
08/04/2024, 36, 22, 14, , 4, 5, 
09/04/2024, 51, 25, 7, , 5, 4, 
10/04/2024, 41, 16, 7, , 5, 3, 
11/04/2024, 36, 22, 5, , 5, 4, 
12/04/2024, 34, 17, 9, , 5, 4, 
13/04/2024, 38, 33, 10, , 5, 4, 
14/04/2024, 32, 39, 9, , 5, 4, 
15/04/2024, 40, 25, 4, , 5, 4, 
16/04/2024, 31, 26, 5, , 5, 4, 
17/04/2024, 34, 28, 9, , 4, 5, 
18/04/2024, 48, 33, 7, , 3, 5, 
19/04/2024, 58, 30, 10, , 2, 5, 
20/04/2024, 43, 19, 15, , 2, 4, 
21/04/2024, 34, 30, 11, , 2, 7, 
22/04/2024, 62, 43, 12, , 3, 7, 
23/04/2024, 71, 36, 11, , 4, 5, 
24/04/2024, 43, 21, 13, , 4, 4, 
25/04/2024, 33, 36, 9, , 2, 6, 
26/04/2024, 65, 40, 17, , 3, 7, 
27/04/2024, 60, 23, 7, , 3, 4, 
28/04/2024, 34, 17, 5, , 2, 5, 
29/04/2024, 35, 24, 7, , 3, 4, 
30/04/2024, 43, 22, 6, , 5, 4, 
01/05/2024, 37, 17, 5, , 2, 4, 
02/05/2024, 38, 35, 5, , 2, 8, 
03/05/2024, 59, 28, 5, , 2, 6, 
04/05/2024, 35, 13, 7, , 2, 4, 
05/05/2024, 28, 16, 8, , 3, 5, 
06/05/2024, 36, 24, 4, , 4, 6, 
07/05/2024, 50, 36, 10, , 3, 7, 
08/05/2024, 53, 25, 14, , 4, 4, 
09/05/2024, 42, 20, 7, , 4, 3, 
10/05/2024, 40, 30, 9, , 3, 4, 
11/05/2024, 51, 23, 5, , 3, 3, 
12/05/2024, 30, 19, 11, , 3, 3, 
13/05/2024, 48, 21, 14, , 2, 3, 
14/05/2024, 39, 24, 7, , 2, 4, 
15/05/2024, 54, 24, 3, , 3, 3, 
16/05/2024, 48, 22, 7, , 4, 4, 
17/05/2024, 45, 25, 8, , 4, 3, 
18/05/2024, 48, 18, 6, , 4, 2, 
19/05/2024, 29, 12, 2, , 4, 2, 
20/05/2024, 25, 16, 5, , 3, 3, 
21/05/2024, 35, 23, 4, , 4, 4, 
22/05/2024, 44, 20, 8, , 3, 3, 
23/05/2024, 46, 23, 10, , 3, 4, 
24/05/2024, 53, 27, 7, , 4, 4, 
25/05/2024, 48, 19, 10, , 3, 4, 
26/05/2024, 37, 17, 7, , 4, 5, 
27/05/2024, 40, 22, 4, , 4, 3, 
28/05/2024, 51, 31, 7, , 4, 6, 
29/05/2024, 58, 24, 8, , 5, 3, 
30/05/2024, 41, 22, 7, , 5, 3, 
31/05/2024, 52, 23, 5, , 3, 3, 
01/06/2024, 39, 17, 7, , 3, 4, 
02/06/2024, 42, 18, 13, , 3, 5, 
03/06/2024, 44, 22, 11, , 4, 5, 
04/06/2024, 54, 22, 10, , 4, 4, 
05/06/2024, 50, 18, 9, , 4, 3, 
06/06/2024, 39, 21, 7, , 3, 5, 
07/06/2024, 62, 26, 10, , 3, 4, 
08/06/2024, 59, 26, 8, , 3, 4, 
09/06/2024, 53, 18, 7, , 3, 3, 
10/06/2024, 47, 31, 14, , 4, 5, 
11/06/2024, 62, 32, 5, , 4, 6, 
12/06/2024, 68, 27, 11, , 4, 4, 
13/06/2024, 62, 26, 8, , 3, 5, 
14/06/2024, 67, 33, 12, , 3, 6, 
15/06/2024, 69, 22, 12, , 4, 3, 
16/06/2024, 47, 16, 11, , 4, 3, 
17/06/2024, 38, 15, 9, , 3, 4, 
18/06/2024, 43, 23, 7, , 3, 5, 
19/06/2024, 61, 26, 7, , 4, 4, 
20/06/2024, 49, 17, 8, , 4, 3, 
21/06/2024, 34, 14, 6, , 3, 3, 
22/06/2024, 26, 16, 11, , 4, 3, 
23/06/2024, 56, 30, 8, , 5, 4, 
24/06/2024, 62, 28, 7, , 4, 4, 
25/06/2024, 55, 21, 8, , 3, 3, 
26/06/2024, 40, 19, 5, , 3, 6, 
27/06/2024, 50, 22, 4, , 3, 4, 
28/06/2024, 54, 25, 6, , 3, 4, 
29/06/2024, 52, 20, 3, , 3, 3, 
30/06/2024, 35, 17, 6, , 3, 4, 
01/07/2024, 60, 35, 5, , 4, 6, 
02/07/2024, 70, 23, 5, , 4, 3, 
03/07/2024, 52, 21, 8, , 5, 3, 
04/07/2024, 50, 22, 4, , 5, 4, 
05/07/2024, 65, 37, 10, , 4, 4, 
06/07/2024, 67, 22, 7, , 4, 3, 
07/07/2024, 47, 21, 5, , 4, 4, 
08/07/2024, 50, 20, 4, , 5, 4, 
09/07/2024, 48, 17, 5, , 5, 3, 
10/07/2024, 39, 18, 9, , 4, 3, 
11/07/2024, 52, 22, 5, , 7, 3, 
12/07/2024, 54, 26, 13, , 5, 4, 
13/07/2024, 68, 34, 13, , 5, 3, 
14/07/2024, 75, 35, 13, , 6, 3, 
15/07/2024, 76, 32, 12, , , 3, 
16/07/2024, 68, 33, 9, , 6, 3, 
17/07/2024, 67, 32, 9, , 6, 4, 
18/07/2024, 65, 31, 9, , 5, 2, 
19/07/2024, 60, 31, 10, , 5, 2, 
20/07/2024, 58, 30, 10, , 6, 3, 
21/07/2024, 59, 32, 12, , 6, 3, 
22/07/2024, 74, 43, 13, , 5, 3, 
23/07/2024, 90, 47, 12, , 5, 3, 
24/07/2024, 89, 41, 13, , 4, 3, 
25/07/2024, 81, 45, 12, , 5, 4, 
26/07/2024, 94, 37, 11, , 5, 3, 
27/07/2024, 71, 32, 11, , 5, 3, 
28/07/2024, 64, 30, 9, , 4, 3, 
29/07/2024, 63, 33, 9, , 4, 3, 
30/07/2024, 67, 30, 7, , 4, 3, 
31/07/2024, 58, 25, 7, , 4, 4, 
01/08/2024, 48, 22, 7, , 4, 4, 
02/08/2024, 51, 21, 7, , 4, 4, 
03/08/2024, 43, 18, 4, , 4, 4, 
04/08/2024, 35, 20, 7, , 4, 6, 
05/08/2024, 62, 29, 9, , 5, 5, 
06/08/2024, 61, 28, 10, , 5, 4, 
07/08/2024, 55, 26, 9, , 4, 4, 
08/08/2024, 45, 18, 5, , 4, 3, 
09/08/2024, 31, 19, 4, , 4, 5, 
10/08/2024, 54, 25, 8, , 5, 4, 
11/08/2024, 53, 25, 6, , 5, 5, 
12/08/2024, 56, 33, 11, , 5, 8, 
13/08/2024, 56, 32, 6, , 4, 6, 
14/08/2024, 53, 28, 8, , 5, 7, 
15/08/2024, 64, 26, 6, , 5, 6, 
16/08/2024, 53, 24, 7, , 5, 5, 
17/08/2024, 48, 25, 10, , 5, 5, 
18/08/2024, 54, 23, 9, , 6, 5, 
19/08/2024, 48, 25, 4, , 2, 3, 
20/08/2024, 50, 20, 8, , 2, 4, 
21/08/2024, 51, 25, 8, , 4, 3, 
22/08/2024, 61, 25, 6, , 4, 3, 
23/08/2024, 46, 18, 6, , 2, 3, 
24/08/2024, 43, 19, 7, , 2, 3, 
25/08/2024, 58, 31, 8, , 4, 5, 
26/08/2024, 78, 34, 4, , 3, 4, 
27/08/2024, 73, 25, 4, , 2, 3, 
28/08/2024, 40, 24, 8, , 3, 4, 
29/08/2024, 68, 31, 7, , 3, 3, 
30/08/2024, 65, 31, 8, , 3, 3, 
31/08/2024, 65, 37, 9, , 3, 5, 
01/09/2024, 74, 30, 8, , 3, 3, 
02/09/2024, 68, 31, 8, , 3, 4, 
03/09/2024, 65, 33, 5, , 2, 5, 
04/09/2024, 70, 32, 8, , 2, 4, 
05/09/2024, 81, 36, 6, , 4, 4, 
06/09/2024, 74, 31, 6, , 3, 3, 
07/09/2024, 54, 33, 6, , 3, 3, 
08/09/2024, 56, 22, 5, , 3, 4, 
09/09/2024, 50, 16, 6, , 3, 3, 
10/09/2024, 33, 15, 6, , 3, 4, 
11/09/2024, 41, 19, 8, , 3, 4, 
12/09/2024, 40, 15, 8, , 3, 4, 
13/09/2024, 46, 21, 10, , 4, 4, 
14/09/2024, 49, 28, 7, , 4, 5, 
15/09/2024, 67, 27, 8, , 4, 5, 
16/09/2024, 67, 26, 6, , 3, 7, 
17/09/2024, 54, 19, 6, , 4, 3, 
18/09/2024, 31, 25, 10, , 4, 2, 
19/09/2024, 72, 37, 10, , 4, 3, 
20/09/2024, 74, 29, 7, , 5, 4, 
21/09/2024, 59, 35, 12, , 5, 4, 
22/09/2024, 78, 32, 7, , 4, 3, 
23/09/2024, 70, 26, 7, , 3, 4, 
24/09/2024, 51, 23, 4, , 3, 6, 
25/09/2024, 57, 23, 4, , 3, 6, 
26/09/2024, 42, 23, 10, , 4, 7, 
27/09/2024, 53, 23, 6, , 5, 6, 
28/09/2024, 54, 21, 8, , 4, 6, 
29/09/2024, 52, 19, 4, , 4, 5, 
30/09/2024, 50, 24, 2, , 4, 6, 
01/10/2024, 51, 21, 6, , 5, 5, 
02/10/2024, 57, 22, 6, , 5, 5, 
03/10/2024, 52, 25, 7, , 4, 6, 
04/10/2024, 65, 23, 7, , 4, 5, 
05/10/2024, 48, 16, 5, , 3, 4, 
06/10/2024, 39, 18, 7, , 4, 4, 
07/10/2024, 54, 22, 7, , 5, 2, 
08/10/2024, 58, 25, 6, , 5, 3, 
09/10/2024, 55, 24, 5, , 5, 3, 
10/10/2024, 60, 28, 3, , 4, 5, 
11/10/2024, 63, 31, 3, , 4, 5, 
12/10/2024, 61, 28, 6, , 4, 4, 
13/10/2024, 41, 18, 4, , 4, 2, 
14/10/2024, 26, 14, 5, , 4, 3, 
15/10/2024, 36, 14, 5, , 4, 3, 
16/10/2024, 42, 28, 2, , 4, 7, 
17/10/2024, 75, 33, 10, , 4, 7, 
18/10/2024, 69, 40, 10, , 4, 9, 
19/10/2024, 96, 33, 7, , 4, 7, 
20/10/2024, 46, 30, 12, , 4, 8, 
21/10/2024, 76, 33, 12, , 8, 4, 
22/10/2024, 69, 36, 8, , 10, 4, 
23/10/2024, 66, 38, 13, , 5, 5, 
24/10/2024, 90, 42, 7, , 4, 6, 
25/10/2024, 72, 25, 8, , 5, 4, 
26/10/2024, 56, 24, 7, , 6, 4, 
27/10/2024, 53, 22, 7, , 6, 4, 
28/10/2024, 53, 39, 12, , 3, 6, 
29/10/2024, 85, 38, 10, , 3, 6, 
30/10/2024, 63, 37, 13, , 4, 6, 
31/10/2024, 87, 29, 8, , 3, 5, 
01/11/2024, 49, 29, 5, , 3, 7, 
02/11/2024, 62, 19, 8, , 3, 5, 
03/11/2024, 44, 25, 5, , 2, 7, 
04/11/2024, 57, 27, 6, , 3, 8, 
05/11/2024, 63, 25, 7, , 3, 6, 
06/11/2024, 53, 18, 7, , 3, 5, 
07/11/2024, 51, 23, 4, , 4, 4, 
08/11/2024, 46, 19, 4, , 4, 7, 
09/11/2024, 58, 25, 10, , 2, 8, 
10/11/2024, 44, 17, 5, , 2, 9, 
11/11/2024, 56, 30, 7, , 2, 5, 
12/11/2024, 59, 25, 4, , 2, 6, 
13/11/2024, 57, 23, 5, , 2, 5, 
14/11/2024, 50, 20, 9, , 2, 5, 
15/11/2024, 49, 22, 11, , 2, 4, 
16/11/2024, 47, 18, 6, , 2, 4, 
17/11/2024, 40, 12, 4, , 2, 4, 
18/11/2024, 25, 12, 4, , 2, 6, 
19/11/2024, 31, 15, 3, , 2, 4, 
20/11/2024, 37, 15, 11, , 2, 4, 
21/11/2024, 37, 16, 5, , 2, 5, 
22/11/2024, 32, 12, 10, , 2, 3, 
23/11/2024, 31, 16, 7, , 2, 4, 
24/11/2024, 34, 15, 4, , 2, 5, 
25/11/2024, 43, 18, 5, , 2, 5, 
26/11/2024, 41, 17, 4, , 2, 5, 
27/11/2024, 44, 19, 2, , 2, 5, 
28/11/2024, 43, 18, 3, , 2, 5, 
29/11/2024, 31, 14, 28, , 2, 4, 
30/11/2024, 37, 17, 22, , 3, 4, 
01/12/2024, 30, 14, 13, , 3, 4, 
02/12/2024, 35, 18, 7, , 3, 5, 
03/12/2024, 43, 21, 5, , 3, 5, 
04/12/2024, 48, 17, 5, , 3, 4, 
05/12/2024, 40, 22, 7, , 4, 4, 
06/12/2024, 52, 24, 9, , 4, 4, 
07/12/2024, 43, 18, 5, , 3, 4, 
08/12/2024, 31, 11, 5, , 3, 3, 
09/12/2024, 21, 10, 5, , 3, 4, 
10/12/2024, 24, 15, 19, , 3, 5, 
11/12/2024, 45, 24, 15, , 3, 4, 
12/12/2024, 48, 24, 5, , 2, 5, 
13/12/2024, 41, 18, 5, , 2, 5, 
14/12/2024, 47, 21, 30, , 2, 5, 
15/12/2024, 56, 20, 14, , 2, 5, 
16/12/2024, 43, 16, 2, , 2, 3, 
17/12/2024, 23, 14, 5, , 2, 3, 
18/12/2024, 26, 15, 6, , 2, 3, 
19/12/2024, 36, 24, 6, , 2, 5, 
20/12/2024, 35, 27, 8, , 2, 6, 
21/12/2024, 52, 30, 10, , 2, 6, 
22/12/2024, 53, 31, 9, , 2, 6, 
23/12/2024, 56, 22, 7, , 2, 7, 
24/12/2024, 42, 23, 9, , 1, 7, 
25/12/2024, 55, 22, 9, , 1, 7, 
26/12/2024, 59, 26, 9, , 2, 7, 
27/12/2024, 58, 20, 10, , 2, 6, 
28/12/2024, 44, 16, 7, , 2, 5, 
29/12/2024, 28, , , , , , 
31/12/2024, , 21, 8, , 2, 4, 
01/01/2025, 36, 21, 9, , 3, 5, 
02/01/2025, 57, 24, 9, , 3, 5, 
03/01/2025, 57, 24, 9, , 3, 6, 
04/01/2025, 45, 20, 9, , 3, 5, 
05/01/2025, 38, 20, 11, , 3, 5, 
06/01/2025, 37, 26, 7, , 3, 5, 
07/01/2025, 49, 23, 10, , 2, 4, 
08/01/2025, 42, 26, 11, , 2, 5, 
09/01/2025, 54, 31, 10, , 4, 5, 
10/01/2025, 53, 12, 15, , 4, 4, 
11/01/2025, 25, 16, 19, , 2, 3, 
12/01/2025, 47, 17, 16, , 2, 5, 
13/01/2025, 39, 18, 7, , 5, 5, 
14/01/2025, 50, 29, 9, , 2, 6, 
15/01/2025, 85, 28, 16, , 2, 6, 
16/01/2025, 36, 17, 17, , 2, 5, 
17/01/2025, 26, 15, 15, , 2, 5, 
18/01/2025, 27, 14, 11, , 2, 5, 
19/01/2025, 29, 17, 13, , 2, 5, 
20/01/2025, 36, 17, 9, , 2, 3, 
21/01/2025, 35, 21, 10, , 2, 4, 
22/01/2025, 62, 24, 7, , 2, 5, 
23/01/2025, 45, 15, 3, , 2, 4, 
24/01/2025, 36, 15, 7, , 2, 4, 
25/01/2025, 35, 16, 10, , 2, 3, 
26/01/2025, 34, 14, 7, , 2, 2, 
27/01/2025, 25, 20, 17, , 2, 2, 
28/01/2025, 50, 32, 20, , 2, 5, 
29/01/2025, 57, 23, 19, , 3, 5, 
30/01/2025, 45, 21, 15, , 3, 4, 
31/01/2025, 44, 20, 15, , 3, 3, 
01/02/2025, 48, 22, 20, , 4, 4, 
02/02/2025, 54, 22, 20, , 4, 4, 
03/02/2025, 65, 22, 13, , 4, 3, 
04/02/2025, 40, 13, 9, , 7, 3, 
05/02/2025, 31, 27, 21, , 1, 4, 
06/02/2025, 77, 26, 15, , 1, 5, 
07/02/2025, 49, 19, 15, , 1, 4, 
08/02/2025, 43, 18, 18, , 1, 4, 
09/02/2025, 40, 23, 17, , 1, 4, 
10/02/2025, 43, 17, 16, , 1, 4, 
11/02/2025, 32, 17, 23, , 1, 4, 
12/02/2025, 47, 22, 27, , 1, 5, 
13/02/2025, 54, 17, 22, , 1, 4, 
14/02/2025, 39, 16, 19, , 1, 4, 
15/02/2025, 45, 17, 21, , 1, 5, 
16/02/2025, 44, 17, 12, , 1, 5, 
17/02/2025, 46, 13, 7, , 1, 4, 
18/02/2025, 28, 16, 7, , 1, 4, 
19/02/2025, 46, 19, 10, , 1, 4, 
20/02/2025, 45, 19, 12, , 1, 4, 
21/02/2025, 44, 18, 10, , 1, 4, 
22/02/2025, 38, 16, 7, , 1, 4, 
23/02/2025, 36, 14, 11, , 1, 4, 
24/02/2025, 32, 13, 6, , 1, 2, 
25/02/2025, 33, 19, 10, , 1, 2, 
26/02/2025, 46, 20, 13, , 1, 2, 
27/02/2025, 37, 20, 12, , 1, 2, 
28/02/2025, 40, 22, 14, , 1, 2, 
01/03/2025, 42, 19, 13, , 1, 2, 
02/03/2025, 37, 18, 24, , 1, 3, 
03/03/2025, 53, 26, 15, , 2, 4, 
04/03/2025, 52, 23, 9, , 2, 5, 
05/03/2025, 61, 22, 6, , 3, 3, 
06/03/2025, 33, 14, 26, , 3, 3, 
07/03/2025, 51, 21, 15, , 2, 2, 
08/03/2025, 46, 18, 8, , 2, 2, 
09/03/2025, 38, 16, 8, , 2, 3, 
10/03/2025, 38, 15, 14, , 2, 3, 
11/03/2025, 32, 14, 8, , 2, 5, 
12/03/2025, 33, 15, 13, , 1, 5, 
13/03/2025, 38, 14, 10, , 1, 2, 
14/03/2025, 28, 16, 10, , 1, 3, 
15/03/2025, 39, 17, 13, , 1, 3, 
16/03/2025, 35, 14, 8, , 1, 2, 
17/03/2025, 34, 18, 11, , 1, 3, 
18/03/2025, 42, 25, 8, , 1, 3, 
19/03/2025, 39, 13, 10, , 1, 3, 
20/03/2025, 24, 14, 13, , 1, 4, 
21/03/2025, 49, 24, 15, , 1, 6, 
22/03/2025, 50, 17, 14, , 1, 5, 
23/03/2025, 27, 15, 9, , 1, 6, 
24/03/2025, 41, 29, 19, , 2, 7, 
25/03/2025, 63, 46, 18, , 2, 8, 
26/03/2025, 85, 41, 20, , 2, 5, 
27/03/2025, 70, 27, 12, , 2, 5, 
28/03/2025, 53, 29, 18, , 2, 5, 
29/03/2025, 79, 29, 17, , 2, 5, 
30/03/2025, 73, 34, 11, , 2, 5, 
31/03/2025, 79, 26, 11, , 2, 4, 
01/04/2025, 65, 21, 10, , 2, 2, 
02/04/2025, 41, 14, 14, , 2, 2, 
03/04/2025, 33, 17, 6, , 2, 4, 
04/04/2025, 45, 17, 16, , 2, 3, 
05/04/2025, 44, 17, 13, , 2, 4, 
06/04/2025, 42, 12, 6, , 1, 3, 
07/04/2025, 26, 15, 8, , 1, 4, 
08/04/2025, 49, 19, 8, , 1, 5, 
09/04/2025, 40, 21, 11, , 3, 4, 
10/04/2025, 58, 30, 9, , 4, 2, 
11/04/2025, 46, 18, 15, , 4, 5, 
12/04/2025, 38, 17, 8, , 4, 5, 
13/04/2025, 26, 15, 15, , 4, 6, 
14/04/2025, 40, 17, 10, , 4, 6, 
15/04/2025, 38, 17, 14, , 4, 6, 
16/04/2025, 44, 19, 14, , 2, 3, 
17/04/2025, 31, 19, 24, , 1, 2, 
18/04/2025, 48, 20, 9, , 1, 2, 
19/04/2025, 38, 18, 13, , 1, 3, 
20/04/2025, 29, 16, 11, , 1, 3, 
21/04/2025, 40, 23, 17, , 2, 5, 
22/04/2025, 57, 25, 8, , 2, 4, 
23/04/2025, 46, 23, 15, , 2, 4, 
24/04/2025, 55, 30, 19, , 2, 4, 
25/04/2025, 72, 28, 7, , 3, 3, 
26/04/2025, 50, 29, 19, , 1, 5, 
27/04/2025, 61, 26, 12, , 2, 5, 
28/04/2025, 53, 20, 17, , 1, 4, 
29/04/2025, 47, 24, 12, , 2, 4, 
30/04/2025, 46, 18, 12, , 2, 3, 
01/05/2025, 44, 24, 14, , 1, 4, 
02/05/2025, 59, 27, 14, , 1, 4, 
03/05/2025, 43, 13, 8, , 1, 3, 
04/05/2025, 25, 14, 6, , 2, 4, 
05/05/2025, 36, 18, 10, , 2, 3, 
06/05/2025, 40, 24, 13, , 3, 4, 
07/05/2025, 65, 32, 10, , 4, 5, 
08/05/2025, 69, 32, 6, , 3, 5, 
09/05/2025, 52, 25, 11, , 3, 4, 
10/05/2025, 63, 27, 16, , 2, 3, 
11/05/2025, 40, 21, 12, , 2, 2, 
12/05/2025, 50, 31, 8, , 2, 2, 
13/05/2025, 73, 32, 8, , 2, 4, 
14/05/2025, 53, 32, 9, , 3, 5, 
15/05/2025, 71, 30, 10, , 4, 4, 
16/05/2025, 53, 23, 12, , 4, 3, 
17/05/2025, 54, 18, 3, , 1, 2, 
18/05/2025, 33, 16, 2, , 2, 3, 
19/05/2025, 44, 24, 10, , 2, 3, 
20/05/2025, 56, 25, 10, , 1, 3, 
21/05/2025, 52, 28, 12, , 1, 3, 
22/05/2025, 63, 33, 9, , 1, 2, 
23/05/2025, 50, 23, 7, , 2, 3, 
24/05/2025, 47, 22, 20, , 3, 6, 
25/05/2025, 49, 25, 16, , 1, 7, 
26/05/2025, 38, 23, 19, , 2, 5, 
27/05/2025, 58, 28, 24, , 5, 2, 
28/05/2025, 66, 27, 10, , 5, 2, 
29/05/2025, 52, 32, 10, , 2, 4, 
30/05/2025, 63, 28, 9, , 2, 2, 
31/05/2025, 56, 23, 14, , 4, 2, 
01/06/2025, 44, 19, 8, , 5, 2, 
02/06/2025, 45, 26, 2, , 8, 3, 
03/06/2025, 62, 39, 8, , 3, 5, 
04/06/2025, 73, 42, 7, , 2, 4, 
05/06/2025, 75, 30, 5, , 2, 3, 
06/06/2025, 48, 16, 12, , 1, 2, 
07/06/2025, 51, 19, 10, , 2, 2, 
08/06/2025, 52, 22, 10, , 2, 3, 
09/06/2025, 53, 20, 7, , 2, 3, 
10/06/2025, 35, 15, 9, , 2, 3, 
11/06/2025, 45, 27, 12, , 7, 3, 
12/06/2025, 68, 25, 9, , 8, 3, 
13/06/2025, 49, 20, 9, , 5, 3, 
14/06/2025, 39, 15, 11, , 3, 2, 
15/06/2025, 31, 16, 10, , 4, 2, 
16/06/2025, 45, 19, 11, , 2, 3, 
17/06/2025, 46, 15, 8, , 1, 2, 
18/06/2025, 37, 18, 13, , 1, 2, 
19/06/2025, 46, 33, 10, , 3, 4, 
20/06/2025, 70, 34, 16, , 2, 3, 
21/06/2025, 71, 27, 17, , 2, 3, 
22/06/2025, 58, 26, 7, , 2, 3, 
23/06/2025, 57, 24, 12, , 3, 3, 
24/06/2025, 53, 20, 10, , 10, 3, 
25/06/2025, 48, 21, 9, , 10, 3, 
26/06/2025, 56, 30, 13, , 8, 3, 
27/06/2025, 80, 40, 7, , 6, 3, 
28/06/2025, 75, 27, 11, , 5, 3, 
29/06/2025, 42, 22, 12, , 3, 4, 
30/06/2025, 61, 26, 14, , 2, 3, 
01/07/2025, 58, 22, 4, , 2, 3, 
02/07/2025, 50, 35, 11, , 3, 4, 
03/07/2025, 70, 33, 10, , 6, 3, 
04/07/2025, 67, 26, 11, , 4, 4, 
05/07/2025, 60, 26, 13, , 3, 2, 
06/07/2025, 55, 23, 9, , 8, 2, 
07/07/2025, 53, 26, 8, , 16, 2, 
08/07/2025, 53, 21, 11, , 7, 2, 
09/07/2025, 47, 23, 10, , 3, 3, 
10/07/2025, 53, 27, 11, , 4, 4, 
11/07/2025, 56, 27, 8, , 14, 4, 
12/07/2025, 55, 26, 13, , 14, 4, 
13/07/2025, 54, 21, 9, , 6, 3, 
14/07/2025, 59, 27, 6, , 11, 2, 
15/07/2025, 66, 33, 10, , 44, 2, 
16/07/2025, 70, 29, 9, , 6, 2, 
17/07/2025, 58, 30, 12, , 3, 2, 
18/07/2025, 63, 36, 12, , 4, 2, 
19/07/2025, 70, 36, 13, , 5, 2, 
20/07/2025, 70, 32, 9, , 6, 3, 
21/07/2025, 69, 36, 10, , 9, 2, 
22/07/2025, 77, 38, 13, , 7, 3, 
23/07/2025, 83, 37, 11, , 8, 2, 
24/07/2025, 73, 35, 11, , 10, 2, 
25/07/2025, 66, 32, 8, , 4, 3, 
26/07/2025, 54, 22, 15, , 7, 2, 
27/07/2025, 51, 26, 10, , 7, 2, 
28/07/2025, 54, 27, 10, , 7, 3, 
29/07/2025, 64, 34, 10, , 6, 2, 
30/07/2025, 70, 35, 9, , 9, 2, 
31/07/2025, 61, 29, 8, , 8, 2, 
01/08/2025, 60, 26, 9, , 7, 2, 
02/08/2025, 49, 20, 5, , 6, 3, 
03/08/2025, 54, 24, 3, , 6, 3, 
04/08/2025, 60, 22, 10, , 7, 4, 
05/08/2025, 40, 19, 8, , 9, 1, 
06/08/2025, 42, 25, 11, , 8, 1, 
07/08/2025, 73, 38, 11, , 5, 2, 
08/08/2025, 79, 35, 10, , 3, 3, 
09/08/2025, 71, 37, 7, , 3, 4, 
10/08/2025, 77, 31, 3, , 2, 2, 
11/08/2025, 64, 26, 9, , 3, 2, 
12/08/2025, 58, 21, 6, , 5, 2, 
13/08/2025, 42, 18, 8, , 5, 2, 
14/08/2025, 40, 17, 5, , 10, 2, 
15/08/2025, 43, 23, 9, , 6, 2, 
16/08/2025, 64, 27, 12, , 6, 2, 
17/08/2025, 57, 25, 3, , 5, 3, 
18/08/2025, 60, 31, 5, , 3, 4, 
19/08/2025, 56, 21, 2, , 3, 3, 
20/08/2025, 51, 29, 7, , 3, 3, 
21/08/2025, 59, 44, 13, , 4, 5, 
22/08/2025, 80, 38, 15, , 4, 3, 
23/08/2025, 59, 44, 6, , 3, 5, 
24/08/2025, 73, 27, 9, , 6, 2, 
25/08/2025, 47, 26, 11, , 9, 3, 
26/08/2025, 60, 38, 13, , 9, 3, 
27/08/2025, 79, 36, 7, , 8, 3, 
28/08/2025, 56, 28, 16, , 3, 2, 
29/08/2025, 69, 32, 5, , 3, 2, 
30/08/2025, 52, 17, 11, , 3, 2, 
31/08/2025, 55, 22, 2, , 3, 2, 
01/09/2025, 48, 17, 2, , 4, 2, 
02/09/2025, 41, 15, 8, , 5, 1, 
03/09/2025, 37, 20, 4, , 4, 2, 
04/09/2025, 42, 16, 6, , 3, 2, 
05/09/2025, 33, 15, 8, , 4, 1, 
06/09/2025, 48, 22, 6, , 7, 2, 
07/09/2025, 50, 18, 8, , 6, 3, 
08/09/2025, 56, 20, 3, , 8, 2, 
09/09/2025, 40, 16, 6, , 3, 5, 
10/09/2025, 53, 18, 5, , 3, 4, 
11/09/2025, 50, 15, 11, , 2, 2, 
12/09/2025, 40, 20, 4, , 3, 2, 
13/09/2025, 45, 18, 11, , 3, 2, 
14/09/2025, 56, 22, 2, , 4, 2, 
15/09/2025, 57, 27, 6, , 4, 4, 
16/09/2025, 62, 18, 3, , 4, 2, 
17/09/2025, 32, 19, 8, , 3, 2, 
18/09/2025, 56, 24, 6, , 4, 2, 
19/09/2025, 51, 28, 10, , 4, 4, 
20/09/2025, 61, 21, 7, , 4, 3, 
21/09/2025, 43, 14, 7, , 4, 2, 
22/09/2025, 41, 25, 7, , 3, 5, 
23/09/2025, 57, 27, 9, , 2, 2, 
24/09/2025, 55, 22, 12, , 2, 2, 
25/09/2025, 54, 33, 14, , 2, 3, 
26/09/2025, 83, 38, 10, , 3, 3, 
27/09/2025, 73, 32, 11, , 2, 3, 
28/09/2025, 73, 18, 8, , 3, 3, 
29/09/2025, 27, 14, 7, , 4, 3, 
30/09/2025, 45, 20, 6, , 1, 4, 
01/10/2025, 42, 19, 10, , 2, 4, 
02/10/2025, 49, 21, 7, , 3, 2, 
03/10/2025, 44, 14, 8, , 4, 1, 
04/10/2025, 30, 18, 14, , 3, 3, 
05/10/2025, 58, 24, 6, , 3, 5, 
06/10/2025, 62, 25, 10, , 3, 2, 
07/10/2025, 59, 22, 10, , 3, 2, 
08/10/2025, 50, 21, 5, , 3, 2, 
09/10/2025, 49, 16, 11, , 3, 2, 
10/10/2025, 35, 15, 10, , 3, 2, 
11/10/2025, 51, 20, 12, , 3, 3, 
12/10/2025, 50, 18, 8, , 2, 4, 
13/10/2025, 53, 24, 5, , 3, 3, 
14/10/2025, 59, 27, 5, , 2, 4, 
15/10/2025, 55, 20, 10, , 2, 3, 
16/10/2025, 46, 24, 14, , 2, 4, 
17/10/2025, 59, 20, 8, , 3, 2, 
18/10/2025, 43, 18, 8, , 2, 1, 
19/10/2025, 37, 11, 17, , 2, 2, 
20/10/2025, 27, 17, 11, , 2, 4, 
21/10/2025, 54, 18, 9, , 2, 3, 
22/10/2025, 26, 12, 10, , 2, , 
23/10/2025, 23, 17, 15, , 2, 4, 
24/10/2025, 28, 19, 9, , 2, 5, 
25/10/2025, 27, 14, 13, , 3, 10, 
26/10/2025, 39, 18, 8, , 3, 5, 
27/10/2025, 51, 23, 14, , 2, 4, 
28/10/2025, 64, 24, 13, , 3, 4, 
29/10/2025, 55, 23, 13, , 3, 4, 
30/10/2025, 59, 26, 19, , 3, 6, 
31/10/2025, 72, 27, 15, , 4, 4, 
01/11/2025, 58, 21, 12, , 3, 4, 
02/11/2025, 55, 18, 9, , 2, 6, 
03/11/2025, 44, 20, 17, , 2, 5, 
04/11/2025, 62, 22, 11, , 3, 4, 
05/11/2025, 55, 21, 9, , 2, 5, 
06/11/2025, 50, 18, 9, , 2, 4, 
07/11/2025, 47, 21, 14, , 3, 2, 
08/11/2025, 62, 24, 17, , 3, 2, 
09/11/2025, 66, 23, 11, , 2, 3, 
10/11/2025, 43, 18, 15, , 2, 2, 
11/11/2025, 62, 22, 11, , 4, 4, 
12/11/2025, 52, 27, 7, , 17, 6, 
13/11/2025, 66, 23, 9, , 4, 4, 
14/11/2025, 45, 16, 14, , 1, 3, 
15/11/2025, 37, 16, 12, , 2, 3, 
16/11/2025, 35, 13, 11, , 2, 3, 
17/11/2025, 39, 16, 14, , 2, 4, 
18/11/2025, 48, 21, 14, , 2, 3, 
19/11/2025, 45, 15, 12, , 2, 2, 
20/11/2025, 30, 15, 9, , 2, 4, 
21/11/2025, 36, 14, 12, , 2, 2, 
22/11/2025, 28, 10, 11, , 2, 2, 
23/11/2025, 19, 10, 7, , 2, 2, 
24/11/2025, 28, 12, 6, , 3, 2, 
25/11/2025, 23, 16, 6, , 3, 3, 
26/11/2025, 42, 18, 5, , 3, 3, 
27/11/2025, 39, 12, 9, , 3, 3, 
28/11/2025, 24, 11, 14, , 3, 2, 
29/11/2025, 30, 17, 23, , 3, 2, 
30/11/2025, 60, 24, 16, , 4, 2, 
01/12/2025, 67, 23, 7, , 3, 2, 
02/12/2025, 42, 19, 14, , 3, 3, 
03/12/2025, 60, 21, 10, , 3, 2, 
04/12/2025, 45, 14, 14, , 2, 3, 
05/12/2025, 35, 15, 11, , 2, 2, 
06/12/2025, 32, 16, 9, , 2, 1, 
07/12/2025, 42, 21, 14, , 2, 2, 
08/12/2025, 43, 25, 14, , 3, 4, 
09/12/2025, 49, 20, 10, , 3, 4, 
10/12/2025, 31, 17, 12, , 3, 6, 
11/12/2025, 51, 22, 15, , 4, 6, 
12/12/2025, 55, 16, 8, , 4, 5, 
13/12/2025, 29, 13, 8, , 4, 5, 
14/12/2025, 25, 11, 4, , 3, 5, 
15/12/2025, 21, , , , , , 
06/03/2026,53,17,8,,3,2,
07/03/2026,34,18,7,,3,3,
09/03/2026,65,22,6,,3,3,
10/03/2026,38,24,15,,3,3,
11/03/2026,70,22,15,,3,2,
12/03/2026,30,23,12,,3,2,
27/03/2026,57,22,11,,2,3,
2026/03/27,59,23,12,,2,3,
2026/03/27,59,23,12,,2,3,
2026/03/27,59,23,12,,2,3,
2026/03/27,59,23,12,,2,3,
2026/03/27,59,23,12,,2,3,
2026/03/27,59,23,12,,2,3,
